# Dreamcast CodeView corpus - DC offsets, reference evidence (see README.md).
module,processor,version
zutil.obj,SH3,Microsoft (R) 32-bit C/C++ Optimizing Compiler Version MJ.MN.XXXX
winmgr.obj,SH3,Microsoft (R) 32-bit C/C++ Optimizing Compiler Version MJ.MN.XXXX
wingraph.obj,SH3,Microsoft (R) 32-bit C/C++ Optimizing Compiler Version MJ.MN.XXXX
winfile.obj,SH3,Microsoft (R) 32-bit C/C++ Optimizing Compiler Version MJ.MN.XXXX
window.obj,SH3,Microsoft (R) 32-bit C/C++ Optimizing Compiler Version MJ.MN.XXXX
widget.obj,SH3,Microsoft (R) 32-bit C/C++ Optimizing Compiler Version MJ.MN.XXXX
viewwrld.obj,SH3,Microsoft (R) 32-bit C/C++ Optimizing Compiler Version MJ.MN.XXXX
viewarmywindow.obj,SH3,Microsoft (R) 32-bit C/C++ Optimizing Compiler Version MJ.MN.XXXX
victorylossconditions.obj,SH3,Microsoft (R) 32-bit C/C++ Optimizing Compiler Version MJ.MN.XXXX
university_window.obj,SH3,Microsoft (R) 32-bit C/C++ Optimizing Compiler Version MJ.MN.XXXX
uncompr.obj,SH3,Microsoft (R) 32-bit C/C++ Optimizing Compiler Version MJ.MN.XXXX
u2dvers.obj,SH3,Microsoft (R) 32-bit C/C++ Optimizing Compiler Version MJ.MN.XXXX
trees.obj,SH3,Microsoft (R) 32-bit C/C++ Optimizing Compiler Version MJ.MN.XXXX
tradpost.obj,SH3,Microsoft (R) 32-bit C/C++ Optimizing Compiler Version MJ.MN.XXXX
townmgr.obj,SH3,Microsoft (R) 32-bit C/C++ Optimizing Compiler Version MJ.MN.XXXX
towngatewindow.obj,SH3,Microsoft (R) 32-bit C/C++ Optimizing Compiler Version MJ.MN.XXXX
town.obj,SH3,Microsoft (R) 32-bit C/C++ Optimizing Compiler Version MJ.MN.XXXX
textwdgt.obj,SH3,Microsoft (R) 32-bit C/C++ Optimizing Compiler Version MJ.MN.XXXX
textresource.obj,SH3,Microsoft (R) 32-bit C/C++ Optimizing Compiler Version MJ.MN.XXXX
textntry.obj,SH3,Microsoft (R) 32-bit C/C++ Optimizing Compiler Version MJ.MN.XXXX
text.obj,SH3,Microsoft (R) 32-bit C/C++ Optimizing Compiler Version MJ.MN.XXXX
systemoptionswindow.obj,SH3,Microsoft (R) 32-bit C/C++ Optimizing Compiler Version MJ.MN.XXXX
swapmgr.obj,SH3,Microsoft (R) 32-bit C/C++ Optimizing Compiler Version MJ.MN.XXXX
subwindow.obj,SH3,Microsoft (R) 32-bit C/C++ Optimizing Compiler Version MJ.MN.XXXX
strip.obj,SH3,Microsoft (R) 32-bit C/C++ Optimizing Compiler Version MJ.MN.XXXX
spells.obj,SH3,Microsoft (R) 32-bit C/C++ Optimizing Compiler Version MJ.MN.XXXX
spelldefs.obj,SH3,Microsoft (R) 32-bit C/C++ Optimizing Compiler Version MJ.MN.XXXX
spellbookwindow.obj,SH3,Microsoft (R) 32-bit C/C++ Optimizing Compiler Version MJ.MN.XXXX
soundmgr.obj,SH3,Microsoft (R) 32-bit C/C++ Optimizing Compiler Version MJ.MN.XXXX
smackmgr.obj,SH3,Microsoft (R) 32-bit C/C++ Optimizing Compiler Version MJ.MN.XXXX
slider.obj,SH3,Microsoft (R) 32-bit C/C++ Optimizing Compiler Version MJ.MN.XXXX
singleselectionwindow.obj,SH3,Microsoft (R) 32-bit C/C++ Optimizing Compiler Version MJ.MN.XXXX
singleselectionpopups.obj,SH3,Microsoft (R) 32-bit C/C++ Optimizing Compiler Version MJ.MN.XXXX
seerhut.obj,SH3,Microsoft (R) 32-bit C/C++ Optimizing Compiler Version MJ.MN.XXXX
search.obj,SH3,Microsoft (R) 32-bit C/C++ Optimizing Compiler Version MJ.MN.XXXX
scenarioinfo.obj,SH3,Microsoft (R) 32-bit C/C++ Optimizing Compiler Version MJ.MN.XXXX
sample.obj,SH3,Microsoft (R) 32-bit C/C++ Optimizing Compiler Version MJ.MN.XXXX
sacrifice_window.obj,SH3,Microsoft (R) 32-bit C/C++ Optimizing Compiler Version MJ.MN.XXXX
ResSw.obj,SH3,Microsoft (R) 32-bit C/C++ Optimizing Compiler Version MJ.MN.XXXX
resourcemanager.obj,SH3,Microsoft (R) 32-bit C/C++ Optimizing Compiler Version MJ.MN.XXXX
resourcedisplay.obj,SH3,Microsoft (R) 32-bit C/C++ Optimizing Compiler Version MJ.MN.XXXX
resource.obj,SH3,Microsoft (R) 32-bit C/C++ Optimizing Compiler Version MJ.MN.XXXX
remote.obj,SH3,Microsoft (R) 32-bit C/C++ Optimizing Compiler Version MJ.MN.XXXX
recruit.obj,SH3,Microsoft (R) 32-bit C/C++ Optimizing Compiler Version MJ.MN.XXXX
quicktownwindow.obj,SH3,Microsoft (R) 32-bit C/C++ Optimizing Compiler Version MJ.MN.XXXX
quickinfowindow.obj,SH3,Microsoft (R) 32-bit C/C++ Optimizing Compiler Version MJ.MN.XXXX
quickherowindow.obj,SH3,Microsoft (R) 32-bit C/C++ Optimizing Compiler Version MJ.MN.XXXX
questlogwindow.obj,SH3,Microsoft (R) 32-bit C/C++ Optimizing Compiler Version MJ.MN.XXXX
puzzlewindow.obj,SH3,Microsoft (R) 32-bit C/C++ Optimizing Compiler Version MJ.MN.XXXX
playvideo.obj,SH3,Microsoft (R) 32-bit C/C++ Optimizing Compiler Version MJ.MN.XXXX
philai.obj,SH3,Microsoft (R) 32-bit C/C++ Optimizing Compiler Version MJ.MN.XXXX
path.obj,SH3,Microsoft (R) 32-bit C/C++ Optimizing Compiler Version MJ.MN.XXXX
palette.obj,SH3,Microsoft (R) 32-bit C/C++ Optimizing Compiler Version MJ.MN.XXXX
overview.obj,SH3,Microsoft (R) 32-bit C/C++ Optimizing Compiler Version MJ.MN.XXXX
newgame.obj,SH3,Microsoft (R) 32-bit C/C++ Optimizing Compiler Version MJ.MN.XXXX
multiplayerwindow.obj,SH3,Microsoft (R) 32-bit C/C++ Optimizing Compiler Version MJ.MN.XXXX
mousemgr.obj,SH3,Microsoft (R) 32-bit C/C++ Optimizing Compiler Version MJ.MN.XXXX
monframeinfo.obj,SH3,Microsoft (R) 32-bit C/C++ Optimizing Compiler Version MJ.MN.XXXX
misc.obj,SH3,Microsoft (R) 32-bit C/C++ Optimizing Compiler Version MJ.MN.XXXX
mapcell.obj,SH3,Microsoft (R) 32-bit C/C++ Optimizing Compiler Version MJ.MN.XXXX
mainmenu.obj,SH3,Microsoft (R) 32-bit C/C++ Optimizing Compiler Version MJ.MN.XXXX
lodfile.obj,SH3,Microsoft (R) 32-bit C/C++ Optimizing Compiler Version MJ.MN.XXXX
levelupwindow.obj,SH3,Microsoft (R) 32-bit C/C++ Optimizing Compiler Version MJ.MN.XXXX
kbwin.obj,SH3,Microsoft (R) 32-bit C/C++ Optimizing Compiler Version MJ.MN.XXXX
kb.obj,SH3,Microsoft (R) 32-bit C/C++ Optimizing Compiler Version MJ.MN.XXXX
inputmgr.obj,SH3,Microsoft (R) 32-bit C/C++ Optimizing Compiler Version MJ.MN.XXXX
initialize.obj,SH3,Microsoft (R) 32-bit C/C++ Optimizing Compiler Version MJ.MN.XXXX
infutil.obj,SH3,Microsoft (R) 32-bit C/C++ Optimizing Compiler Version MJ.MN.XXXX
inftrees.obj,SH3,Microsoft (R) 32-bit C/C++ Optimizing Compiler Version MJ.MN.XXXX
inflate.obj,SH3,Microsoft (R) 32-bit C/C++ Optimizing Compiler Version MJ.MN.XXXX
inffast.obj,SH3,Microsoft (R) 32-bit C/C++ Optimizing Compiler Version MJ.MN.XXXX
infcodes.obj,SH3,Microsoft (R) 32-bit C/C++ Optimizing Compiler Version MJ.MN.XXXX
infblock.obj,SH3,Microsoft (R) 32-bit C/C++ Optimizing Compiler Version MJ.MN.XXXX
iconwdgt.obj,SH3,Microsoft (R) 32-bit C/C++ Optimizing Compiler Version MJ.MN.XXXX
hiscore.obj,SH3,Microsoft (R) 32-bit C/C++ Optimizing Compiler Version MJ.MN.XXXX
hillfortwindow.obj,SH3,Microsoft (R) 32-bit C/C++ Optimizing Compiler Version MJ.MN.XXXX
hexcell.obj,SH3,Microsoft (R) 32-bit C/C++ Optimizing Compiler Version MJ.MN.XXXX
herodefs.obj,SH3,Microsoft (R) 32-bit C/C++ Optimizing Compiler Version MJ.MN.XXXX
hero.obj,SH3,Microsoft (R) 32-bit C/C++ Optimizing Compiler Version MJ.MN.XXXX
gzio.obj,SH3,Microsoft (R) 32-bit C/C++ Optimizing Compiler Version MJ.MN.XXXX
global.obj,SH3,Microsoft (R) 32-bit C/C++ Optimizing Compiler Version MJ.MN.XXXX
genericresource.obj,SH3,Microsoft (R) 32-bit C/C++ Optimizing Compiler Version MJ.MN.XXXX
gametypewindow.obj,SH3,Microsoft (R) 32-bit C/C++ Optimizing Compiler Version MJ.MN.XXXX
game.obj,SH3,Microsoft (R) 32-bit C/C++ Optimizing Compiler Version MJ.MN.XXXX
font.obj,SH3,Microsoft (R) 32-bit C/C++ Optimizing Compiler Version MJ.MN.XXXX
fly.obj,SH3,Microsoft (R) 32-bit C/C++ Optimizing Compiler Version MJ.MN.XXXX
findpath.obj,SH3,Microsoft (R) 32-bit C/C++ Optimizing Compiler Version MJ.MN.XXXX
exec.obj,SH3,Microsoft (R) 32-bit C/C++ Optimizing Compiler Version MJ.MN.XXXX
events.obj,SH3,Microsoft (R) 32-bit C/C++ Optimizing Compiler Version MJ.MN.XXXX
event_record.obj,SH3,Microsoft (R) 32-bit C/C++ Optimizing Compiler Version MJ.MN.XXXX
dxplay.obj,SH3,Microsoft (R) 32-bit C/C++ Optimizing Compiler Version MJ.MN.XXXX
ds_engine.obj,SH3,Microsoft (R) 32-bit C/C++ Optimizing Compiler Version MJ.MN.XXXX
drawing.obj,SH3,Microsoft (R) 32-bit C/C++ Optimizing Compiler Version MJ.MN.XXXX
dimensiondoorwindow.obj,SH3,Microsoft (R) 32-bit C/C++ Optimizing Compiler Version MJ.MN.XXXX
diff.obj,SH3,Microsoft (R) 32-bit C/C++ Optimizing Compiler Version MJ.MN.XXXX
dialogbox.obj,SH3,Microsoft (R) 32-bit C/C++ Optimizing Compiler Version MJ.MN.XXXX
deflate.obj,SH3,Microsoft (R) 32-bit C/C++ Optimizing Compiler Version MJ.MN.XXXX
DC_precompiledheaders.obj,SH3,Microsoft (R) 32-bit C/C++ Optimizing Compiler Version MJ.MN.XXXX
DC_input.obj,SH3,Microsoft (R) 32-bit C/C++ Optimizing Compiler Version MJ.MN.XXXX
customcampaign.obj,SH3,Microsoft (R) 32-bit C/C++ Optimizing Compiler Version MJ.MN.XXXX
cursor.obj,SH3,Microsoft (R) 32-bit C/C++ Optimizing Compiler Version MJ.MN.XXXX
cspriteframe.obj,SH3,Microsoft (R) 32-bit C/C++ Optimizing Compiler Version MJ.MN.XXXX
csprite.obj,SH3,Microsoft (R) 32-bit C/C++ Optimizing Compiler Version MJ.MN.XXXX
csequence.obj,SH3,Microsoft (R) 32-bit C/C++ Optimizing Compiler Version MJ.MN.XXXX
creaturetype.obj,SH3,Microsoft (R) 32-bit C/C++ Optimizing Compiler Version MJ.MN.XXXX
creature_bank.obj,SH3,Microsoft (R) 32-bit C/C++ Optimizing Compiler Version MJ.MN.XXXX
compress.obj,SH3,Microsoft (R) 32-bit C/C++ Optimizing Compiler Version MJ.MN.XXXX
command.obj,SH3,Microsoft (R) 32-bit C/C++ Optimizing Compiler Version MJ.MN.XXXX
combatwindow.obj,SH3,Microsoft (R) 32-bit C/C++ Optimizing Compiler Version MJ.MN.XXXX
combatresultswindow.obj,SH3,Microsoft (R) 32-bit C/C++ Optimizing Compiler Version MJ.MN.XXXX
combatoptionswindow.obj,SH3,Microsoft (R) 32-bit C/C++ Optimizing Compiler Version MJ.MN.XXXX
combatcontrolsubwindow.obj,SH3,Microsoft (R) 32-bit C/C++ Optimizing Compiler Version MJ.MN.XXXX
cmbtmgr.obj,SH3,Microsoft (R) 32-bit C/C++ Optimizing Compiler Version MJ.MN.XXXX
castle.obj,SH3,Microsoft (R) 32-bit C/C++ Optimizing Compiler Version MJ.MN.XXXX
campaignwindow.obj,SH3,Microsoft (R) 32-bit C/C++ Optimizing Compiler Version MJ.MN.XXXX
campaignmap.obj,SH3,Microsoft (R) 32-bit C/C++ Optimizing Compiler Version MJ.MN.XXXX
campaignbrief.obj,SH3,Microsoft (R) 32-bit C/C++ Optimizing Compiler Version MJ.MN.XXXX
button.obj,SH3,Microsoft (R) 32-bit C/C++ Optimizing Compiler Version MJ.MN.XXXX
bottomviewsubwindow.obj,SH3,Microsoft (R) 32-bit C/C++ Optimizing Compiler Version MJ.MN.XXXX
border.obj,SH3,Microsoft (R) 32-bit C/C++ Optimizing Compiler Version MJ.MN.XXXX
bitmap816.obj,SH3,Microsoft (R) 32-bit C/C++ Optimizing Compiler Version MJ.MN.XXXX
bitmap8.obj,SH3,Microsoft (R) 32-bit C/C++ Optimizing Compiler Version MJ.MN.XXXX
bitmap24.obj,SH3,Microsoft (R) 32-bit C/C++ Optimizing Compiler Version MJ.MN.XXXX
bitmap16.obj,SH3,Microsoft (R) 32-bit C/C++ Optimizing Compiler Version MJ.MN.XXXX
binkmanager.obj,SH3,Microsoft (R) 32-bit C/C++ Optimizing Compiler Version MJ.MN.XXXX
basemgr.obj,SH3,Microsoft (R) 32-bit C/C++ Optimizing Compiler Version MJ.MN.XXXX
artifact.obj,SH3,Microsoft (R) 32-bit C/C++ Optimizing Compiler Version MJ.MN.XXXX
armygrp.obj,SH3,Microsoft (R) 32-bit C/C++ Optimizing Compiler Version MJ.MN.XXXX
army.obj,SH3,Microsoft (R) 32-bit C/C++ Optimizing Compiler Version MJ.MN.XXXX
ai_tactical.obj,SH3,Microsoft (R) 32-bit C/C++ Optimizing Compiler Version MJ.MN.XXXX
ai_player.obj,SH3,Microsoft (R) 32-bit C/C++ Optimizing Compiler Version MJ.MN.XXXX
ai_combat.obj,SH3,Microsoft (R) 32-bit C/C++ Optimizing Compiler Version MJ.MN.XXXX
ai.obj,SH3,Microsoft (R) 32-bit C/C++ Optimizing Compiler Version MJ.MN.XXXX
advspells.obj,SH3,Microsoft (R) 32-bit C/C++ Optimizing Compiler Version MJ.MN.XXXX
advmgr.obj,SH3,Microsoft (R) 32-bit C/C++ Optimizing Compiler Version MJ.MN.XXXX
adventureoptionswindow.obj,SH3,Microsoft (R) 32-bit C/C++ Optimizing Compiler Version MJ.MN.XXXX
adventuremapwindow.obj,SH3,Microsoft (R) 32-bit C/C++ Optimizing Compiler Version MJ.MN.XXXX
adler32.obj,SH3,Microsoft (R) 32-bit C/C++ Optimizing Compiler Version MJ.MN.XXXX
adler32.obj,SH3,Microsoft (R) 32-bit C/C++ Optimizing Compiler Version 12.17.8370
adler32.obj,SH3,Microsoft (R) 32-bit C/C++ Optimizing Compiler Version 12.17.8370
adler32.obj,SH3,Microsoft (R) 32-bit C/C++ Optimizing Compiler Version 12.17.8370
