unit	va	dc	ours	dc_lines	ratio	score
adventuremapwindow	0x403bf0	0x113c	6	7	0.857	100.0
adventuremapwindow	0x403ee0	0x1190	4	5	0.800	100.0
adventuremapwindow	0x403f00	0x11bc	3	7	0.429	100.0
adventureoptionswindow	0x4051d0	0x4cf4	42	39	1.077	100.0
adventureoptionswindow	0x4056c0	0x514c	3	3	1.000	100.0
adventureoptionswindow	0x405730	0x5204	36	40	0.900	99.9367
advmgr	0x405de0	0x5864	2	3	0.667	100.0
advmgr	0x405df0	0x5888	2	3	0.667	100.0
advmgr	0x405e10	0x58bc	2	3	0.667	100.0
advmgr	0x405e30	0x58f0	1	110	0.009	0.0
advmgr	0x406480	0x5fc8	1	14	0.071	0.0
advmgr	0x406a20	0x61cc	1	18	0.056	0.0
advmgr	0x406bf0	0x6428	18	6	3.000	100.0
advmgr	0x406df0	0x66f4	1	63	0.016	0.0
advmgr	0x406fd0	0x6b24	1	131	0.008	0.0
advmgr	0x4077e0	0x74ec	1	72	0.014	0.0
advmgr	0x407ac0	0x793c	3	4	0.750	100.0
advmgr	0x407b10	0x1f000	2	3	0.667	100.0
advmgr	0x407b80	0x7a8c	1	125	0.008	0.0
advmgr	0x408770	0x1f9c8	2	3	0.667	100.0
advmgr	0x4087b0	0x8644	1	66	0.015	0.0
advmgr	0x408c40	0x8b70	1	116	0.009	0.0
advmgr	0x4097e0	0x9330	1	33	0.030	0.0
advmgr	0x409a70	0x9a94	1	86	0.012	0.0
advmgr	0x40a0c0	0xa168	1	66	0.015	0.0
advmgr	0x40a5d0	0xa88c	1	79	0.013	0.0
advmgr	0x40af60	0xbec8	10	3	3.333	100.0
advmgr	0x40afb0	0xbf1c	26	20	1.300	100.0
advmgr	0x40b0e0	0xc094	10	5	2.000	100.0
advmgr	0x40b150	0xc13c	201	506	0.397	89.8242
advmgr	0x40deb0	0xed7c	47	58	0.810	80.94
advmgr	0x40e280	0xf2c0	10	14	0.714	100.0
advmgr	0x40e360	0xf3a8	129	125	1.032	74.7786
advmgr	0x40ec80	0xfd6c	2	4	0.500	100.0
advmgr	0x40ec90	0xfd84	89	63	1.413	92.1925
advmgr	0x40f270	0x10520	8	9	0.889	100.0
advmgr	0x40f2f0	0x10640	6	7	0.857	100.0
advmgr	0x40f3f0	0x10788	58	75	0.773	100.0
advmgr	0x40f870	0x10c9c	2	3	0.667	100.0
advmgr	0x40f8c0	0x10cf4	25	46	0.543	100.0
advmgr	0x40fb30	0x110c0	16	21	0.762	100.0
advmgr	0x40fca0	0x11238	4	5	0.800	100.0
advmgr	0x40fd20	0x1129c	22	22	1.000	100.0
advmgr	0x40fe30	0x11424	16	16	1.000	98.1667
advmgr	0x4102c0	0x11958	17	18	0.944	98.184
advmgr	0x410760	0x11ea4	8	8	1.000	100.0
advmgr	0x4109b0	0x120ec	8	8	1.000	100.0
advmgr	0x410c00	0x12334	149	104	1.433	86.3772
advmgr	0x411590	0x12fcc	115	64	1.797	83.2068
advmgr	0x411b80	0x13890	28	25	1.120	100.0
advmgr	0x411d60	0x13a64	29	27	1.074	100.0
advmgr	0x411f50	0x13c68	1	26	0.038	0.0
advmgr	0x4120b0	0x13e28	1	26	0.038	0.0
advmgr	0x412220	0x13fc8	37	46	0.804	91.2464
advmgr	0x412470	0x142e0	55	37	1.486	92.218
advmgr	0x412900	0x147c4	37	47	0.787	94.8769
advmgr	0x412bd0	0x14b90	3	5	0.600	100.0
advmgr	0x412c40	0x14bec	1	240	0.004	0.0
advmgr	0x413790	0x15f7c	2	3	0.667	100.0
advmgr	0x4137c0	0x15fdc	218	525	0.415	59.3596
advmgr	0x415d60	0x18c84	17	22	0.773	100.0
advmgr	0x415de0	0x18d38	27	32	0.844	100.0
advmgr	0x415f20	0x18f48	8	9	0.889	100.0
advmgr	0x415fb0	0x18fc4	9	10	0.900	100.0
advmgr	0x416060	0x19098	8	8	1.000	93.3333
advmgr	0x416160	0x190fc	6	8	0.750	100.0
advmgr	0x416210	0x19194	5	5	1.000	92.6829
advmgr	0x4162f0	0x191d0	6	8	0.750	100.0
advmgr	0x4163a0	0x1927c	7	9	0.778	100.0
advmgr	0x416450	0x1930c	6	8	0.750	100.0
advmgr	0x4164f0	0x19388	6	8	0.750	100.0
advmgr	0x416590	0x194bc	1	14	0.071	0.0
advmgr	0x4167a0	0x19674	1	67	0.015	0.0
advmgr	0x416f80	0x19cdc	1	20	0.050	0.0
advmgr	0x417150	0x19e80	1	35	0.029	0.0
advmgr	0x417420	0x1a230	19	16	1.188	100.0
advmgr	0x417570	0x1a3b0	3	6	0.500	100.0
advmgr	0x4175a0	0x1a3f0	4	7	0.571	100.0
advmgr	0x4175e0	0x1a440	11	17	0.647	100.0
advmgr	0x417680	0x1a520	1	20	0.050	0.0
advmgr	0x417830	0x1a65c	1	25	0.040	0.0
advmgr	0x417b20	0x1a878	1	66	0.015	0.0
advmgr	0x418160	0x1ae38	1	40	0.025	0.0
advmgr	0x4183d0	0x1b164	1	36	0.028	0.0
advmgr	0x418620	0x1b5a8	115	147	0.782	89.5008
advmgr	0x418c10	0x1be10	1	34	0.029	0.0
advmgr	0x418dd0	0x1c05c	1	46	0.022	0.0
advmgr	0x4192b0	0x1edb0	4	5	0.800	100.0
advmgr	0x419300	0x1c484	21	17	1.235	100.0
advmgr	0x419450	0x1c5ec	3	6	0.500	100.0
advmgr	0x4194a0	0x1c64c	11	12	0.917	100.0
advmgr	0x419570	0x1c750	7	7	1.000	100.0
advmgr	0x4195c0	0x1c7e4	1	46	0.022	0.0
advmgr	0x419820	0x1cb08	1	36	0.028	0.0
advmgr	0x419990	0x1cd68	1	34	0.029	0.0
advmgr	0x419c80	0x1d0bc	23	22	1.045	100.0
advmgr	0x419e00	0x1d30c	1	42	0.024	0.0
advmgr	0x41a100	0x1d6ec	15	17	0.882	100.0
advmgr	0x41a1e0	0x1d804	23	31	0.742	100.0
advmgr	0x41a2e0	0x1d9e0	16	18	0.889	100.0
advmgr	0x41a3a0	0x1dafc	16	18	0.889	100.0
advmgr	0x41a460	0x1dc24	17	17	1.000	82.0057
advmgr	0x41a660	0x1dde4	18	21	0.857	100.0
advmgr	0x41a750	0x1df7c	7	15	0.467	100.0
advmgr	0x41a7f0	0x1e068	1	26	0.038	0.0
advmgr	0x41ab00	0x1e448	24	23	1.043	100.0
advmgr	0x41ac00	0x1e5e8	1	39	0.026	0.0
advmgr	0x41adb0	0x1e86c	1	29	0.034	0.0
advmgr	0x41b010	0x1ebb8	2	3	0.667	100.0
advmgr	0x41b040	0x1ebf4	10	5	2.000	100.0
advspells	0x41c2f0	0x2194c	22	18	1.222	100.0
ai	0x41eac0	0x23f2c	11	10	1.100	100.0
ai	0x41eb80	0x240e4	34	33	1.030	100.0
ai	0x41eea0	0x2429c	33	35	0.943	100.0
ai	0x41f060	0x2452c	15	13	1.154	100.0
ai	0x41f140	0x24694	24	26	0.923	100.0
ai	0x41f380	0x27d9c	2	2	1.000	100.0
ai	0x41f3b0	0x24a34	26	18	1.444	96.3533
ai	0x41f580	0x24b64	49	55	0.891	100.0
ai	0x41f890	0x24e5c	8	9	0.889	100.0
ai	0x41f920	0x24ef4	1	29	0.034	0.0
ai	0x41fb60	0x25124	1	33	0.030	0.0
ai	0x41fd60	0x2544c	1	33	0.030	0.0
ai	0x420260	0x256a0	1	43	0.023	0.0
ai	0x4205d0	0x25998	1	34	0.029	0.0
ai	0x420760	0x25b0c	1	33	0.030	0.0
ai	0x4208f0	0x25c80	26	23	1.130	100.0
ai	0x420a80	0x25df8	1	27	0.037	0.0
ai	0x420d20	0x2600c	1	24	0.042	0.0
ai	0x421000	0x26140	1	39	0.026	0.0
ai	0x421280	0x26464	1	11	0.091	0.0
ai	0x4213f0	0x264fc	12	14	0.857	100.0
ai	0x4214f0	0x26600	7	9	0.778	100.0
ai	0x421680	0x266d4	1	116	0.009	0.0
ai	0x421f80	0x26ee0	13	14	0.929	100.0
ai	0x422060	0x26fa8	31	29	1.069	82.4884
ai	0x4221f0	0x27138	15	21	0.714	98.4697
ai	0x4222c0	0x27200	26	24	1.083	100.0
ai	0x422440	0x27318	8	8	1.000	100.0
ai_combat	0x423c80	0x29978	7	8	0.875	100.0
ai_combat	0x423d00	0x29b94	6	11	0.545	100.0
ai_combat	0x423de0	0x29ce0	9	9	1.000	100.0
ai_combat	0x423ea0	0x29dec	9	9	1.000	100.0
ai_combat	0x423ee0	0x29e2c	29	28	1.036	100.0
ai_combat	0x424120	0x29f58	53	55	0.964	91.0075
ai_combat	0x424790	0x2a470	21	24	0.875	100.0
ai_combat	0x424880	0x2a588	10	15	0.667	100.0
ai_combat	0x424960	0x2a644	4	6	0.667	100.0
ai_combat	0x4249d0	0x2a694	12	15	0.800	100.0
ai_combat	0x424bf0	0x2a7e4	8	8	1.000	100.0
ai_combat	0x424d20	0x2a868	15	16	0.938	100.0
ai_combat	0x424fb0	0x2a938	12	11	1.091	100.0
ai_combat	0x425100	0x2a9e8	8	9	0.889	100.0
ai_combat	0x425260	0x2aa7c	11	12	0.917	100.0
ai_combat	0x4253e0	0x2ab88	5	6	0.833	100.0
ai_combat	0x425510	0x2ad58	14	16	0.875	89.4646
ai_combat	0x4258a0	0x2ae60	9	9	1.000	100.0
ai_combat	0x425b10	0x2af04	16	16	1.000	100.0
ai_combat	0x425bd0	0x2b094	54	48	1.125	85.4316
ai_combat	0x426170	0x2b408	15	11	1.364	100.0
ai_combat	0x4262b0	0x2b5a4	5	5	1.000	100.0
ai_combat	0x426300	0x2b5ec	7	8	0.875	100.0
ai_combat	0x426390	0x2b624	7	10	0.700	100.0
ai_combat	0x426450	0x2b7bc	4	5	0.800	100.0
ai_combat	0x4264d0	0x2b948	13	12	1.083	94.7603
ai_combat	0x4267c0	0x2bad8	43	23	1.870	90.9329
ai_combat	0x426bc0	0x2bc40	15	16	0.938	100.0
ai_combat	0x426df0	0x2bd6c	18	7	2.571	100.0
ai_combat	0x426ee0	0x2be54	38	39	0.974	97.3171
ai_combat	0x4270c0	0x2c004	11	9	1.222	100.0
ai_combat	0x427210	0x2c140	10	11	0.909	100.0
ai_combat	0x427330	0x2c27c	33	44	0.750	99.9592
ai_combat	0x427650	0x2c614	2	2	1.000	100.0
ai_combat	0x427690	0x2c628	4	5	0.800	100.0
ai_combat	0x427750	0x2c6ac	3	2	1.500	100.0
ai_player	0x428710	0x2e15c	4	4	1.000	100.0
ai_player	0x428740	0x2e188	80	65	1.231	86.3767
ai_player	0x428dd0	0x2e7d8	40	38	1.053	89.5263
ai_player	0x429110	0x2ea20	70	79	0.886	80.5192
ai_player	0x4297c0	0x2f148	21	23	0.913	100.0
ai_player	0x429ab0	0x2f268	2	3	0.667	100.0
ai_player	0x429ad0	0x2f280	30	27	1.111	96.4566
ai_player	0x42a150	0x301c4	13	12	1.083	100.0
ai_player	0x42ed30	0x37eec	3	3	1.000	100.0
ai_player	0x42ed80	0x38000	2	2	1.000	100.0
ai_tactical	0x435830	0x3c55c	2	2	1.000	100.0
ai_tactical	0x435960	0x3c580	2	2	1.000	100.0
ai_tactical	0x435980	0x3c810	3	3	1.000	100.0
ai_tactical	0x4359b0	0x3c8dc	10	13	0.769	100.0
ai_tactical	0x435b90	0x3c9ac	17	16	1.062	99.1053
ai_tactical	0x435c70	0x3ca94	4	4	1.000	100.0
ai_tactical	0x435cb0	0x3cae4	11	10	1.100	100.0
ai_tactical	0x435dc0	0x3cba0	11	13	0.846	100.0
ai_tactical	0x435ec0	0x3cc8c	1	39	0.026	0.0
ai_tactical	0x4360c0	0x3ceb8	17	16	1.062	100.0
ai_tactical	0x436180	0x3cf50	21	23	0.913	84.375
ai_tactical	0x436300	0x3d1e4	1	38	0.026	0.0
ai_tactical	0x436840	0x3d440	16	20	0.800	100.0
ai_tactical	0x436930	0x3d56c	2	2	1.000	100.0
ai_tactical	0x436950	0x3d584	5	6	0.833	100.0
ai_tactical	0x436980	0x3d5b0	5	6	0.833	100.0
ai_tactical	0x4369c0	0x3d604	1	11	0.091	0.0
ai_tactical	0x436c30	0x3d764	2	4	0.500	100.0
ai_tactical	0x436c60	0x3d838	30	15	2.000	85.5822
ai_tactical	0x436e30	0x3d96c	14	14	1.000	100.0
ai_tactical	0x436f60	0x3da7c	3	3	1.000	100.0
ai_tactical	0x436fb0	0x3db2c	8	9	0.889	100.0
ai_tactical	0x437040	0x3db84	10	14	0.714	100.0
ai_tactical	0x437190	0x3dcc4	1	17	0.059	0.0
ai_tactical	0x437310	0x3dde8	12	10	1.200	100.0
ai_tactical	0x4373f0	0x3df28	3	4	0.750	100.0
ai_tactical	0x437430	0x3e17c	24	7	3.429	100.0
ai_tactical	0x4375d0	0x3e280	32	15	2.133	98.9849
ai_tactical	0x437800	0x3e3bc	34	8	4.250	99.8503
ai_tactical	0x438100	0x3e4a0	7	6	1.167	100.0
ai_tactical	0x438170	0x3e50c	15	8	1.875	100.0
ai_tactical	0x4382c0	0x3e658	21	13	1.615	100.0
ai_tactical	0x438490	0x3e87c	1	24	0.042	0.0
ai_tactical	0x4387c0	0x3e9d8	16	14	1.143	100.0
ai_tactical	0x438910	0x3ec10	10	9	1.111	100.0
ai_tactical	0x438a10	0x3ed34	9	9	1.000	100.0
ai_tactical	0x438ac0	0x3eea8	7	6	1.167	100.0
ai_tactical	0x438b50	0x3ef24	7	6	1.167	100.0
ai_tactical	0x438bc0	0x3ef90	7	8	0.875	100.0
ai_tactical	0x438c60	0x3f080	7	8	0.875	100.0
ai_tactical	0x438d00	0x3f158	7	7	1.000	100.0
ai_tactical	0x438d90	0x3f208	2	2	1.000	100.0
ai_tactical	0x438dc0	0x3f22c	15	12	1.250	100.0
ai_tactical	0x438ed0	0x3f408	7	9	0.778	100.0
ai_tactical	0x438f60	0x3f5f0	18	11	1.636	100.0
ai_tactical	0x439100	0x3f7f0	20	13	1.538	100.0
ai_tactical	0x439270	0x3fa24	1	37	0.027	0.0
ai_tactical	0x439500	0x3fc20	4	5	0.800	100.0
ai_tactical	0x439550	0x3fc80	28	25	1.120	100.0
ai_tactical	0x4396b0	0x3fdb8	2	2	1.000	100.0
ai_tactical	0x4396e0	0x3fde4	1	34	0.029	0.0
ai_tactical	0x4399a0	0x40060	2	2	1.000	100.0
ai_tactical	0x4399d0	0x4008c	2	2	1.000	100.0
ai_tactical	0x439a00	0x400b8	3	2	1.500	100.0
ai_tactical	0x439a40	0x400f4	3	2	1.500	100.0
ai_tactical	0x439a80	0x40248	1	19	0.053	0.0
ai_tactical	0x439bc0	0x40348	3	3	1.000	100.0
ai_tactical	0x439c30	0x403c0	9	9	1.000	95.4886
ai_tactical	0x439d40	0x40570	5	5	1.000	100.0
ai_tactical	0x439de0	0x405d4	3	4	0.750	100.0
ai_tactical	0x439e80	0x40628	1	27	0.037	0.0
ai_tactical	0x43a110	0x407e8	1	15	0.067	0.0
ai_tactical	0x43a340	0x40928	12	13	0.923	100.0
ai_tactical	0x43a400	0x40a08	8	9	0.889	100.0
ai_tactical	0x43a500	0x40ac0	23	18	1.278	96.3475
ai_tactical	0x43a670	0x40bb8	1	23	0.043	0.0
ai_tactical	0x43a910	0x40dc8	1	15	0.067	0.0
ai_tactical	0x43aa60	0x40ec0	1	20	0.050	0.0
ai_tactical	0x43aca0	0x4101c	1	27	0.037	0.0
ai_tactical	0x43af50	0x41278	1	25	0.040	0.0
ai_tactical	0x43b1e0	0x414a0	14	11	1.273	100.0
ai_tactical	0x43b2e0	0x41558	9	7	1.286	100.0
ai_tactical	0x43b370	0x41624	21	15	1.400	99.8731
ai_tactical	0x43b500	0x41890	21	11	1.909	100.0
ai_tactical	0x43b690	0x41a7c	1	41	0.024	0.0
ai_tactical	0x43b8f0	0x41c30	1	29	0.034	0.0
ai_tactical	0x43bb20	0x41ed4	1	33	0.030	0.0
ai_tactical	0x43bf20	0x420ac	18	11	1.636	95.2778
ai_tactical	0x43c040	0x4227c	42	21	2.000	87.7343
ai_tactical	0x43c330	0x423f4	1	9	0.111	0.0
ai_tactical	0x43c4a0	0x424c4	1	20	0.050	0.0
ai_tactical	0x43c800	0x426b0	1	43	0.023	0.0
army	0x43d540	0x43830	3	5	0.600	100.0
army	0x43d580	0x4386c	3	5	0.600	100.0
army	0x43df20	0x44318	20	14	1.429	97.0115
army	0x43e000	0x443b4	31	22	1.409	97.5194
army	0x442550	0x477b8	2	3	0.667	100.0
army	0x4466a0	0x4b354	3	3	1.000	100.0
armygrp	0x4496a0	0x4dae4	4	4	1.000	100.0
armygrp	0x4496c0	0x4db88	4	5	0.800	100.0
armygrp	0x449790	0x4dbb8	31	28	1.107	99.9912
armygrp	0x449e20	0x4e11c	3	3	1.000	100.0
armygrp	0x449e90	0x4e180	43	41	1.049	100.0
armygrp	0x44a180	0x4e428	52	42	1.238	99.917
armygrp	0x44a4d0	0x4e644	91	75	1.213	88.5071
armygrp	0x44aa00	0x4ea38	4	6	0.667	100.0
armygrp	0x44aa40	0x4ea78	4	6	0.667	100.0
armygrp	0x44aa80	0x4eab8	3	3	1.000	100.0
armygrp	0x44aaa0	0x4ead0	9	7	1.286	100.0
armygrp	0x44ab00	0x4eb2c	3	4	0.750	100.0
armygrp	0x44ab20	0x4eb50	5	6	0.833	100.0
armygrp	0x44ab60	0x4ebc0	3	3	1.000	100.0
armygrp	0x44ab80	0x4ebd0	4	5	0.800	100.0
armygrp	0x44abb0	0x4ebf0	16	15	1.067	100.0
armygrp	0x44ac50	0x4ecb0	4	5	0.800	100.0
armygrp	0x44ac80	0x4ecdc	5	6	0.833	100.0
armygrp	0x44acc0	0x4ed28	5	5	1.000	100.0
armygrp	0x44ace0	0x4ed4c	16	16	1.000	100.0
armygrp	0x44ad60	0x4edcc	7	8	0.875	100.0
armygrp	0x44ada0	0x4ef88	5	6	0.833	100.0
armygrp	0x44adc0	0x4efb8	5	6	0.833	100.0
armygrp	0x44ade0	0x4efec	10	10	1.000	100.0
armygrp	0x44ae60	0x4f078	25	19	1.316	98.5654
armygrp	0x44b100	0x4f160	27	11	2.455	96.5625
armygrp	0x44b2d0	0x4f20c	9	13	0.692	100.0
armygrp	0x44b3c0	0x4f2e8	15	2	7.500	100.0
armygrp	0x44b4b0	0x4f328	27	17	1.588	100.0
armygrp	0x44b620	0x4f3cc	50	51	0.980	79.5363
armygrp	0x44b820	0x4f5ec	32	28	1.143	100.0
armygrp	0x44b960	0x4f708	65	49	1.327	67.5649
armygrp	0x44c1c0	0x4fab4	31	23	1.348	74.7874
armygrp	0x44c590	0x4fc98	12	11	1.091	100.0
artifact	0x44cd50	0x4fec0	75	27	2.778	76.8733
basemgr	0x44d530	0x50a28	5	4	1.250	100.0
binkmanager	0x44da50	0x50a8c	5	2	2.500	100.0
bitmap16	0x44e100	0x50ebc	2	9	0.222	100.0
bitmap816	0x44f9d0	0x53ba4	2	11	0.182	99.9697
bitmap816	0x44fe60	0x54294	2	2	1.000	100.0
bitmap816	0x44fe80	0x5429c	3	4	0.750	100.0
border	0x44ff50	0x543d8	1	2	0.500	100.0
border	0x4501d0	0x54dd8	1	1	1.000	100.0
border	0x450390	0x54860	2	4	0.500	100.0
border	0x4503f0	0x5489c	2	4	0.500	100.0
border	0x450450	0x548fc	2	4	0.500	100.0
border	0x4504a0	0x54948	3	2	1.500	100.0
border	0x4504b0	0x54968	3	2	1.500	100.0
border	0x4504c0	0x549c0	5	5	1.000	100.0
border	0x450520	0x549ec	3	4	0.750	100.0
border	0x450750	0x54b68	2	4	0.500	100.0
border	0x4507b0	0x54ba8	4	4	1.000	100.0
border	0x450810	0x54bf0	4	4	1.000	100.0
button	0x455ef0	0x57130	8	9	0.889	100.0
button	0x4560f0	0x571ec	2	3	0.667	100.0
button	0x456190	0x572d0	87	97	0.897	88.1009
button	0x456860	0x57730	18	19	0.947	100.0
button	0x456940	0x5793c	14	13	1.077	100.0
button	0x4569e0	0x57a28	3	4	0.750	100.0
button	0x456a50	0x57ab4	12	7	1.714	88.44
button	0x456bf0	0x57b5c	2	3	0.667	100.0
button	0x456ca0	0x57b98	14	6	2.333	100.0
button	0x456d30	0x57c4c	2	3	0.667	100.0
button	0x456db0	0x57e7c	1	1	1.000	100.0
button	0x456e50	0x57d48	6	5	1.200	100.0
campaignbrief	0x45afb0	0x5a11c	13	25	0.520	95.7583
campaignmap	0x45dee0	0x5af64	46	39	1.179	100.0
campaignwindow	0x45ea40	0x5b570	61	56	1.089	82.5365
campaignwindow	0x45f210	0x5bd00	10	4	2.500	100.0
campaignwindow	0x45f2c0	0x5bd68	3	4	0.750	100.0
castle	0x4610e0	0x5c1d8	6	7	0.857	100.0
castle	0x461130	0x5c228	7	6	1.167	100.0
cmbtmgr	0x462760	0x5d3e0	14	15	0.933	100.0
cmbtmgr	0x462990	0x5d538	15	13	1.154	100.0
cmbtmgr	0x462a20	0x5d60c	1	92	0.011	0.0
cmbtmgr	0x463260	0x5dc70	15	20	0.750	100.0
cmbtmgr	0x463370	0x5ddc0	1	23	0.043	0.0
cmbtmgr	0x463500	0x5dfb4	15	22	0.682	100.0
cmbtmgr	0x463600	0x5e09c	1	41	0.024	0.0
cmbtmgr	0x4639f0	0x5e464	1	46	0.022	0.0
cmbtmgr	0x463c60	0x5e690	1	72	0.014	0.0
cmbtmgr	0x4640a0	0x5e9ac	32	39	0.821	100.0
cmbtmgr	0x4641f0	0x5eb40	15	10	1.500	100.0
cmbtmgr	0x4642d0	0x5eca8	22	19	1.158	58.8421
cmbtmgr	0x4643b0	0x5ed68	41	29	1.414	100.0
cmbtmgr	0x4646d0	0x5ef54	23	20	1.150	100.0
cmbtmgr	0x4647a0	0x5f058	22	26	0.846	100.0
cmbtmgr	0x464920	0x5f2b0	1	19	0.053	0.0
cmbtmgr	0x464b40	0x5f3c4	1	15	0.067	0.0
cmbtmgr	0x465080	0x5f518	1	58	0.017	0.0
cmbtmgr	0x465330	0x5f934	1	24	0.042	0.0
cmbtmgr	0x465830	0x5fb14	6	10	0.600	100.0
cmbtmgr	0x4658b0	0x5fc00	23	13	1.769	100.0
cmbtmgr	0x465970	0x5fcec	4	5	0.800	100.0
cmbtmgr	0x465990	0x5fd10	35	24	1.458	100.0
cmbtmgr	0x465ad0	0x5feac	1	49	0.020	0.0
cmbtmgr	0x465fe0	0x60318	3	4	0.750	100.0
cmbtmgr	0x466010	0x60354	1	25	0.040	0.0
cmbtmgr	0x466290	0x60538	1	68	0.015	0.0
cmbtmgr	0x4668a0	0x6091c	15	12	1.250	100.0
cmbtmgr	0x4669b0	0x609d0	12	13	0.923	100.0
cmbtmgr	0x466a70	0x60a70	14	16	0.875	100.0
cmbtmgr	0x466b30	0x60b20	16	17	0.941	87.2872
cmbtmgr	0x466c50	0x60c0c	44	29	1.517	100.0
cmbtmgr	0x466e00	0x60ce0	1	25	0.040	0.0
cmbtmgr	0x467130	0x60ee0	8	8	1.000	100.0
cmbtmgr	0x4671c0	0x60fa8	11	10	1.100	100.0
cmbtmgr	0x4672e0	0x61034	14	9	1.556	100.0
cmbtmgr	0x467460	0x61160	2	3	0.667	100.0
cmbtmgr	0x467490	0x61180	2	3	0.667	100.0
cmbtmgr	0x4674c0	0x611a0	5	5	1.000	100.0
cmbtmgr	0x467510	0x61224	6	4	1.500	100.0
cmbtmgr	0x467600	0x61284	11	11	1.000	100.0
cmbtmgr	0x467840	0x61318	37	28	1.321	95.4601
cmbtmgr	0x467a00	0x614f0	1	34	0.029	0.0
cmbtmgr	0x467db0	0x619a8	1	51	0.020	0.0
cmbtmgr	0x468220	0x61e60	1	46	0.022	0.0
cmbtmgr	0x4686b0	0x622bc	6	9	0.667	100.0
cmbtmgr	0x468730	0x62358	9	10	0.900	100.0
cmbtmgr	0x4687c0	0x623cc	10	11	0.909	100.0
cmbtmgr	0x468860	0x62478	17	26	0.654	100.0
cmbtmgr	0x468990	0x62560	1	151	0.007	0.0
cmbtmgr	0x469600	0x62db8	7	8	0.875	100.0
cmbtmgr	0x469670	0x62e4c	9	4	2.250	100.0
cmbtmgr	0x469750	0x62f00	10	9	1.111	100.0
cmbtmgr	0x469880	0x62fe4	32	34	0.941	100.0
cmbtmgr	0x469a10	0x632c4	7	7	1.000	100.0
cmbtmgr	0x469a90	0x6335c	1	26	0.038	0.0
cmbtmgr	0x469dc0	0x6351c	13	18	0.722	100.0
cmbtmgr	0x469f20	0x6359c	15	12	1.250	93.2203
cmbtmgr	0x469fe0	0x63648	5	6	0.833	100.0
cmbtmgr	0x46a070	0x63704	1	18	0.056	0.0
cmbtmgr	0x46a350	0x6388c	16	10	1.600	75.011
cmbtmgr	0x46a4a0	0x63900	6	7	0.857	100.0
combatcontrolsubwindow	0x46cdf0	0x65c84	9	12	0.750	100.0
combatcontrolsubwindow	0x46ce70	0x65cf8	7	10	0.700	100.0
combatoptionswindow	0x46e3b0	0x66c48	67	67	1.000	100.0
combatoptionswindow	0x46f700	0x679ac	4	3	1.333	100.0
combatoptionswindow	0x46f780	0x67a40	4	6	0.667	100.0
combatresultswindow	0x4702d0	0x68364	137	122	1.123	96.3788
combatresultswindow	0x471a70	0x69198	4	3	1.333	100.0
combatresultswindow	0x471af0	0x69200	6	6	1.000	100.0
combatresultswindow	0x471b50	0x69244	3	4	0.750	100.0
combatresultswindow	0x471b70	0x69268	2	10	0.200	100.0
combatwindow	0x4728d0	0x69b2c	5	6	0.833	100.0
command	0x474bf0	0x6bebc	24	27	0.889	81.3696
command	0x4763f0	0x6d508	3	3	1.000	100.0
command	0x476440	0x6d548	4	6	0.667	100.0
command	0x476490	0x6d58c	62	57	1.088	92.5714
command	0x4769c0	0x6d988	33	28	1.179	100.0
command	0x476bd0	0x6db78	71	46	1.543	100.0
command	0x476fe0	0x6de24	1	27	0.037	0.0
command	0x4772b0	0x6e0d8	1	14	0.071	0.0
command	0x477470	0x6e1c8	1	104	0.010	0.0
command	0x477a00	0x6e898	8	9	0.889	100.0
command	0x47a100	0x70474	27	22	1.227	100.0
creature_bank	0x47aad0	0x714e0	1	1	1.000	100.0
creaturetype	0x47b180	0x71934	3	4	0.750	100.0
creaturetype	0x47b1a0	0x71948	10	3	3.333	100.0
csequence	0x47b840	0x71f20	5	3	1.667	100.0
csequence	0x47b8a0	0x720c8	6	4	1.500	100.0
csprite	0x47bcc0	0x7258c	2	3	0.667	100.0
csprite	0x47bcd0	0x72628	2	4	0.500	100.0
customcampaign	0x48b200	0x7d374	9	4	2.250	100.0
customcampaign	0x48b280	0x7d3c0	5	5	1.000	100.0
dialogbox	0x48fdc0	0x81748	2	3	0.667	100.0
dialogbox	0x48fe60	0x817b0	1	2	0.500	100.0
dialogbox	0x48fe90	0x817f8	3	3	1.000	100.0
dialogbox	0x48ff00	0x8185c	43	44	0.977	100.0
dialogbox	0x490770	0x82068	1	1	1.000	100.0
dialogbox	0x4907e0	0x81e00	2	3	0.667	100.0
dialogbox	0x490820	0x81e38	15	11	1.364	100.0
dialogbox	0x490a90	0x81f00	10	11	0.909	100.0
dialogbox	0x490b20	0x81f98	6	4	1.500	100.0
dialogbox	0x490b50	0x81fb0	2	4	0.500	100.0
diff	0x490f60	0x822ec	19	19	1.000	99.6429
diff	0x491030	0x82378	1	6	0.167	100.0
diff	0x491050	0x823d8	25	16	1.562	84.1667
diff	0x491140	0x82488	35	34	1.029	83.9477
dimensiondoorwindow	0x491eb0	0x82ed0	5	4	1.250	100.0
drawing	0x493710	0x83db0	9	9	1.000	100.0
drawing	0x495650	0x85f1c	8	6	1.333	100.0
events	0x4a5960	0x37fbc	3	4	0.750	100.0
exec	0x4b0a10	0x9e66c	23	24	0.958	100.0
exec	0x4b0b20	0x9e778	25	31	0.806	100.0
exec	0x4b0bf0	0x9e838	19	18	1.056	100.0
exec	0x4b0c70	0x9e898	38	25	1.520	100.0
exec	0x4b0e40	0x9e9b0	29	26	1.115	100.0
findpath	0x4b1330	0x9ed40	2	2	1.000	100.0
findpath	0x4b1370	0x9ed88	14	15	0.933	100.0
findpath	0x4b13e0	0x9ee08	5	3	1.667	100.0
findpath	0x4b1460	0x9ee34	11	9	1.222	100.0
findpath	0x4b1500	0x9eee8	5	8	0.625	100.0
findpath	0x4b1530	0x9ef20	17	15	1.133	100.0
findpath	0x4b1740	0x9f034	18	21	0.857	100.0
findpath	0x4b1880	0x9f154	2	2	1.000	100.0
findpath	0x4b18c0	0x9f184	14	15	0.933	88.0238
findpath	0x4b1a70	0x9f2a4	1	88	0.011	0.0
findpath	0x4b2300	0x9f718	1	180	0.006	0.0
findpath	0x4b2da0	0xa03fc	25	35	0.714	89.8177
findpath	0x4b2ff0	0xa0630	30	31	0.968	100.0
findpath	0x4b3290	0xa0804	19	24	0.792	100.0
findpath	0x4b3400	0xa0b18	87	67	1.299	46.4584
findpath	0x4b3bb0	0xa0f54	21	29	0.724	75.7383
findpath	0x4b3f10	0xa10b0	3	3	1.000	100.0
findpath	0x4b3f20	0xa10c4	6	7	0.857	100.0
fly	0x4b46c0	0xa1430	18	11	1.636	89.1445
fly	0x4b49c0	0xa1514	12	13	0.923	100.0
fly	0x4b4a40	0xa1590	67	70	0.957	85.9057
fly	0x4b4e90	0xa19a0	12	13	0.923	100.0
fly	0x4b4f10	0xa1a7c	22	27	0.815	100.0
font	0x4b5110	0xa1c94	3	4	0.750	100.0
font	0x4b5180	0xa1d14	2	3	0.667	100.0
font	0x4b51a0	0xa1d58	20	17	1.176	78.2623
font	0x4b5490	0xa2108	75	69	1.087	98.7864
font	0x4b57a0	0xa2420	3	3	1.000	100.0
font	0x4b57d0	0xa2438	4	5	0.800	100.0
font	0x4b5820	0xa246c	29	29	1.000	92.6804
font	0x4b5920	0xa2554	9	11	0.818	100.0
font	0x4b5990	0xa25c8	12	16	0.750	100.0
font	0x4b5a10	0xa2650	13	15	0.867	100.0
font	0x4b5a80	0xa26d4	27	30	0.900	100.0
game	0x4b8550	0xa2da0	9	8	1.125	100.0
game	0x4b85a0	0xa2e48	17	26	0.654	100.0
game	0x4b86e0	0xa2fdc	14	17	0.824	100.0
game	0x4b87a0	0xa3178	10	15	0.667	100.0
game	0x4b8860	0xa3288	40	16	2.500	100.0
game	0x4b8a60	0xa3320	6	12	0.500	100.0
game	0x4b9070	0xa3c68	9	16	0.562	100.0
game	0x4b9270	0xa3d50	8	16	0.500	100.0
game	0x4b9340	0xa3e5c	31	41	0.756	99.9385
game	0x4b9580	0xa410c	18	41	0.439	100.0
game	0x4b96f0	0xa438c	22	26	0.846	100.0
game	0x4b98c0	0xa4548	16	26	0.615	100.0
game	0x4b9a00	0xa46e8	25	38	0.658	99.6447
game	0x4b9c40	0xa4980	20	38	0.526	100.0
game	0x4b9df0	0xa4cc8	2	2	1.000	100.0
game	0x4b9e20	0xa4d58	35	29	1.207	100.0
game	0x4b9f40	0xa4e80	8	6	1.333	100.0
game	0x4b9fc0	0xa4ee8	1	26	0.038	0.0
game	0x4ba130	0xa5108	4	5	0.800	100.0
game	0x4ba170	0xa5168	5	6	0.833	100.0
game	0x4ba260	0xa51b0	1	87	0.011	0.0
game	0x4ba670	0xa55a8	1	87	0.011	0.0
game	0x4ba9e0	0xa5c4c	5	8	0.625	100.0
game	0x4baa10	0xa5c98	5	8	0.625	100.0
game	0x4baa40	0xa5d10	9	14	0.643	100.0
game	0x4bab40	0xa5e0c	6	11	0.545	100.0
game	0x4bab90	0xa5eb0	2	3	0.667	100.0
game	0x4baba0	0xa5ee8	5	8	0.625	100.0
game	0x4babd0	0xa5ff0	13	23	0.565	100.0
game	0x4bad80	0xa6114	3	5	0.600	100.0
game	0x4bada0	0xa6144	2	5	0.400	100.0
game	0x4badb0	0xa6180	5	6	0.833	100.0
game	0x4bae50	0xa6230	3	3	1.000	100.0
game	0x4bae70	0xa6274	5	8	0.625	100.0
game	0x4baed0	0xa6328	2	3	0.667	100.0
game	0x4baf00	0xa6350	1	36	0.028	0.0
game	0x4bb160	0xa65c4	2	3	0.667	100.0
game	0x4bb170	0xa65d4	9	11	0.818	100.0
game	0x4bb250	0xa6690	22	24	0.917	100.0
game	0x4bb400	0xa68d8	42	47	0.894	100.0
game	0x4bb5e0	0xa6cd4	54	56	0.964	98.9815
game	0x4bb870	0xa6fd4	4	7	0.571	100.0
game	0x4bb900	0xa71b4	4	7	0.571	100.0
game	0x4bbc20	0xa75d0	12	23	0.522	99.7
game	0x4bbe40	0xa77c8	14	24	0.583	100.0
game	0x4bcda0	0xa83d0	122	130	0.938	50.4577
game	0x4be3f0	0xa8cd0	34	198	0.172	27.9354
game	0x4beea0	0xa99d0	1	53	0.019	0.0
game	0x4c61e0	0xb1230	1	38	0.026	0.0
game	0x4c66e0	0xb1748	7	11	0.636	100.0
game	0x4c67b0	0xb1828	9	13	0.692	100.0
game	0x4c6960	0xb1988	7	8	0.875	84.4118
game	0x4c6a30	0xb1a50	24	22	1.091	77.486
game	0x4c6c50	0xb1c8c	1	28	0.036	0.0
game	0x4c6f40	0xb1f60	4	4	1.000	100.0
game	0x4c6f80	0xb1fa4	3	4	0.750	100.0
game	0x4c6fd0	0xb1fc0	2	3	0.667	100.0
game	0x4c92c0	0xb4b58	1	16	0.062	0.0
game	0x4c94d0	0xb4c84	28	34	0.824	94.726
game	0x4c95a0	0xb4e04	22	29	0.759	100.0
game	0x4c9730	0xb5094	31	25	1.240	100.0
game	0x4c9890	0xb52fc	9	26	0.346	100.0
game	0x4c9990	0xb54f8	1	48	0.021	0.0
game	0x4c9dd0	0xb5910	1	68	0.015	0.0
game	0x4ca040	0xb5cdc	1	26	0.038	0.0
game	0x4ca240	0xb5f80	13	12	1.083	100.0
game	0x4ca340	0xb6054	14	17	0.824	100.0
game	0x4ca3b0	0xb6114	6	10	0.600	100.0
game	0x4ccef0	0xb9b24	4	6	0.667	100.0
game	0x4cdb80	0xbb0e4	1	33	0.030	0.0
game	0x4cddc0	0xbb3e0	2	3	0.667	100.0
game	0x4cddf0	0xbb41c	2	3	0.667	100.0
game	0x4cde20	0xbb45c	2	3	0.667	100.0
game	0x4cde40	0xbb490	16	12	1.333	70.6923
game	0x4cdf20	0xbb62c	1	35	0.029	0.0
game	0x4ce4b0	0xbd5f4	1	1	1.000	100.0
game	0x4ce570	0xbd630	1	1	1.000	100.0
game	0x4ce5b0	0xbbd28	1	3	0.333	0.0
game	0x4ce900	0xbbe68	4	7	0.571	100.0
game	0x4ce940	0xbbee4	3	5	0.600	100.0
game	0x4ce970	0xbbfcc	3	5	0.600	100.0
game	0x4ce9b0	0xbc010	11	3	3.667	100.0
game	0x4cea20	0xbc038	8	7	1.143	100.0
game	0x4cea70	0xbc0c0	9	10	0.900	100.0
game	0x4ceb60	0xbc1fc	3	5	0.600	100.0
game	0x4cec20	0xbc23c	4	7	0.571	100.0
game	0x4cec50	0xbc2b8	7	7	1.000	100.0
game	0x4cec90	0xbc300	3	5	0.600	100.0
gametypewindow	0x4d54c0	0xc9164	21	18	1.167	100.0
gametypewindow	0x4d5890	0xc9490	4	5	0.800	100.0
gametypewindow	0x4d5910	0xc94f8	3	4	0.750	100.0
hero	0x4d7470	0xcaaa0	2	3	0.667	100.0
hero	0x4d7490	0xcab04	3	3	1.000	100.0
hero	0x4d74d0	0xcab3c	8	8	1.000	100.0
hero	0x4d74f0	0xcab54	11	11	1.000	100.0
hero	0x4d75d0	0xcac58	16	15	1.067	100.0
hero	0x4d76e0	0xcacfc	8	11	0.727	100.0
hero	0x4d77b0	0xcad80	11	11	1.000	100.0
hero	0x4d7890	0xcae60	7	7	1.000	100.0
hero	0x4d7900	0xcaedc	16	16	1.000	99.954
hero	0x4d7a20	0xcaf98	1	159	0.006	0.0
hero	0x4d80c0	0xcb698	1	144	0.007	0.0
hero	0x4d85f0	0xcbdb8	1	15	0.067	0.0
hero	0x4d8720	0xcbe80	79	42	1.881	82.8591
hero	0x4d9050	0xcc0bc	3	3	1.000	100.0
hero	0x4d9070	0xcc0e4	6	8	0.750	100.0
hero	0x4d90c0	0xcc138	7	10	0.700	100.0
hero	0x4d9110	0xcc1b0	7	8	0.875	100.0
hero	0x4d9160	0xcc1e8	13	8	1.625	100.0
hero	0x4d91b0	0xcc220	6	8	0.750	100.0
hero	0x4d91f0	0xcc26c	6	6	1.000	100.0
hero	0x4d9260	0xcc2a8	16	9	1.778	96.5278
hero	0x4d92d0	0xcc300	4	5	0.800	100.0
hero	0x4d9330	0xcc348	3	3	1.000	100.0
hero	0x4d9350	0xcc360	1	5	0.200	0.0
hero	0x4d95d0	0xcc38c	1	20	0.050	0.0
hero	0x4d97f0	0xcc49c	1	8	0.125	0.0
hero	0x4d9990	0xcc4e0	3	9	0.333	100.0
hero	0x4d9a00	0xcc540	1	41	0.024	0.0
hero	0x4d9b30	0xcc708	1	3	0.333	0.0
hero	0x4d9cc0	0xcc75c	1	6	0.167	0.0
hero	0x4d9ec0	0xcc800	1	53	0.019	0.0
hero	0x4da3a0	0xccb80	9	9	1.000	100.0
hero	0x4da420	0xccc68	2	2	1.000	98.1013
hero	0x4da510	0xccd9c	24	47	0.511	100.0
hero	0x4da710	0xccf68	2	3	0.667	100.0
hero	0x4da720	0xcd17c	1	79	0.013	0.0
hero	0x4daf90	0xcd6e8	1	9	0.111	0.0
hero	0x4db1d0	0xcd740	3	3	1.000	100.0
hero	0x4db1f0	0xcd790	1	19	0.053	0.0
hero	0x4db350	0xcd86c	4	7	0.571	100.0
hero	0x4db3e0	0xcd8b8	1	14	0.071	0.0
hero	0x4db660	0xcd9c4	1	82	0.012	0.0
hero	0x4dbd90	0xce140	4	5	0.800	100.0
hero	0x4dbdb0	0xce168	6	9	0.667	100.0
hero	0x4dbe10	0xce1cc	6	7	0.857	100.0
hero	0x4dc320	0xce260	1	77	0.013	0.0
hero	0x4dcac0	0xce648	1	71	0.014	0.0
hero	0x4dd2a0	0xcebe0	6	4	1.500	100.0
hero	0x4dd2d0	0xcf54c	1	202	0.005	0.0
hero	0x4de710	0xd0184	1	143	0.007	0.0
hero	0x4e1550	0xd2be8	8	9	0.889	100.0
hero	0x4e1600	0xd2c80	16	14	1.143	100.0
hero	0x4e16d0	0xd2d58	1	19	0.053	0.0
hero	0x4e1800	0xd2e80	1	40	0.025	0.0
hero	0x4e1a50	0xd30b0	1	132	0.008	0.0
hero	0x4e2210	0xd36e0	8	8	1.000	100.0
hero	0x4e2250	0xd3730	11	15	0.733	100.0
hero	0x4e22d0	0xd37c0	10	13	0.769	100.0
hero	0x4e2340	0xd3830	5	5	1.000	100.0
hero	0x4e2370	0xd3874	3	5	0.600	100.0
hero	0x4e23a0	0xd38b0	4	5	0.800	100.0
hero	0x4e23d0	0xd38ec	12	16	0.750	97.9658
hero	0x4e2a00	0xd39d8	1	17	0.059	0.0
hero	0x4e2bd0	0xd3ad0	34	9	3.778	74.4872
hero	0x4e2d50	0xd3b74	8	10	0.800	100.0
hero	0x4e2dd0	0xd3bec	13	12	1.083	100.0
hero	0x4e2ed0	0xd3c64	4	4	1.000	100.0
hero	0x4e2f90	0xd3cfc	12	15	0.800	100.0
hero	0x4e3070	0xd3de4	1	6	0.167	0.0
hero	0x4e33b0	0xd3e88	1	19	0.053	0.0
hero	0x4e3600	0xd3fb8	6	10	0.600	100.0
hero	0x4e36c0	0xd4070	1	29	0.034	0.0
hero	0x4e39b0	0xd41fc	1	26	0.038	0.0
hero	0x4e3cd0	0xd4390	1	23	0.043	0.0
hero	0x4e3f40	0xd44a4	11	13	0.846	100.0
hero	0x4e4070	0xd4560	8	10	0.800	100.0
hero	0x4e4160	0xd45d8	9	12	0.750	100.0
hero	0x4e42b0	0xd4664	6	6	1.000	100.0
hero	0x4e4310	0xd46a8	7	8	0.875	100.0
hero	0x4e4390	0xd46f8	8	9	0.889	100.0
hero	0x4e4420	0xd4768	10	14	0.714	100.0
hero	0x4e4580	0xd482c	10	14	0.714	100.0
hero	0x4e46e0	0xd48c8	10	14	0.714	100.0
hero	0x4e4840	0xd4960	6	6	1.000	100.0
hero	0x4e48b0	0xd4a88	6	6	1.000	100.0
hero	0x4e4920	0xd4b08	6	6	1.000	100.0
hero	0x4e4990	0xd4b50	1	40	0.025	0.0
hero	0x4e4d90	0xd4d60	2	2	1.000	100.0
hero	0x4e4db0	0xd4db0	7	9	0.778	100.0
hero	0x4e4fa0	0xd4df0	13	5	2.600	100.0
hero	0x4e5080	0xd4e4c	3	2	1.500	100.0
hero	0x4e5100	0xd4e68	24	14	1.714	100.0
hero	0x4e51c0	0xd4ed0	23	14	1.643	100.0
hero	0x4e5240	0xd4f64	8	11	0.727	100.0
hero	0x4e5330	0xd4fe0	7	12	0.583	100.0
hero	0x4e5380	0xd5024	7	10	0.700	100.0
hero	0x4e53c0	0xd5060	2	2	1.000	100.0
hero	0x4e53e0	0xd5074	2	2	1.000	100.0
hero	0x4e5400	0xd50a0	12	2	6.000	100.0
hero	0x4e54a0	0xd519c	12	13	0.923	100.0
hero	0x4e5550	0xd524c	23	7	3.286	85.7031
hero	0x4e56b0	0xd52b0	3	3	1.000	100.0
hero	0x4e56e0	0xd52d0	4	6	0.667	100.0
hero	0x4e5760	0xd53a0	11	8	1.375	100.0
hero	0x4e5960	0xd544c	10	4	2.500	99.5833
hero	0x4e59a0	0xd5488	16	4	4.000	94.2468
hero	0x4e5aa0	0xd54ac	7	9	0.778	100.0
hero	0x4e5b80	0xd5508	7	9	0.778	100.0
hero	0x4e5ce0	0xd5548	12	6	2.000	100.0
hero	0x4e5dd0	0xd55b8	2	2	1.000	100.0
hero	0x4e5e10	0xd55c0	13	9	1.444	98.6813
hero	0x4e5f30	0xd5644	13	7	1.857	100.0
hero	0x4e5ff0	0xd5710	13	9	1.444	100.0
herodefs	0x4e67a0	0xd5a40	23	15	1.533	100.0
herodefs	0x4e6920	0xd5ab4	24	15	1.600	100.0
herodefs	0x4e6b10	0xd5b28	23	15	1.533	100.0
hexcell	0x4e7150	0xd60fc	10	10	1.000	100.0
hexcell	0x4e7170	0xd6138	3	2	1.500	100.0
hexcell	0x4e71b0	0xd6178	3	2	1.500	100.0
hillfortwindow	0x4e7e10	0xd6b2c	4	3	1.333	100.0
hillfortwindow	0x4e7e90	0xd6bb0	3	4	0.750	100.0
hiscore	0x4e9070	0xd7acc	2	3	0.667	100.0
hiscore	0x4e9090	0xd7b08	1	2	0.500	100.0
hiscore	0x4e9740	0xd914c	2	3	0.667	100.0
hiscore	0x4e9790	0xd9190	7	6	1.167	100.0
hiscore	0x4e97f0	0xd9204	2	1	2.000	100.0
hiscore	0x4e9dc0	0xd8424	5	5	1.000	100.0
iconwdgt	0x4ea7b0	0xd9464	2	4	0.500	100.0
iconwdgt	0x4ea810	0xd94a4	58	56	1.036	95.2708
iconwdgt	0x4eab10	0xd96b8	2	2	1.000	100.0
iconwdgt	0x4eab20	0xd96bc	2	2	1.000	100.0
iconwdgt	0x4eab30	0xd96d0	2	2	1.000	100.0
iconwdgt	0x4eaff0	0xd9c7c	2	3	0.667	100.0
iconwdgt	0x4eb030	0xd9d64	3	5	0.600	100.0
iconwdgt	0x4eb060	0xd9d90	41	33	1.242	72.0056
iconwdgt	0x4eb250	0xd9ee8	23	16	1.438	86.4111
initialize	0x4eb730	0xdc614	3	5	0.600	100.0
inputmgr	0x4ec0e0	0xdc894	30	45	0.667	100.0
inputmgr	0x4ec290	0xdcaa0	49	33	1.485	100.0
inputmgr	0x4ec460	0xdd97c	9	10	0.900	100.0
inputmgr	0x4ec4d0	0xdd9e4	11	9	1.222	100.0
inputmgr	0x4ec540	0xdda30	6	7	0.857	100.0
inputmgr	0x4ec560	0xdda50	2	2	1.000	100.0
inputmgr	0x4ec570	0xdda54	4	4	1.000	100.0
inputmgr	0x4ec6f0	0xddd60	25	12	2.083	100.0
inputmgr	0x4ec8c0	0xdde74	91	92	0.989	100.0
inputmgr	0x4ecc00	0xde044	18	12	1.500	100.0
kbwin	0x4f7a30	0xe7c90	46	13	3.538	100.0
kbwin	0x4f7fa0	0xe7fb8	3	4	0.750	100.0
kbwin	0x4f7fb0	0xe7fd0	16	8	2.000	100.0
kbwin	0x4f8060	0xe8014	15	2	7.500	100.0
kbwin	0x4f8140	0xe8018	9	2	4.500	100.0
kbwin	0x4f8180	0xe801c	11	2	5.500	100.0
kbwin	0x4f81e0	0xe8020	6	7	0.857	100.0
kbwin	0x4f82e0	0xe8058	2	2	1.000	100.0
kbwin	0x4f82f0	0xe806c	4	5	0.800	100.0
kbwin	0x4f83c0	0xe8098	2	3	0.667	100.0
levelupwindow	0x4f8880	0xe8344	71	49	1.449	98.8241
levelupwindow	0x4f9730	0xe8c2c	2	3	0.667	100.0
levelupwindow	0x4f9780	0xe8c64	87	60	1.450	77.7273
lodfile	0x4fa610	0xe9154	5	5	1.000	100.0
mainmenu	0x4fb2a0	0xea2ec	20	20	1.000	100.0
mainmenu	0x4fb6e0	0xea5ec	3	4	0.750	100.0
mapcell	0x4fbf90	0xeb6a4	5	8	0.625	100.0
mapcell	0x4fc000	0xeb73c	1	12	0.083	0.0
mapcell	0x4fc1a0	0xeb7d0	1	25	0.040	0.0
mapcell	0x4fc390	0xeb9a0	6	12	0.500	100.0
mapcell	0x4fc440	0xeba38	9	21	0.429	100.0
mapcell	0x4fc500	0xebb0c	1	12	0.083	0.0
mapcell	0x4fc6a0	0xebbbc	13	21	0.619	100.0
mapcell	0x4fc770	0xebd24	10	12	0.833	100.0
mapcell	0x4fc870	0xebe3c	1	12	0.083	0.0
mapcell	0x4fcaa0	0xebf98	1	13	0.077	0.0
mapcell	0x4fcbd0	0xec098	10	9	1.111	93.4848
mapcell	0x4fcc30	0xec114	4	9	0.444	100.0
mapcell	0x4fcc80	0xec1c8	8	9	0.889	100.0
mapcell	0x4fccf0	0xec254	17	15	1.133	96.1585
mapcell	0x4fcdc0	0xec324	5	8	0.625	100.0
mapcell	0x4fce20	0xec3b4	12	15	0.800	79.0935
mapcell	0x4fd060	0xec4fc	1	2	0.500	0.0
mapcell	0x4fd1e0	0xec6a4	1	3	0.333	0.0
mapcell	0x4fd4c0	0xf4bdc	1	1	1.000	100.0
mapcell	0x4fd4f0	0xec80c	15	11	1.364	100.0
mapcell	0x4fd650	0xf49a4	14	13	1.077	100.0
mapcell	0x4fd690	0xec8f4	1	41	0.024	0.0
mapcell	0x4fdbc0	0xecb94	1	55	0.018	0.0
mapcell	0x4fdf40	0xecdf8	1	31	0.032	0.0
mapcell	0x4fe220	0xecf98	1	55	0.018	0.0
mapcell	0x4fe490	0xed384	1	62	0.016	0.0
mapcell	0x4fe920	0xed688	1	62	0.016	0.0
mapcell	0x4fec10	0xeda1c	2	3	0.667	100.0
mapcell	0x4fec30	0xedab8	12	17	0.706	100.0
mapcell	0x4fed40	0xedbf8	19	18	1.056	100.0
mapcell	0x4fee50	0xede58	20	22	0.909	100.0
mapcell	0x4fef10	0xee020	6	10	0.600	100.0
mapcell	0x4fef60	0xee090	12	12	1.000	100.0
mapcell	0x4ff120	0xee1a4	1	19	0.053	0.0
mapcell	0x4ff2f0	0xee2e0	1	25	0.040	0.0
mapcell	0x4ff4d0	0xee410	1	25	0.040	0.0
mapcell	0x4ff6b0	0xee56c	1	102	0.010	0.0
mapcell	0x4ffbf0	0xeea60	1	11	0.091	0.0
mapcell	0x4ffdf0	0xf4bfc	1	1	1.000	100.0
mapcell	0x4ffea0	0xeebdc	1	87	0.011	0.0
mapcell	0x500200	0xef0a0	1	12	0.083	0.0
mapcell	0x500430	0xef158	1	90	0.011	0.0
mapcell	0x5008b0	0xef5dc	1	26	0.038	0.0
mapcell	0x500b30	0xefbb8	1	39	0.026	0.0
mapcell	0x501020	0xeffec	19	21	0.905	100.0
mapcell	0x501130	0xf013c	30	31	0.968	100.0
mapcell	0x501270	0xf02a4	8	12	0.667	100.0
mapcell	0x5013b0	0xf0390	1	56	0.018	0.0
mapcell	0x501790	0xf0788	1	12	0.083	0.0
mapcell	0x501980	0xf0824	7	14	0.500	100.0
mapcell	0x5019f0	0xf094c	1	77	0.013	0.0
mapcell	0x5021c0	0xf0df4	1	135	0.007	0.0
mapcell	0x502a00	0xf151c	1	30	0.033	0.0
mapcell	0x502e00	0xf16c8	1	64	0.016	0.0
mapcell	0x503640	0xf1b1c	10	19	0.526	100.0
mapcell	0x5036d0	0xf1bf8	12	19	0.632	100.0
mapcell	0x503780	0xf1cd8	1	77	0.013	0.0
mapcell	0x503c40	0xf22cc	1	57	0.018	0.0
mapcell	0x503f00	0xf2784	1	48	0.021	0.0
mapcell	0x504470	0xf2c20	1	46	0.022	0.0
mapcell	0x504a40	0xf3018	11	21	0.524	100.0
mapcell	0x504b70	0xf318c	1	33	0.030	0.0
mapcell	0x505060	0xf33fc	1	16	0.062	0.0
mapcell	0x505230	0xf36b0	1	57	0.018	0.0
mapcell	0x505610	0xf3a24	1	72	0.014	0.0
mapcell	0x505a10	0xf42f0	18	22	0.818	93.6598
mapcell	0x505b20	0xf43e8	1	30	0.033	0.0
misc	0x50b1d0	0xfd81c	8	7	1.143	100.0
misc	0x50b230	0xfd868	4	5	0.800	100.0
misc	0x50b260	0xfd958	31	56	0.554	98.503
misc	0x50b4d0	0xfda8c	23	22	1.045	100.0
misc	0x50b700	0xfdb98	12	12	1.000	100.0
misc	0x50b750	0xfdbd0	7	8	0.875	100.0
misc	0x50be10	0xfdc4c	40	42	0.952	100.0
misc	0x50c1b0	0xfe050	2	3	0.667	100.0
misc	0x50c1c0	0xfe064	2	2	1.000	100.0
misc	0x50c5a0	0xfe068	8	9	0.889	100.0
misc	0x50c5f0	0xfe0b8	3	4	0.750	100.0
misc	0x50c6e0	0xfe150	1	2	0.500	100.0
misc	0x50c740	0xfe190	16	11	1.455	100.0
misc	0x50c7a0	0xfe248	7	2	3.500	100.0
monframeinfo	0x50c810	0xfe598	69	60	1.150	100.0
mousemgr	0x50cb50	0xfe9d4	10	10	1.000	100.0
mousemgr	0x50cbf0	0xfea80	9	7	1.286	100.0
mousemgr	0x50cc40	0xfeab4	9	10	0.900	100.0
mousemgr	0x50cc80	0xfeafc	9	9	1.000	100.0
mousemgr	0x50cca0	0xfeb1c	15	20	0.750	82.9333
mousemgr	0x50cd80	0xff800	1	3	0.333	100.0
mousemgr	0x50cd90	0xfec54	109	96	1.135	94.1675
mousemgr	0x50d500	0xff22c	7	7	1.000	100.0
mousemgr	0x50d540	0xff3a8	3	5	0.600	100.0
mousemgr	0x50d5b0	0xff3e0	15	10	1.500	100.0
mousemgr	0x50d680	0xff484	37	22	1.682	100.0
mousemgr	0x50d890	0xff7e0	1	2	0.500	100.0
mousemgr	0x50d8b0	0xff610	17	15	1.133	99.3103
mousemgr	0x50da20	0xff708	7	8	0.875	100.0
multiplayerwindow	0x5123d0	0x102c28	2	3	0.667	100.0
multiplayerwindow	0x512420	0x102c6c	10	9	1.111	100.0
multiplayerwindow	0x512470	0x102d88	5	6	0.833	100.0
multiplayerwindow	0x512530	0x102e1c	2	2	1.000	100.0
newgame	0x5132b0	0x103494	5	5	1.000	100.0
newgame	0x5132d0	0x1034b4	11	10	1.100	100.0
palette	0x522940	0x10a8e0	1	2	0.500	100.0
palette	0x522e80	0x10b904	2	3	0.667	100.0
palette	0x522eb0	0x10b94c	6	7	0.857	100.0
palette	0x522f00	0x10ba3c	2	3	0.667	100.0
path	0x5239d0	0x10c918	12	7	1.714	100.0
path	0x523a70	0x10c9a4	19	5	3.800	100.0
path	0x523b20	0x10c9ec	10	9	1.111	100.0
path	0x523bb0	0x10ca6c	36	30	1.200	81.0407
path	0x523d90	0x10cbf8	7	7	1.000	100.0
path	0x523df0	0x10cc80	7	8	0.875	100.0
path	0x523e80	0x10ccdc	7	7	1.000	100.0
path	0x523ec0	0x10cd28	3	5	0.600	100.0
puzzlewindow	0x52c1e0	0x114f40	24	27	0.889	100.0
puzzlewindow	0x52c5a0	0x115268	7	10	0.700	100.0
puzzlewindow	0x52c640	0x115328	16	17	0.941	100.0
puzzlewindow	0x52c6c0	0x1153a8	16	9	1.778	100.0
puzzlewindow	0x52c770	0x115538	16	15	1.067	98.8426
puzzlewindow	0x52c8b0	0x11577c	24	25	0.960	100.0
puzzlewindow	0x52c9b0	0x115f64	1	29	0.034	0.0
questlogwindow	0x52e410	0x116ca4	4	4	1.000	100.0
quickherowindow	0x52ead0	0x1170bc	59	59	1.000	90.5272
quickherowindow	0x52f3d0	0x1177b4	3	3	1.000	100.0
quickinfowindow	0x52f8c0	0x11787c	25	25	1.000	100.0
quickinfowindow	0x52fd20	0x117b5c	1	2	0.500	100.0
quicktownwindow	0x530120	0x117e48	44	53	0.830	98.8368
quicktownwindow	0x5307d0	0x1183b8	6	8	0.750	100.0
quicktownwindow	0x530920	0x1184c4	3	3	1.000	100.0
quicktownwindow	0x530990	0x118564	23	22	1.045	100.0
quicktownwindow	0x530ca0	0x118794	3	4	0.750	100.0
recruit	0x54e750	0x118adc	6	6	1.000	100.0
recruit	0x54e7c0	0x118b38	2	4	0.500	100.0
recruit	0x54fb20	0x1197bc	3	4	0.750	100.0
recruit	0x550360	0x119d98	7	7	1.000	100.0
recruit	0x5503a0	0x119dcc	103	105	0.981	90.8376
recruit	0x551350	0x11ad04	20	19	1.053	97.975
recruit	0x551460	0x11adb4	20	19	1.053	96.6709
recruit	0x5516e0	0x11af98	3	3	1.000	100.0
remote	0x553d00	0x11c6bc	12	10	1.200	100.0
remote	0x553db0	0x11c754	4	4	1.000	100.0
remote	0x553df0	0x11c7b0	21	19	1.105	96.6265
remote	0x553ee0	0x11c8d0	1	29	0.034	0.0
remote	0x554050	0x11c9fc	2	3	0.667	100.0
remote	0x554060	0x11ca14	7	7	1.000	100.0
remote	0x5540b0	0x11ca70	4	5	0.800	100.0
remote	0x5540d0	0x11cabc	6	9	0.667	100.0
remote	0x554170	0x11cb24	5	7	0.714	100.0
remote	0x557a80	0x11f070	4	4	1.000	100.0
remote	0x557aa0	0x11f090	5	6	0.833	100.0
remote	0x557af0	0x11f108	1	35	0.029	0.0
remote	0x557d00	0x11f2fc	6	6	1.000	100.0
remote	0x557d60	0x11f39c	2	4	0.500	100.0
remote	0x557d70	0x11f3a8	3	3	1.000	100.0
remote	0x557d90	0x11f3b0	6	10	0.600	100.0
remote	0x557dd0	0x11f3fc	2	4	0.500	100.0
remote	0x557df0	0x11f41c	7	5	1.400	100.0
resource	0x558720	0x120934	10	11	0.909	100.0
resource	0x5587a0	0x12099c	1	2	0.500	100.0
resourcedisplay	0x558ba0	0x120c54	31	31	1.000	99.3919
resourcedisplay	0x558e80	0x120ee8	8	13	0.615	100.0
resourcedisplay	0x558f20	0x120fa0	11	15	0.733	100.0
resourcedisplay	0x559020	0x1210b4	7	9	0.778	100.0
resourcemanager	0x5594b0	0x122984	3	4	0.750	86.6296
resourcemanager	0x55c0a0	0x122164	10	16	0.625	93.6111
sample	0x566da0	0x129b3c	8	6	1.333	100.0
sample	0x566e60	0x129b4c	5	2	2.500	100.0
scenarioinfo	0x569800	0x12aa70	9	10	0.900	100.0
scenarioinfo	0x5698a0	0x12ab00	3	4	0.750	100.0
scenarioinfo	0x5698c0	0x12ab20	22	16	1.375	100.0
search	0x56a0d0	0x12b2e0	26	20	1.300	86.3333
slider	0x596050	0x149a48	15	16	0.938	100.0
slider	0x5960d0	0x149ae8	11	17	0.647	100.0
slider	0x596180	0x149ba4	3	4	0.750	100.0
slider	0x5961e0	0x149bec	7	12	0.583	100.0
slider	0x596230	0x149c90	38	31	1.226	100.0
slider	0x5964e0	0x149f04	81	84	0.964	95.1901
slider	0x596980	0x14a380	32	39	0.821	100.0
slider	0x596af0	0x14a508	31	30	1.033	100.0
slider	0x596c40	0x14a6b0	23	24	0.958	100.0
slider	0x597020	0x14aaa0	10	15	0.667	88.4426
slider	0x5970b0	0x14ab4c	5	8	0.625	100.0
slider	0x5970f0	0x14ab7c	6	9	0.667	100.0
slider	0x597120	0x14aba0	2	2	1.000	100.0
slider	0x597130	0x14aba8	2	2	1.000	100.0
slider	0x597140	0x14abb0	7	8	0.875	100.0
smackmgr	0x5971b0	0x14ac30	3	2	1.500	100.0
smackmgr	0x5971f0	0x14ac34	8	2	4.000	88.9254
smackmgr	0x5972d0	0x14ac38	50	2	25.000	87.1912
smackmgr	0x597570	0x14ac3c	3	2	1.500	100.0
smackmgr	0x5975f0	0x14ac40	25	2	12.500	95.9231
smackmgr	0x5976e0	0x14ac44	8	2	4.000	100.0
smackmgr	0x597740	0x14ac48	5	2	2.500	100.0
smackmgr	0x5977a0	0x14ac4c	11	2	5.500	100.0
smackmgr	0x597850	0x14ac50	12	2	6.000	100.0
smackmgr	0x597900	0x14ac54	5	2	2.500	100.0
smackmgr	0x597930	0x14ac58	4	2	2.000	100.0
smackmgr	0x597990	0x14ac5c	4	2	2.000	100.0
smackmgr	0x5979d0	0x14ac60	59	2	29.500	89.6347
smackmgr	0x597c70	0x14ac64	15	2	7.500	100.0
soundmgr	0x5994b0	0x14b07c	20	18	1.111	100.0
soundmgr	0x5996c0	0x14b170	15	17	0.882	100.0
soundmgr	0x599760	0x14b1ec	10	4	2.500	100.0
soundmgr	0x599a90	0x14b270	24	7	3.429	100.0
soundmgr	0x599d90	0x14b2a8	9	3	3.000	100.0
soundmgr	0x599e80	0x14b2c0	7	4	1.750	100.0
soundmgr	0x599ec0	0x14b2d8	7	9	0.778	100.0
soundmgr	0x599f40	0x14b37c	16	12	1.333	100.0
soundmgr	0x59a0c0	0x14b42c	10	13	0.769	100.0
soundmgr	0x59a1b0	0x14b4d4	4	5	0.800	100.0
soundmgr	0x59a1e0	0x14b500	2	4	0.500	100.0
soundmgr	0x59a210	0x14b528	31	24	1.292	99.784
soundmgr	0x59a3f0	0x14b644	3	3	1.000	100.0
soundmgr	0x59a410	0x14b65c	5	6	0.833	100.0
soundmgr	0x59a470	0x14b698	9	8	1.125	100.0
soundmgr	0x59a4c0	0x14b6ec	8	11	0.727	100.0
soundmgr	0x59a590	0x14b780	17	10	1.700	100.0
soundmgr	0x59ac00	0x14b8e8	13	7	1.857	100.0
soundmgr	0x59acb0	0x14b924	28	10	2.800	100.0
soundmgr	0x59b010	0x14b974	9	3	3.000	100.0
spellbookwindow	0x59c8f0	0x14c864	4	5	0.800	100.0
spellbookwindow	0x59c970	0x14c8d4	2	3	0.667	100.0
spellbookwindow	0x59c990	0x14c8f0	2	3	0.667	100.0
spelldefs	0x59e060	0x14e278	6	3	2.000	100.0
spelldefs	0x59e090	0x14e2c8	23	25	0.920	100.0
spells	0x5a3700	0x152b7c	13	11	1.182	100.0
spells	0x5a9360	0x158090	7	7	1.000	100.0
strip	0x5a9d20	0x158880	12	12	1.000	100.0
strip	0x5a9d80	0x1588e8	3	4	0.750	100.0
strip	0x5a9db0	0x158910	18	24	0.750	100.0
strip	0x5aa060	0x158a80	60	54	1.111	93.3721
strip	0x5aa230	0x158c00	28	21	1.333	100.0
subwindow	0x5aa340	0x158d34	1	2	0.500	100.0
subwindow	0x5aa3c0	0x158dac	1	2	0.500	100.0
subwindow	0x5aa410	0x158e14	2	4	0.500	100.0
subwindow	0x5aa470	0x158e60	6	7	0.857	100.0
subwindow	0x5aa4a0	0x158e7c	6	9	0.667	100.0
subwindow	0x5aa4f0	0x158ed0	6	15	0.400	100.0
subwindow	0x5aa560	0x158f4c	6	5	1.200	100.0
subwindow	0x5aa610	0x158fa4	9	12	0.750	100.0
systemoptionswindow	0x5b1790	0x15f588	106	89	1.191	98.1326
systemoptionswindow	0x5b3040	0x160634	3	3	1.000	100.0
systemoptionswindow	0x5b30b0	0x160700	9	9	1.000	100.0
systemoptionswindow	0x5b3140	0x160770	115	94	1.223	91.9193
text	0x5b90f0	0x160ffc	3	3	1.000	100.0
textntry	0x5baae0	0x162af8	3	6	0.500	100.0
textntry	0x5bab50	0x162b50	5	6	0.833	100.0
textntry	0x5baba0	0x162bbc	20	10	2.000	100.0
textresource	0x5bbba0	0x163858	35	36	0.972	100.0
textresource	0x5bbdd0	0x1639a4	2	4	0.500	100.0
textresource	0x5bbe70	0x163a70	44	36	1.222	100.0
textresource	0x5bc170	0x163c30	5	6	0.833	100.0
textwdgt	0x5bc3b0	0x164d24	2	3	0.667	100.0
textwdgt	0x5bc6d0	0x1653b0	1	1	1.000	100.0
town	0x5bd700	0x165d5c	7	10	0.700	100.0
town	0x5bde80	0x166408	18	20	0.900	100.0
town	0x5bdf60	0x1664b0	16	14	1.143	99.7778
town	0x5bdfe0	0x16654c	7	2	3.500	100.0
town	0x5be030	0x1665a0	25	15	1.667	95.0327
town	0x5be210	0x166688	18	16	1.125	100.0
town	0x5be2d0	0x166720	12	16	0.750	100.0
town	0x5be390	0x16682c	12	7	1.714	100.0
town	0x5be450	0x166864	25	20	1.250	100.0
town	0x5be600	0x166950	39	22	1.773	89.8561
town	0x5be930	0x166c08	1	38	0.026	0.0
town	0x5bec60	0x166ed8	24	9	2.667	96.4595
town	0x5bede0	0x166fc8	1	33	0.030	0.0
town	0x5bf210	0x1671cc	17	10	1.700	100.0
town	0x5bf3c0	0x167274	13	10	1.300	100.0
town	0x5bf4e0	0x167378	2	2	1.000	100.0
town	0x5bf4f0	0x167388	6	9	0.667	100.0
town	0x5bf570	0x1673dc	4	4	1.000	100.0
town	0x5bf600	0x167458	8	14	0.571	100.0
town	0x5bf6d0	0x1674d4	6	8	0.750	100.0
town	0x5bf770	0x167544	7	8	0.875	100.0
town	0x5bf810	0x1675d4	9	39	0.231	81.7262
town	0x5bfb60	0x167748	26	17	1.529	100.0
town	0x5bfdd0	0x167848	8	11	0.727	100.0
town	0x5bfe50	0x167900	7	8	0.875	100.0
town	0x5bfeb0	0x167c3c	1	43	0.023	0.0
town	0x5c0670	0x16842c	1	10	0.100	0.0
town	0x5c0d20	0x168504	11	12	0.917	89.6018
town	0x5c0e60	0x16865c	7	7	1.000	100.0
town	0x5c0f20	0x168714	12	16	0.750	81.2143
town	0x5c1080	0x1688a0	4	4	1.000	100.0
town	0x5c10f0	0x1688f0	2	4	0.500	100.0
town	0x5c1180	0x168910	15	9	1.667	81.4912
town	0x5c1230	0x168970	6	5	1.200	100.0
town	0x5c1280	0x1689dc	2	2	1.000	100.0
town	0x5c12a0	0x1689ec	2	2	1.000	100.0
town	0x5c12e0	0x168a98	15	9	1.667	100.0
town	0x5c13b0	0x168b54	7	4	1.750	100.0
town	0x5c1440	0x168ba0	2	2	1.000	100.0
town	0x5c1450	0x168bb8	2	2	1.000	100.0
town	0x5c1460	0x168bf8	3	3	1.000	100.0
town	0x5c14a0	0x168c20	4	4	1.000	100.0
towngatewindow	0x5c2370	0x169824	3	3	1.000	100.0
townmgr	0x5d7e90	0x17b0e8	3	5	0.600	100.0
u2dvers	0x5eeda0	0x18e3b0	8	2	4.000	100.0
u2dvers	0x5eedf0	0x18e3b4	2	2	1.000	100.0
u2dvers	0x5eee00	0x18e3b8	15	2	7.500	100.0
university_window	0x5f1180	0x18faa4	5	4	1.250	100.0
victorylossconditions	0x5f15a0	0x18fdc4	10	2	5.000	100.0
victorylossconditions	0x5f1610	0x18fdf8	1	12	0.083	0.0
victorylossconditions	0x5f1b10	0x18fe98	1	18	0.056	0.0
victorylossconditions	0x5f1c80	0x18ff84	14	9	1.556	100.0
victorylossconditions	0x5f1d40	0x190038	1	23	0.043	0.0
victorylossconditions	0x5f1ef0	0x190124	1	19	0.053	0.0
victorylossconditions	0x5f2100	0x190244	6	8	0.750	100.0
victorylossconditions	0x5f2160	0x1902c4	6	6	1.000	92.5679
victorylossconditions	0x5f2260	0x190340	4	5	0.800	100.0
victorylossconditions	0x5f22a0	0x19037c	15	11	1.364	100.0
victorylossconditions	0x5f2390	0x19040c	1	8	0.125	0.0
victorylossconditions	0x5f2600	0x190488	15	10	1.500	100.0
victorylossconditions	0x5f2720	0x190538	15	10	1.500	100.0
victorylossconditions	0x5f2860	0x190620	1	11	0.091	0.0
victorylossconditions	0x5f2a40	0x1906d4	1	15	0.067	0.0
victorylossconditions	0x5f2e40	0x19074c	9	8	1.125	99.8429
victorylossconditions	0x5f2f20	0x1907bc	8	7	1.143	100.0
viewarmywindow	0x5f3360	0x190abc	1	45	0.022	0.0
viewarmywindow	0x5f45e0	0x191660	3	3	1.000	100.0
viewarmywindow	0x5f46c0	0x1916d4	29	6	4.833	100.0
viewarmywindow	0x5f47f0	0x1917a4	8	11	0.727	100.0
viewarmywindow	0x5f6870	0x192a28	6	7	0.857	100.0
viewarmywindow	0x5f6ae0	0x192ad8	5	5	1.000	89.8771
viewarmywindow	0x5f6d50	0x192b40	5	5	1.000	89.8771
viewwrld	0x5fbd60	0x195ac4	5	7	0.714	100.0
widget	0x5fe340	0x196b4c	15	17	0.882	100.0
widget	0x5fe410	0x196bd4	5	7	0.714	100.0
widget	0x5fe430	0x196c10	5	9	0.556	100.0
widget	0x5fe480	0x196c6c	12	13	0.923	100.0
widget	0x5fe4d0	0x196cbc	4	3	1.333	100.0
widget	0x5fe4f0	0x196cd0	51	58	0.879	100.0
widget	0x5fe7c0	0x196f88	11	8	1.375	100.0
widget	0x5fe800	0x196fc8	2	3	0.667	100.0
widget	0x5fe840	0x196ffc	19	22	0.864	100.0
widget	0x5fe930	0x1970a8	2	3	0.667	100.0
widget	0x5fe940	0x1970c0	23	6	3.833	100.0
window	0x5fe9f0	0x197138	12	13	0.923	100.0
window	0x5fea80	0x1971d0	2	4	0.500	100.0
window	0x5feae0	0x19721c	20	14	1.429	100.0
window	0x5fec60	0x1972e0	8	10	0.800	100.0
window	0x5fecb0	0x197324	22	27	0.815	100.0
window	0x5fed60	0x1973b4	22	23	0.957	100.0
window	0x5fede0	0x197480	14	25	0.560	100.0
window	0x5fee40	0x197530	11	6	1.833	100.0
window	0x5feed0	0x197570	11	2	5.500	100.0
window	0x5fef60	0x19758c	11	2	5.500	100.0
window	0x5feff0	0x1975a8	6	7	0.857	100.0
window	0x5ff020	0x1975d8	20	20	1.000	100.0
window	0x5ff100	0x19776c	5	7	0.714	100.0
window	0x5ff1c0	0x1977dc	6	9	0.667	100.0
window	0x5ff240	0x19797c	25	30	0.833	92.8767
window	0x5ff3b0	0x197ad0	4	4	1.000	100.0
window	0x5ff3e0	0x197aec	7	7	1.000	100.0
window	0x5ff460	0x197c08	2	3	0.667	100.0
window	0x5ff490	0x197c24	9	12	0.750	100.0
window	0x5ff510	0x197c8c	4	5	0.800	100.0
window	0x5ff570	0x197cd4	4	7	0.571	100.0
window	0x5ff640	0x197d48	2	4	0.500	100.0
window	0x5ff6e0	0x197d9c	20	21	0.952	100.0
window	0x5ff790	0x197e58	10	8	1.250	100.0
window	0x5ff820	0x197eb4	16	12	1.333	100.0
window	0x5ff8d0	0x197f4c	2	2	1.000	100.0
window	0x5ff8e0	0x197f50	4	6	0.667	100.0
winfile	0x5ffb20	0x198434	3	3	1.000	100.0
winfile	0x5ffb40	0x198468	2	4	0.500	100.0
winfile	0x5ffb60	0x19849c	2	2	1.000	100.0
winfile	0x5ffb70	0x1984a8	5	5	1.000	100.0
winfile	0x5ffb90	0x1984f0	5	4	1.250	100.0
winfile	0x5ffbc0	0x198568	13	10	1.300	100.0
winfile	0x5ffc50	0x1985b8	4	5	0.800	100.0
winfile	0x5ffc80	0x1985e4	4	4	1.000	100.0
winfile	0x5ffcb0	0x198610	3	3	1.000	100.0
winfile	0x5ffcd0	0x198630	3	3	1.000	100.0
winfile	0x5ffcf0	0x198650	3	3	1.000	100.0
winfile	0x5ffd20	0x198670	5	5	1.000	100.0
winfile	0x5ffd70	0x1986e4	3	3	1.000	100.0
winfile	0x5ffd90	0x198704	8	4	2.000	100.0
wingraph	0x6014c0	0x19a41c	2	2	1.000	100.0
wingraph	0x6014d0	0x19a424	2	2	1.000	100.0
wingraph	0x6014e0	0x19a42c	2	3	0.667	100.0
winmgr	0x602360	0x19aa08	2	2	1.000	100.0
winmgr	0x602370	0x19aa20	11	7	1.571	100.0
winmgr	0x6024a0	0x19ac14	17	30	0.567	100.0
winmgr	0x602520	0x19ad18	56	44	1.273	100.0
winmgr	0x6027a0	0x19aef4	63	46	1.370	100.0
winmgr	0x602a40	0x19b0fc	31	20	1.550	100.0
winmgr	0x602c50	0x19b428	9	13	0.692	100.0
