# GENERATED (ONE-SHOT): python3 scripts/archive/ghidra_recover_structs/recover_structs.py (ONE-SHOT, not a pipeline stage)
# ANALYSIS OUTPUT, NOT RETAIL EVIDENCE - Ghidra decompiler inference.
# Standing: lead-generator only. Same grade as the Dreamcast dump - a
# recovered offset still needs retail-byte proof before it is a claim.
# exe: HEROES3.EXE sha256=057c9d88e7206f6669a4615de2c6e02ab6c4e2d570a9e2badf07fe0bd6247274 size=2732032
# contents: one row per recovered offset; kind r/w/rw, !union = >1 width seen
class,offset,width,n_methods,kind
?$CAutoArray@VCDPlayAddressElement,0x0,4,3,rw
?$CAutoArray@VCDPlayAddressElement,0x4,4,1,r
?$CAutoArray@VCDPlayAddressElement,0x8,4,6,rw
?$CAutoArray@VCDPlayAddressElement,0xc,4,2,rw
?$CAutoArray@VCDPlayAddressElement,0x10,4,7,rw
?$money_get@DV?$istreambuf_iterator@DU?$char_traits@D@std,0x8,4,1,r
?$money_get@DV?$istreambuf_iterator@DU?$char_traits@D@std,0xc,4,1,r
?$money_get@GV?$istreambuf_iterator@GU?$char_traits@G@std,0x8,4,1,r
?$money_get@GV?$istreambuf_iterator@GU?$char_traits@G@std,0xc,4,1,r
Bitmap16Bit,0x0,4,3,rw
Bitmap16Bit,0x4,1,3,w
Bitmap16Bit,0x10,1,2,w
Bitmap16Bit,0x14,4,2,w
Bitmap16Bit,0x18,4,3,rw
Bitmap16Bit,0x1c,4,3,rw
Bitmap16Bit,0x20,4,2,w
Bitmap16Bit,0x24,4,9,rw
Bitmap16Bit,0x28,4,9,rw
Bitmap16Bit,0x2c,4,10,rw
Bitmap16Bit,0x30,4,10,rw
Bitmap16Bit,0x34,1,2,w
Bitmap24Bit,0x0,4,2,w
Bitmap24Bit,0x4,1,2,w
Bitmap24Bit,0x10,1,2,w
Bitmap24Bit,0x14,4,2,w
Bitmap24Bit,0x18,4,2,w
Bitmap24Bit,0x1c,4,3,rw
Bitmap24Bit,0x20,4,2,w
Bitmap24Bit,0x24,4,4,rw
Bitmap24Bit,0x28,4,2,w
Bitmap24Bit,0x2c,4,4,rw
Bitmap816,0x0,4,3,w
Bitmap816,0x4,1,2,w
Bitmap816,0x10,1,2,w
Bitmap816,0x14,4,2,w
Bitmap816,0x18,4,2,w
Bitmap816,0x1c,4,3,rw
Bitmap816,0x20,4,2,rw
Bitmap816,0x24,4,2,w
Bitmap816,0x28,4,2,w
Bitmap816,0x2c,4,2,w
Bitmap816,0x30,4,3,rw
Bitmap816,0x50,4,2,w
CAdvMgrNetMsgHandler,0x0,4,2,r
CAdvMgrNetMsgHandler,0x4,1,2,rw
CAdvMgrNetMsgHandler,0x8,4,3,rw
CAdvPopup,0x0,4,3,rw
CAdvPopup,0x4,4,1,w
CAdvPopup,0x8,4,1,w
CAdvPopup,0xc,4,1,w
CAdvPopup,0x10,4,1,w
CAdvPopup,0x14,4,1,w
CAdvPopup,0x18,4,1,w
CAdvPopup,0x1c,4,1,w
CAdvPopup,0x20,4,1,w
CAdvPopup,0x24,4,1,w
CAdvPopup,0x28,4,1,w
CAdvPopup,0x2c,4,1,w
CAdvPopup,0x30,1,1,w
CAdvPopup,0x34,4,2,rw
CAdvPopup,0x38,4,2,w
CAdvPopup,0x3c,4,2,w
CAdvPopup,0x40,4,1,w
CAdvPopup,0x44,4,2,rw
CAdvPopup,0x48,4,1,w
CAdvPopup,0x4c,4,1,w
CAdvPopup,0x50,4,1,w
CAdvPopup,0x54,4,1,w
CAdvPopup,0x58,4,1,w
CAdvPopup,0x5c,1,2,rw
CAdventurMapChatEdit,0x0,4,12,r
CAdventurMapChatEdit,0x4,4,7,r
CAdventurMapChatEdit,0x10,2,2,r
CAdventurMapChatEdit,0x16,1,2,rw
CAdventurMapChatEdit,0x17,1,1,rw
CAdventurMapChatEdit,0x18,2,4,rw
CAdventurMapChatEdit,0x1a,2,4,rw
CAdventurMapChatEdit,0x1c,2,3,rw
CAdventurMapChatEdit,0x1e,2,3,r
CAdventurMapChatEdit,0x2c,4,1,r
CAdventurMapChatEdit,0x34,4,5,r
CAdventurMapChatEdit,0x38,4,4,rw
CAdventurMapChatEdit,0x3c,4,1,r
CAdventurMapChatEdit,0x40,4,1,r
CAdventurMapChatEdit,0x44,4,1,r
CAdventurMapChatEdit,0x4c,4,1,r
CAdventurMapChatEdit,0x50,4,2,r
CAdventurMapChatEdit,0x54,4,3,rw
CAdventurMapChatEdit,0x58,2,2,rw
CAdventurMapChatEdit,0x5a,2,1,w
CAdventurMapChatEdit,0x5c,2,2,r
CAdventurMapChatEdit,0x5e,2,2,r
CAdventurMapChatEdit,0x60,2,1,r
CAdventurMapChatEdit,0x62,2,1,r
CAdventurMapChatEdit,0x68,2,1,r
CAdventurMapChatEdit,0x6a,2,1,r
CAdventurMapChatEdit,0x6d,1,2,r
CAdventurMapChatEdit,0x6e,1,1,w
CAdventurMapChatEdit,0x70,1,4,rw
CAutoArray<CDPlaySession>,0x0,4,1,rw
CAutoArray<CDPlaySession>,0x8,4,1,rw
CAutoArray<CDPlaySession>,0xc,4,1,w
CAutoArray<CDPlaySession>,0x10,4,1,rw
CChatEdit,0x0,4,3,rw
CChatEdit,0x4,4,1,r
CChatEdit,0x10,2,1,r
CChatEdit,0x18,2,2,r
CChatEdit,0x1a,2,2,r
CChatEdit,0x1c,2,2,r
CChatEdit,0x1e,2,2,r
CChatEdit,0x34,4,2,r
CChatEdit,0x38,4,2,rw
CChatEdit,0x3c,4,2,r
CChatEdit,0x40,4,1,r
CChatEdit,0x4c,4,1,w
CChatEdit,0x50,4,1,w
CChatEdit,0x54,4,1,w
CChatEdit,0x58,2,2,rw
CChatEdit,0x5a,2,2,rw
CChatEdit,0x5c,2,2,rw
CChatEdit,0x5e,2,1,w
CChatEdit,0x60,2,1,w
CChatEdit,0x62,2,1,w
CChatEdit,0x64,2,2,rw
CChatEdit,0x66,2,1,w
CChatEdit,0x68,2,1,r
CChatEdit,0x6a,2,2,rw
CChatEdit,0x6c,1,1,w
CChatEdit,0x6d,1,2,rw
CChatEdit,0x6e,1,2,rw
CChatManager,0x0,4,7,rw
CChatManager,0x4,4,4,rw
CChatManager,0x8,4,7,rw
CChatManager,0xc,4,3,rw
CChatManager,0x10,4,3,rw
CChatManager,0x14,1,5,rw
CChatManager,0x18,4,1,rw
CChatManager,0x1c,4,4,r
CChatManager,0x20,4,4,rw
CChatManager,0x24,1,2,w
CCombatChatEdit,0x0,4,4,r
CCombatChatEdit,0x4,4,4,r
CCombatChatEdit,0x10,2,1,r
CCombatChatEdit,0x18,2,2,r
CCombatChatEdit,0x1a,2,2,r
CCombatChatEdit,0x1c,2,2,r
CCombatChatEdit,0x1e,2,2,r
CCombatChatEdit,0x70,1,4,rw
CDPlay,0x0,4,5,rw
CDPlay,0x2c,4,38,rw
CDPlay,0x30,4,4,rw
CDPlay,0x34,4,4,rw
CDPlay,0x38,4,4,rw
CDPlay,0x3c,4,4,rw
CDPlay,0x40,4,37,rw
CDPlay,0x44,4,2,rw
CDPlay,0x48,4,2,rw
CDPlay,0x4c,4,2,rw
CDPlay,0x50,4,3,rw
CDPlay,0x56,1,5,rw
CDPlayLobby,0x0,4,1,r
CDPlayLobby,0x2c,4,7,rw
CDPlayLobby,0x40,4,9,w
CDPlayLobby,0x48,4,1,w
CDPlayLobby,0x4c,4,1,w
CDPlayLobby,0x50,4,2,w
CDPlayLobby,0x58,4,3,rw
CDPlayLobby,0x5c,4,2,rw
CHeroWindowEx,0x0,4,4,rw
CHeroWindowEx,0x4,4,1,w
CHeroWindowEx,0x8,4,1,w
CHeroWindowEx,0xc,4,1,w
CHeroWindowEx,0x10,4,1,w
CHeroWindowEx,0x14,4,1,w
CHeroWindowEx,0x18,4,2,rw
CHeroWindowEx,0x1c,4,2,rw
CHeroWindowEx,0x20,4,1,w
CHeroWindowEx,0x24,4,1,w
CHeroWindowEx,0x28,4,1,w
CHeroWindowEx,0x2c,4,3,rw
CHeroWindowEx,0x30,1,1,w
CHeroWindowEx,0x34,4,3,rw
CHeroWindowEx,0x38,4,3,rw
CHeroWindowEx,0x3c,4,2,w
CHeroWindowEx,0x40,4,1,w
CHeroWindowEx,0x44,4,2,rw
CHeroWindowEx,0x48,4,1,w
CHeroWindowEx,0x4c,4,2,rw
CHighScoreEdit,0x0,4,2,r
CHighScoreEdit,0x4,4,4,r
CHighScoreEdit,0x10,2,1,r
CHighScoreEdit,0x18,2,2,r
CHighScoreEdit,0x1a,2,2,r
CHighScoreEdit,0x1c,2,2,r
CHighScoreEdit,0x1e,2,2,r
CHighScoreEdit,0x34,4,1,r
CHighScoreEdit,0x38,4,1,w
CHighScoreEdit,0x3c,4,1,r
CHighScoreEdit,0x40,4,1,r
CHighScoreEdit,0x58,2,1,rw
CHighScoreEdit,0x5a,2,1,r
CHighScoreEdit,0x5c,2,1,r
CHighScoreEdit,0x64,2,1,r
CHighScoreEdit,0x68,2,1,r
CHighScoreEdit,0x6a,2,1,rw
CHighScoreEdit,0x6c,1,1,w
CHighScoreEdit,0x6d,1,2,rw
CHighScoreEdit,0x6e,1,2,r
CHighScoreEdit,0x70,4,1,r
CHighScoreEdit,0x74,4,1,r
CMCDeadHero,0x4,4,1,rw
CNetMsgHandler,0x0,4,1,rw
CNetMsgHandler,0x8,4,1,rw
CNetMsgHandler,0xc,4,1,w
CNetMsgHandler,0x10,4,1,rw
CNetMsgHandlerPause,0x0,4,1,w
CObject,0x4,1,1,r
CObject,0x5,1,1,r
CObject,0x8,2,2,r
CSequence,0x0,4,2,rw
CSequence,0x4,4,2,rw
CSequence,0x8,4,2,rw
CSprite,0x0,4,3,rw
CSprite,0x4,1,2,w
CSprite,0x10,1,1,w
CSprite,0x14,4,2,rw
CSprite,0x18,4,2,rw
CSprite,0x1c,4,14,rw
CSprite,0x20,4,16,rw
CSprite,0x24,4,3,rw
CSprite,0x28,4,3,rw
CSprite,0x2c,4,3,rw
CSprite,0x30,4,1,w
CSprite,0x34,4,1,w
CSpriteFrame,0x0,4,3,w
CSpriteFrame,0x4,1,2,w
CSpriteFrame,0x10,1,2,w
CSpriteFrame,0x14,4,2,w
CSpriteFrame,0x18,4,2,w
CSpriteFrame,0x1c,4,3,rw
CSpriteFrame,0x20,4,2,w
CSpriteFrame,0x24,4,7,rw
CSpriteFrame,0x28,4,9,rw
CSpriteFrame,0x2c,4,7,rw
CSpriteFrame,0x30,4,9,rw
CSpriteFrame,0x34,4,9,rw
CSpriteFrame,0x38,4,9,rw
CSpriteFrame,0x3c,4,9,rw
CSpriteFrame,0x40,4,6,rw
CSpriteFrame,0x44,4,10,rw
CTextDialog,0x0,4,2,rw
CTextDialog,0x4,4,1,w
CTextDialog,0x8,4,1,w
CTextDialog,0xc,4,1,w
CTextDialog,0x10,4,1,w
CTextDialog,0x14,4,1,w
CTextDialog,0x18,4,2,w
CTextDialog,0x1c,4,2,w
CTextDialog,0x20,4,2,rw
CTextDialog,0x24,4,2,rw
CTextDialog,0x28,4,2,rw
CTextDialog,0x2c,4,2,rw
CTextDialog,0x30,1,1,w
CTextDialog,0x34,4,2,rw
CTextDialog,0x38,4,2,rw
CTextDialog,0x3c,4,2,rw
CTextDialog,0x40,4,1,w
CTextDialog,0x44,4,1,w
CTextDialog,0x48,4,1,w
CTextDialog,0x4c,4,1,w
CTextDialog,0x54,4,3,rw
CTextEntrySave,0x20,4,1,r
CTextEntrySave,0x24,4,1,r
CTurnDuration,0x0,4,4,rw
CTurnDuration,0x4,4,8,rw
CTurnDuration,0x8,4,6,rw
CTurnDuration,0xc,4,3,rw
CTurnDuration,0x10,4,5,rw
CampaignHeaderStruct,0x0,4,1,w
CampaignHeaderStruct,0x8,4,2,rw
CampaignHeaderStruct,0xc,4,1,w
CampaignHeaderStruct,0x10,4,1,w
CampaignHeaderStruct,0x14,4,1,rw
CampaignHeaderStruct,0x18,4,1,rw
CampaignHeaderStruct,0x20,4,1,rw
CampaignHeaderStruct,0x24,4,2,rw
CampaignHeaderStruct,0x28,4,1,w
CampaignHeaderStruct,0x30,4,1,rw
CampaignHeaderStruct,0x34,4,1,w
CampaignHeaderStruct,0x38,4,1,w
CampaignHeaderStruct,0x40,4,2,rw
CampaignHeaderStruct,0x44,4,2,rw
CampaignHeaderStruct,0x48,4,1,w
CampaignHeaderStruct,0x4c,4,1,rw
CampaignHeaderStruct,0x50,4,1,rw
CampaignHeaderStruct,0x54,1,1,w
CampaignHeaderStruct,0x58,4,1,w
ExtraInfoUnion,0x0,4,5,rw
File,0x0,4,3,rw
File,0x4,4,13,rw
File,0x108,1,1,w
LODFile,0x0,4,4,rw
LODFile,0x4,1,1,w
LODFile,0x104,4,5,rw
LODFile,0x108,4,4,rw
LODFile,0x10c,4,2,rw
LODFile,0x110,4,2,rw
LODFile,0x114,4,2,rw
LODFile,0x118,4,3,rw
LODFile,0x124,4,1,r
LODFile,0x178,4,3,rw
LODFile,0x180,4,6,rw
LODFile,0x184,4,2,rw
LODFile,0x188,4,1,w
LossConditionStruct,0x0,1,5,rw
LossConditionStruct,0x4,2,1,r
LossConditionStruct,0x8,2,1,r
LossConditionStruct,0xc,1,1,r
LossConditionStruct,0x1c,4,2,rw
LossConditionStruct,0x20,2,1,r
LossConditionStruct,0x22,1,4,w
LossConditionStruct,0x23,1,3,w
NewSMapHeader,0x0,4,2,rw
NewSMapHeader,0x4,1,1,w
NewSMapHeader,0x5,1,1,w
NewSMapHeader,0x6,1,1,w
NewSMapHeader,0x7,1,1,w
NewSMapHeader,0x8,1,1,w
NewSMapHeader,0x9,1,1,w
NewSMapHeader,0xa,1,1,w
NewSMapHeader,0xb,1,1,w
NewSMapHeader,0xc,1,1,w
NewSMapHeader,0xd,1,1,w
NewSMapHeader,0x18,4,1,w
NewSMapHeader,0x1c,1,1,w
NewSMapHeader,0x20,4,2,w!union
NewSMapHeader,0x24,4,2,rw
NewSMapHeader,0x28,4,2,rw
NewSMapHeader,0x2c,4,3,rw
NewSMapHeader,0x30,4,2,w!union
NewSMapHeader,0x40,4,1,r
NewSMapHeader,0x58,4,1,r
NewSMapHeader,0x64,4,1,r
NewSMapHeader,0x6c,4,1,w
NewSMapHeader,0x78,1,1,w
NewSMapHeader,0x79,1,1,w
NewSMapHeader,0x7c,4,2,w!union
NewSMapHeader,0x9e,1,1,w
NewSMapHeader,0x9f,1,1,w
NewSMapHeader,0xa0,1,1,w
NewSMapHeader,0xa1,1,1,w
NewSMapHeader,0xa4,4,1,w
NewSMapHeader,0xa8,2,1,w
NewSMapHeader,0xaa,1,1,w
NewSMapHeader,0xab,1,1,w
NewSMapHeader,0xac,1,1,w
NewSMapHeader,0xb0,4,1,w
NewSMapHeader,0xb4,4,1,w
NewSMapHeader,0xb8,1,1,w
NewSMapHeader,0xbc,4,1,w
NewSMapHeader,0xc0,4,1,w
NewSMapHeader,0xc4,1,1,w
NewSMapHeader,0xd0,4,1,w
NewSMapHeader,0x2c0,1,1,w
NewSMapHeader,0x2c1,1,2,w
NewSMapHeader,0x2c4,4,2,rw
NewSMapHeader,0x2c8,1,1,w
NewSMapHeader,0x2cc,4,1,w
NewfullMap,0x0,1,1,w
NewfullMap,0x4,4,2,rw
NewfullMap,0x8,4,1,w
NewfullMap,0xc,4,1,w
NewfullMap,0x10,1,1,w
NewfullMap,0x14,4,2,rw
NewfullMap,0x18,4,1,w
NewfullMap,0x1c,4,1,w
NewfullMap,0x20,1,1,w
NewfullMap,0x24,4,2,rw
NewfullMap,0x28,4,2,rw
NewfullMap,0x2c,4,1,w
NewfullMap,0x30,1,1,w
NewfullMap,0x34,4,1,w
NewfullMap,0x38,4,1,w
NewfullMap,0x3c,4,1,w
NewfullMap,0x40,1,1,w
NewfullMap,0x44,4,1,w
NewfullMap,0x48,4,1,w
NewfullMap,0x4c,4,1,w
NewfullMap,0x50,1,1,w
NewfullMap,0x54,4,1,w
NewfullMap,0x58,4,1,w
NewfullMap,0x5c,4,1,w
NewfullMap,0x60,1,1,w
NewfullMap,0x64,4,2,rw
NewfullMap,0x68,4,2,rw
NewfullMap,0x6c,4,2,w
NewfullMap,0x70,1,1,w
NewfullMap,0x74,4,2,rw
NewfullMap,0x78,4,2,rw
NewfullMap,0x7c,4,2,w
NewfullMap,0x80,1,1,w
NewfullMap,0x84,4,2,rw
NewfullMap,0x88,4,2,rw
NewfullMap,0x8c,4,2,w
NewfullMap,0x90,1,1,w
NewfullMap,0x94,4,2,rw
NewfullMap,0x98,4,2,rw
NewfullMap,0x9c,4,2,w
NewfullMap,0xa0,1,1,w
NewfullMap,0xa4,4,2,rw
NewfullMap,0xa8,4,2,rw
NewfullMap,0xac,4,2,w
NewfullMap,0xb0,1,1,w
NewfullMap,0xb4,4,2,rw
NewfullMap,0xb8,4,2,rw
NewfullMap,0xbc,4,2,w
NewfullMap,0xc0,1,1,w
NewfullMap,0xc4,4,2,rw
NewfullMap,0xc8,4,2,w
NewfullMap,0xcc,4,2,w
NewfullMap,0xd0,4,3,rw
NewfullMap,0xd4,4,1,r
NewmapCell,0x0,4,7,rw
NewmapCell,0x4,4,2,rw
NewmapCell,0x8,4,1,rw
NewmapCell,0xc,2,4,rw!union
NewmapCell,0xd,1,1,r
NewmapCell,0xe,1,1,w
NewmapCell,0x12,4,4,rw
NewmapCell,0x16,4,4,rw
NewmapCell,0x1a,4,2,w
NewmapCell,0x1e,4,8,rw
NewmapCell,0x22,2,2,rw
NewmapCell,0x24,2,2,rw
SCampaign,0x0,1,1,w
SCampaign,0x1,1,1,w
SCampaign,0x2,1,2,rw
SCampaign,0x4,4,2,rw
SCampaign,0x8,4,2,rw
SCampaign,0xc,4,2,rw!union
SCampaign,0x10,4,1,w
SCampaign,0x14,1,1,w
SCampaign,0x18,4,1,w
SCampaign,0x1c,4,1,w
SCampaign,0x20,4,1,w
SCampaign,0x24,4,1,w
SCampaign,0x28,4,1,w
SCampaign,0x2c,4,1,w
SCampaign,0x30,4,1,w
SCampaign,0x34,4,1,w
SCampaign,0x38,1,1,w
SCampaign,0x3c,1,1,w
SCampaign,0x40,4,1,w
SCampaign,0x44,4,1,w
SCampaign,0x48,4,1,w
SCampaign,0x4c,1,1,w
SCampaign,0x50,4,1,w
SCampaign,0x54,4,1,w
SCampaign,0x58,4,1,w
SCampaign,0x5c,1,1,w
SCampaign,0x60,4,3,rw
SCampaign,0x64,4,2,rw
SCampaign,0x68,4,1,w
SCampaign,0x6c,1,1,w
SCampaign,0x70,4,1,w
SCampaign,0x74,4,1,w
SCampaign,0x78,4,1,w
SavedGameHeader,0x0,1,1,w
SavedGameHeader,0x4,4,1,w
SavedGameHeader,0x8,4,1,w
SavedGameHeader,0x10,4,1,w
SavedGameHeader,0x15,1,1,w
SavedGameHeader,0x16,1,1,w
SavedGameHeader,0x17,1,1,w
SavedGameHeader,0x18,1,1,w
SavedGameHeader,0x19,1,1,w
SavedGameHeader,0x1a,1,1,w
SavedGameHeader,0x34,4,1,rw
SavedGameHeader,0x38,4,1,rw
SavedGameHeader,0x3c,4,1,w
SavedGameHeader,0x2e0,1,1,w
SavedGameHeader,0x2e4,4,1,rw
SavedGameHeader,0x2e8,4,1,w
SavedGameHeader,0x2ec,4,1,w
SavedGameHeader,0x2f0,1,1,w
SavedGameHeader,0x324,4,1,w
SavedGameHeader,0x34c,1,1,w
SavedGameHeader,0x34d,2,1,w
SavedGameHeader,0x34f,1,1,w
SavedGameHeader,0x448,4,1,w
SavedGameHeader,0x4b4,1,1,w
SavedGameHeader,0x4b5,1,1,w
SavedGameHeader,0x4b6,1,1,w
SavedGameHeader,0x4b7,1,1,w
SavedGameHeader,0x4b8,4,1,w
SavedGameHeader,0x534,4,1,rw
SavedGameHeader,0x538,4,1,rw
SavedGameHeader,0x53c,4,1,w
SavedGameHeader,0x544,4,1,rw
SavedGameHeader,0x548,4,1,rw
SavedGameHeader,0x54c,4,1,w
SavedGameHeader,0x554,4,1,rw
SavedGameHeader,0x558,4,1,w
SavedGameHeader,0x55c,4,1,w
SavedGameHeader,0x560,1,1,w
SavedGameHeader,0x564,4,2,rw
SavedGameHeader,0x568,4,2,w
SavedGameHeader,0x56c,4,2,w
TAbstractFile,0x0,4,1,w
TAdventureMapWindow,0x0,4,13,rw
TAdventureMapWindow,0x4,4,2,w
TAdventureMapWindow,0x8,4,1,w
TAdventureMapWindow,0xc,4,1,w
TAdventureMapWindow,0x10,4,3,rw!union
TAdventureMapWindow,0x14,4,3,rw!union
TAdventureMapWindow,0x18,4,3,rw
TAdventureMapWindow,0x1c,4,3,rw
TAdventureMapWindow,0x20,4,2,rw
TAdventureMapWindow,0x24,4,2,rw
TAdventureMapWindow,0x28,4,2,rw
TAdventureMapWindow,0x2c,4,15,rw
TAdventureMapWindow,0x30,1,1,w
TAdventureMapWindow,0x34,4,4,rw
TAdventureMapWindow,0x38,4,4,rw
TAdventureMapWindow,0x3c,4,2,rw
TAdventureMapWindow,0x40,4,11,rw
TAdventureMapWindow,0x44,4,2,rw
TAdventureMapWindow,0x48,4,1,w
TAdventureMapWindow,0x4c,4,1,w
TAdventureMapWindow,0x50,4,1,w
TAdventureMapWindow,0x54,4,2,rw
TAdventureMapWindow,0x58,4,1,r
TAdventureMapWindow,0x5c,4,2,r
TAdventureMapWindow,0x60,4,1,r
TAdventureMapWindow,0x64,4,7,rw
TAdventureMapWindow,0x68,4,7,rw
TAdventureMapWindow,0x6c,1,2,rw
TAdventureMapWindow,0x84,4,1,r
TAdventureMapWindow,0x98,4,5,rw
TAdventureMapWindow,0x9c,4,4,rw
TAdventureOptionsWindow,0x0,4,2,r
TAdventureOptionsWindow,0x34,4,1,r
TAdventureOptionsWindow,0x38,4,1,r
TAdventureOptionsWindow,0x50,4,1,r
TAdventureOptionsWindow,0x54,4,1,r
TAdventureOptionsWindow,0x58,4,1,r
TAdventureOptionsWindow,0x60,4,1,r
TCampaignBrief,0x0,4,2,w
TCampaignBrief,0x4,4,1,w
TCampaignBrief,0x8,4,1,w
TCampaignBrief,0xc,4,1,w
TCampaignBrief,0x10,4,1,w
TCampaignBrief,0x14,4,1,w
TCampaignBrief,0x18,4,1,w
TCampaignBrief,0x1c,4,1,w
TCampaignBrief,0x20,4,1,rw
TCampaignBrief,0x24,4,1,rw
TCampaignBrief,0x28,4,1,w
TCampaignBrief,0x2c,4,1,w
TCampaignBrief,0x30,1,1,w
TCampaignBrief,0x34,4,2,rw
TCampaignBrief,0x38,4,2,rw
TCampaignBrief,0x3c,4,2,rw
TCampaignBrief,0x40,4,1,w
TCampaignBrief,0x44,4,2,rw
TCampaignBrief,0x48,4,1,w
TCampaignBrief,0x4c,4,2,rw
TCampaignBrief,0x50,4,1,r
TCampaignBrief,0x54,1,1,w
TCampaignBrief,0x58,4,2,rw
TCampaignBrief,0x5c,4,2,rw
TCampaignBrief,0x60,4,2,w
TCampaignBrief,0x64,4,2,rw
TCampaignBrief,0x6c,4,1,w
TCampaignMenu,0x0,4,1,r
TCampaignMenu,0x2c,4,1,r
TCombatResultsWindow,0x0,4,1,r
TCombatResultsWindow,0x4,4,1,w
TCombatResultsWindow,0x10,4,2,r!union
TCombatResultsWindow,0x14,1,2,rw
TCombatResultsWindow,0x18,4,1,r
TCombatResultsWindow,0x1c,4,1,r
TCombatResultsWindow,0x20,4,1,r
TCombatResultsWindow,0x24,4,1,r
TCombatResultsWindow,0x2c,4,1,r
TDialogBox,0x0,4,3,w
TDialogBox,0x4,4,2,w
TDialogBox,0x8,4,2,w
TDialogBox,0xc,4,2,w
TDialogBox,0x10,4,2,w
TDialogBox,0x14,4,2,w
TDialogBox,0x18,4,4,w!union
TDialogBox,0x1a,4,1,w
TDialogBox,0x1c,4,3,w
TDialogBox,0x1e,4,1,w
TDialogBox,0x20,4,3,rw
TDialogBox,0x22,1,1,w
TDialogBox,0x23,1,1,w
TDialogBox,0x24,4,3,rw
TDialogBox,0x28,4,2,w
TDialogBox,0x2c,4,2,w
TDialogBox,0x30,4,3,w!union
TDialogBox,0x34,4,4,rw!union
TDialogBox,0x35,4,1,w
TDialogBox,0x38,4,3,rw
TDialogBox,0x39,4,1,w
TDialogBox,0x3c,4,3,rw
TDialogBox,0x3d,2,1,w
TDialogBox,0x3f,2,1,w
TDialogBox,0x40,4,2,w
TDialogBox,0x41,2,1,w
TDialogBox,0x43,1,1,w
TDialogBox,0x44,4,3,w!union
TDialogBox,0x45,1,1,w
TDialogBox,0x46,1,1,w
TDialogBox,0x47,1,1,w
TDialogBox,0x48,4,3,w!union
TDialogBox,0x49,4,1,w
TDialogBox,0x4c,4,2,w
TDialogBox,0x4d,4,1,w
TDialogBox,0x51,4,1,w
TDialogBox,0x55,2,1,w
TDialogBox,0x57,4,1,w
TDialogBox,0x5b,4,1,w
TDialogBox,0x5f,4,1,w
TDialogBox,0x63,4,1,w
TDialogBox,0x67,4,1,w
TDialogBox,0x6b,4,1,w
TDialogBox,0x6f,4,1,w
TDialogBox,0x73,4,1,w
TDialogBox,0x77,4,1,w
TDialogBox,0x7b,4,1,w
TDialogBox,0x7f,4,1,w
TDialogBox,0x83,4,1,w
TDialogBox,0x87,4,1,w
TDialogBox,0x8b,4,1,w
TDialogBox,0x8f,1,1,w
TDialogBox,0x90,1,1,w
TDialogBox,0x91,4,1,w
TDialogBox,0xc9,1,1,w
TDialogBox,0xe5,1,1,w
TDialogBox,0x101,4,1,w
TDialogBox,0x105,4,1,w
TDialogBox,0x109,4,1,w
TDialogBox,0x10d,1,1,w
TDialogBox,0x10e,4,1,w
TDialogBox,0x112,4,1,w
TDialogBox,0x116,4,1,w
TDialogBox,0x11a,1,1,w
TDialogBox,0x11b,1,1,w
TDialogBox,0x11c,1,1,w
TDialogBox,0x11d,4,1,w
TDialogBox,0x121,4,1,w
TDialogBox,0x125,4,1,w
TDialogBox,0x129,4,1,w
TDialogBox,0x12d,4,1,w
TDialogBox,0x131,4,1,w
TDialogBox,0x1c5,1,1,w
TDialogBox,0x1d4,4,1,w
TDialogBox,0x1d8,4,1,w
TDialogBox,0x3d4,1,1,w
TDialogBox,0x3d5,4,1,w
TDialogBox,0x3d9,1,1,w
TDialogBox,0x3de,4,1,rw
TDialogBox,0x3e2,4,1,rw
TDialogBox,0x3e6,4,1,rw
TDialogBox,0x3ea,1,1,w
TDialogBox,0x430,1,1,w
TDialogBox,0x476,1,1,w
TDialogBox,0x47a,4,1,w
TDialogBox,0x47e,4,1,w
TDialogBox,0x482,4,1,w
TDialogBox,0x486,4,1,w
TDialogBox,0x48a,4,1,w
TDialogBox,0x48e,4,1,w
TGzFile,0x0,4,2,w
TGzFile,0x4,4,1,w
TGzInflateBuf,0x0,4,4,rw
TGzInflateBuf,0xc,4,2,r
TGzInflateBuf,0x10,4,1,r
TGzInflateBuf,0x1c,4,4,r
TGzInflateBuf,0x20,4,2,r
TGzInflateBuf,0x2c,4,4,r
TGzInflateBuf,0x30,4,2,r
TGzInflateBuf,0x34,4,1,w
TGzInflateBuf,0x38,4,2,rw
TGzInflateBuf,0x3c,4,2,rw
TGzInflateBuf,0x40,4,2,rw
TGzInflateBuf,0x48,4,2,rw
TGzInflateBuf,0x4c,4,2,rw
TGzInflateBuf,0x5c,4,1,w
TGzInflateBuf,0x60,4,1,w
TGzInflateBuf,0x74,4,2,rw
TGzInflateBuf,0x78,4,2,rw
TGzInflateBuf,0x7c,4,2,w
TGzInflateBuf,0x80,1,2,rw
TGzInflateBuf,0x81,1,2,rw
TGzInflateBuf,0x82,1,2,rw
THeroScreenWindow,0x0,4,2,r
THeroScreenWindow,0x60,4,1,r
TPalette16,0x0,4,9,w
TPalette16,0x4,1,8,w
TPalette16,0x10,1,8,w
TPalette16,0x14,4,8,w
TPalette16,0x18,4,8,w
TPalette16,0x1c,4,7,w!union
TPalette16,0x30,2,3,rw
TPalette24,0x0,4,3,w
TPalette24,0x4,1,2,w
TPalette24,0x10,1,2,w
TPalette24,0x14,4,2,w
TPalette24,0x18,4,2,w
TPalette24,0x1c,4,3,w!union
TPalette24,0x1d,1,1,w
TPalette24,0x1e,1,1,w
TPalette24,0x3a,1,1,rw
TPalette24,0x3b,1,1,rw
TPalette24,0x3c,1,1,rw
TPickANumber,0x0,4,2,rw
TPickANumber,0x4,4,2,rw
TPickANumber,0x8,1,1,w
TPickANumber,0xc,4,2,rw
TPickANumber,0x10,4,1,w
TPickANumber,0x14,4,1,w
TPlayerSlotAttributes,0x0,1,1,w
TPlayerSlotAttributes,0x1,1,1,w
TPlayerSlotAttributes,0x4,4,1,w
TPlayerSlotAttributes,0x8,2,1,w
TPlayerSlotAttributes,0xa,1,1,w
TPlayerSlotAttributes,0xb,1,1,w
TPlayerSlotAttributes,0x18,1,1,w
TPlayerSlotAttributes,0x1c,4,1,w
TPlayerSlotAttributes,0x20,4,1,w
TPlayerSlotAttributes,0x24,1,1,w
TPlayerSlotAttributes,0x30,4,1,w
TPlayerSlotAttributes,0x34,1,1,w
TPlayerSlotAttributes,0x38,4,2,rw
TPlayerSlotAttributes,0x3c,4,2,rw
TPlayerSlotAttributes,0x40,4,2,w
TQuestGuard,0x0,4,5,rw
TQuestGuard,0x4,1,3,rw
TQuestGuard,0x5,4,1,w
TQuestGuard,0x11,1,1,w
TQuestGuard,0x12,1,1,w
TResourceDisplay,0x0,4,2,w
TResourceDisplay,0x4,4,3,rw!union
TResourceDisplay,0x8,4,3,rw!union
TResourceDisplay,0xc,4,3,rw
TResourceDisplay,0x10,4,3,rw
TResourceDisplay,0x18,4,1,rw
TResourceDisplay,0x1c,4,1,w
TResourceDisplay,0x20,4,1,w
TResourceDisplay,0x24,4,3,rw
TResourceDisplay,0x28,4,3,rw
TResourceDisplay,0x2c,4,3,rw
TResourceDisplay,0x30,4,1,r
TResourceDisplay,0x34,1,1,w
TResourceDisplay,0x38,4,4,rw
TResourceDisplay,0x54,4,2,rw
TResourceDisplay,0x70,4,4,rw
TResourceDisplay,0x74,4,4,rw
TSeerReward,0x0,4,3,r
TSeerReward,0x4,4,3,r
TSeerReward,0x8,4,3,r
TSkuttleBoatWindow,0x0,4,1,r
TSplitWindow,0x0,4,2,rw
TSplitWindow,0x18,4,1,r
TSplitWindow,0x1c,4,1,r
TSplitWindow,0x2c,4,1,r
TSplitWindow,0x34,4,1,r
TSplitWindow,0x38,4,1,r
TSplitWindow,0x40,4,1,r
TSplitWindow,0x5c,1,1,r
TSplitWindow,0x60,4,1,r
TSplitWindow,0x64,4,1,r
TSplitWindow,0x68,4,1,r
TSplitWindow,0x6c,4,1,r
TSplitWindow,0x70,4,1,rw
TSplitWindow,0x74,4,1,rw
TSplitWindow,0x7c,4,1,r
TSpreadsheetResource,0x0,4,3,rw
TSpreadsheetResource,0x4,4,3,rw!union
TSpreadsheetResource,0x10,2,2,rw!union
TSpreadsheetResource,0x14,4,1,w
TSpreadsheetResource,0x16,1,2,rw
TSpreadsheetResource,0x17,1,1,rw
TSpreadsheetResource,0x18,4,3,rw!union
TSpreadsheetResource,0x1a,2,2,rw
TSpreadsheetResource,0x1c,2,3,rw!union
TSpreadsheetResource,0x1e,2,2,r
TSpreadsheetResource,0x20,4,2,rw
TSpreadsheetResource,0x24,4,2,rw
TSpreadsheetResource,0x28,4,2,w
TSpreadsheetResource,0x2c,4,3,rw
TSpreadsheetResource,0x30,4,1,w
TSpreadsheetResource,0x34,4,2,rw
TSpreadsheetResource,0x38,4,1,w
TSpreadsheetResource,0x3c,4,1,rw
TSpreadsheetResource,0x40,4,1,r
TSpreadsheetResource,0x44,4,2,rw
TSpreadsheetResource,0x48,4,1,r
TSpreadsheetResource,0x4c,4,1,r
TStreamBufFile,0x4,4,2,r
TSubWindow,0x0,4,4,rw
TSubWindow,0x4,4,7,rw!union
TSubWindow,0x8,4,7,rw!union
TSubWindow,0xc,4,6,rw
TSubWindow,0x10,4,6,rw
TSubWindow,0x14,1,2,w
TSubWindow,0x18,4,3,rw
TSubWindow,0x1c,4,3,w
TSubWindow,0x20,4,3,w
TSubWindow,0x24,4,7,rw
TSubWindow,0x28,4,4,rw
TSubWindow,0x2c,4,4,rw
TSubWindow,0x30,4,5,rw
TTextResource,0x0,4,2,w
TTextResource,0x4,1,1,w
TTextResource,0x10,1,1,w
TTextResource,0x14,4,1,w
TTextResource,0x18,4,1,w
TTextResource,0x1c,1,1,w
TTextResource,0x20,4,2,rw
TTextResource,0x24,4,2,rw
TTextResource,0x28,4,2,w
TTextResource,0x2c,4,2,rw
TTextResource,0x30,4,1,r
VictoryConditionStruct,0x0,1,14,rw
VictoryConditionStruct,0x2,1,8,r
VictoryConditionStruct,0x4,4,2,r
VictoryConditionStruct,0x8,4,1,r
VictoryConditionStruct,0xc,4,1,r
VictoryConditionStruct,0x10,4,1,r
VictoryConditionStruct,0x14,4,1,r
VictoryConditionStruct,0x18,4,6,r!union
VictoryConditionStruct,0x1c,4,6,r!union
VictoryConditionStruct,0x20,4,6,r!union
VictoryConditionStruct,0x24,1,1,r
VictoryConditionStruct,0x25,1,1,r
VictoryConditionStruct,0x34,4,1,r
VictoryConditionStruct,0x38,2,1,r
VictoryConditionStruct,0x3c,2,1,r
VictoryConditionStruct,0x40,1,1,r
VictoryConditionStruct,0x44,4,1,r
VictoryConditionStruct,0x48,1,13,w
VictoryConditionStruct,0x49,1,12,w
_ResourceManager,0x0,1,1,r
advManager,0x0,4,3,rw!union
advManager,0x2,2,1,rw
advManager,0xc,4,1,w
advManager,0x10,4,1,w
advManager,0x14,1,1,w
advManager,0x34,4,6,rw
advManager,0x38,4,4,rw
advManager,0x3c,1,10,rw
advManager,0x3d,1,1,w
advManager,0x40,4,2,rw
advManager,0x44,4,32,rw
advManager,0x48,4,6,rw
advManager,0x4c,4,12,rw
advManager,0x50,4,6,rw
advManager,0x54,4,5,rw
advManager,0x58,4,6,rw
advManager,0x5c,4,21,rw!union
advManager,0x60,4,3,rw
advManager,0x8c,4,3,rw
advManager,0x90,4,1,w
advManager,0x91,4,1,r
advManager,0x94,4,1,w
advManager,0x98,4,1,w
advManager,0xa0,4,3,rw
advManager,0xa4,4,1,w
advManager,0xa8,4,1,w
advManager,0xac,4,3,rw
advManager,0xad,4,1,r
advManager,0xb0,4,3,rw
advManager,0xb4,4,5,rw
advManager,0xb8,4,5,rw
advManager,0xbc,4,5,rw
advManager,0xc0,4,5,rw
advManager,0xc4,4,2,w
advManager,0xc8,4,8,rw
advManager,0xcc,4,3,rw
advManager,0xd0,1,1,w
advManager,0xd4,4,4,rw
advManager,0xd8,4,4,rw
advManager,0xdc,4,4,rw
advManager,0xe0,4,3,rw
advManager,0xe4,4,23,rw!union
advManager,0xe6,2,19,rw
advManager,0xe8,4,2,r!union
advManager,0xea,2,1,r
advManager,0xec,4,8,rw!union
advManager,0xf0,4,3,rw!union
advManager,0xf4,4,2,w
advManager,0xf8,4,1,w
advManager,0xfc,4,1,w
advManager,0x100,4,14,rw
advManager,0x104,1,15,rw
advManager,0x108,4,1,w
advManager,0x10c,4,2,rw
advManager,0x154,4,2,rw
advManager,0x160,4,2,rw
advManager,0x16c,4,3,rw
advManager,0x18c,4,3,rw
advManager,0x1ec,1,16,rw
advManager,0x1f0,4,7,rw
advManager,0x1f4,4,9,rw!union
advManager,0x1fc,4,4,w
advManager,0x200,4,6,w
advManager,0x204,4,1,w
advManager,0x208,4,9,w
advManager,0x20c,1,10,rw
advManager,0x210,4,1,w
advManager,0x218,4,4,w
advManager,0x21c,4,4,w
advManager,0x220,4,3,w
advManager,0x224,4,8,rw
advManager,0x228,4,8,rw
advManager,0x22c,4,8,rw
advManager,0x248,4,3,rw
advManager,0x360,4,3,rw
advManager,0x388,4,1,r
advManager,0x38c,4,7,rw
advManager,0x390,1,5,rw
advManager,0x394,4,6,rw
advManager,0x398,4,10,rw
advManager,0x39c,4,10,rw
advManager,0x3a0,4,3,rw
advManager,0x3a4,4,3,rw
advManager,0x3a8,1,1,w
advManager,0x3ac,4,4,rw
advManager,0x3b0,4,4,w
advManager,0x3b4,4,4,rw
army,0x0,1,3,w
army,0x1,1,1,w
army,0x2,1,3,w
army,0x3,1,1,w
army,0x4,1,1,w
army,0x8,4,5,w
army,0xc,1,2,w
army,0x10,4,13,rw
army,0x14,4,10,rw
army,0x18,4,2,w
army,0x1c,4,7,rw
army,0x20,1,9,rw
army,0x24,4,1,w
army,0x28,4,1,w
army,0x2c,4,2,rw
army,0x30,1,7,rw
army,0x31,1,6,w
army,0x34,4,43,rw
army,0x38,4,37,rw
army,0x3c,4,15,rw
army,0x40,4,15,rw
army,0x44,4,42,rw
army,0x48,4,6,rw
army,0x4c,4,30,rw
army,0x50,4,6,rw
army,0x54,4,1,w
army,0x58,4,17,rw
army,0x5c,4,1,w
army,0x60,4,3,rw
army,0x64,4,1,w
army,0x68,4,9,rw
army,0x6c,4,9,rw
army,0x70,4,6,w
army,0x74,4,3,rw
army,0x78,4,5,r
army,0x84,4,54,rw!union
army,0xc0,4,16,rw
army,0xc4,4,14,rw
army,0xc8,4,12,rw
army,0xcc,4,11,rw
army,0xd0,4,9,r
army,0xd4,4,9,r
army,0xd8,4,10,rw
army,0xdc,4,4,rw
army,0xe8,1,1,w
army,0xe9,1,4,w
army,0xea,1,3,w
army,0xec,4,1,w
army,0xf0,1,1,w
army,0xf4,4,42,rw!union
army,0xf8,4,12,rw!union
army,0xfc,4,1,w
army,0x100,4,5,rw
army,0x104,4,5,rw
army,0x108,4,1,w
army,0x10c,4,4,w
army,0x110,4,1,w
army,0x14c,4,3,r
army,0x150,4,2,r
army,0x158,4,8,w
army,0x15c,4,3,r
army,0x164,4,17,rw
army,0x168,4,5,rw
army,0x16c,4,6,rw
army,0x170,4,5,rw
army,0x17c,4,4,r
army,0x188,4,2,r
army,0x18c,4,3,r
army,0x190,4,1,w
army,0x194,4,12,rw
army,0x198,4,5,rw
army,0x204,4,4,r
army,0x208,4,4,r
army,0x20c,4,1,r
army,0x228,4,1,r
army,0x23c,4,9,r
army,0x240,4,9,r
army,0x244,4,4,r
army,0x248,4,4,r
army,0x25c,4,1,r
army,0x260,4,1,r
army,0x264,4,1,r
army,0x268,4,1,r
army,0x270,4,6,r
army,0x274,4,4,r
army,0x278,4,6,rw
army,0x280,4,1,r
army,0x284,4,2,r
army,0x288,4,32,r
army,0x28c,4,12,r
army,0x290,4,3,r
army,0x2b0,4,10,r
army,0x2b4,4,1,r
army,0x2b8,4,4,r
army,0x2c0,4,3,r
army,0x2dc,4,1,w
army,0x420,1,2,w
army,0x424,4,10,rw
army,0x428,4,11,rw
army,0x42c,4,11,rw
army,0x430,4,10,rw
army,0x434,4,3,w
army,0x438,4,3,rw
army,0x43c,4,10,rw
army,0x440,4,3,rw
army,0x444,4,3,rw
army,0x448,4,3,rw
army,0x44c,4,4,rw
army,0x450,4,4,rw
army,0x454,4,4,rw
army,0x458,4,11,rw
army,0x45c,4,11,rw
army,0x460,4,2,rw
army,0x464,4,6,rw
army,0x468,4,6,rw
army,0x46c,4,9,rw
army,0x470,4,9,rw
army,0x474,4,1,w
army,0x478,4,9,rw
army,0x47c,4,3,rw
army,0x480,4,3,rw
army,0x484,4,3,rw
army,0x488,4,3,rw
army,0x48c,4,6,rw
army,0x490,4,9,rw
army,0x494,4,3,rw
army,0x498,4,2,w
army,0x49c,4,4,rw
army,0x4a0,4,3,rw
army,0x4a4,4,3,rw
army,0x4a8,4,2,w
army,0x4ac,4,2,w
army,0x4b0,4,2,w
army,0x4b4,4,2,w
army,0x4b8,4,6,rw
army,0x4bc,4,6,rw
army,0x4c0,1,3,rw
army,0x4c1,1,3,rw
army,0x4c4,4,10,rw
army,0x4c8,4,2,w
army,0x4cc,4,9,rw
army,0x4d0,4,9,rw
army,0x4d4,4,9,rw
army,0x4d8,1,1,w
army,0x4dc,4,2,rw
army,0x4e0,4,4,rw
army,0x4e4,4,3,rw
army,0x4e8,4,2,w
army,0x4ec,4,6,rw
army,0x4f0,1,3,rw
army,0x4f1,1,5,rw
army,0x4f4,1,2,w
army,0x4f8,4,7,rw
army,0x4fc,4,7,rw
army,0x500,4,3,w
army,0x504,1,2,w
army,0x508,4,13,rw
army,0x50c,4,13,rw
army,0x510,4,3,w
army,0x514,1,2,w
army,0x518,4,8,rw
army,0x51c,4,8,rw
army,0x520,4,3,w
army,0x524,1,2,w
army,0x528,4,15,rw
army,0x52c,4,15,rw
army,0x530,4,3,w
army,0x534,4,3,rw
army,0x538,4,1,w
army,0x53c,4,1,w
army,0x540,4,2,rw
army,0x544,4,1,w
armyGroup,0x0,4,16,rw
armyGroup,0x1c,4,6,rw
baseManager,0x0,4,1,w
baseManager,0x4,4,1,w
baseManager,0x8,4,1,w
baseManager,0xc,4,1,w
baseManager,0x10,4,1,w
baseManager,0x14,1,1,w
baseManager,0x34,4,1,w
bitmapBackedTextWidget,0x0,4,2,w
bitmapBackedTextWidget,0x4,4,1,r
bitmapBackedTextWidget,0x16,1,1,r
bitmapBackedTextWidget,0x18,2,1,r
bitmapBackedTextWidget,0x1a,2,1,r
bitmapBackedTextWidget,0x1c,2,1,r
bitmapBackedTextWidget,0x1e,2,1,r
bitmapBackedTextWidget,0x20,4,1,r
bitmapBackedTextWidget,0x24,4,1,r
bitmapBackedTextWidget,0x28,1,1,r
bitmapBackedTextWidget,0x30,1,1,w
bitmapBackedTextWidget,0x34,4,3,rw
bitmapBackedTextWidget,0x38,4,2,w
bitmapBackedTextWidget,0x3c,4,2,rw
bitmapBackedTextWidget,0x40,4,3,rw
bitmapBackedTextWidget,0x44,4,2,rw
bitmapBackedTextWidget,0x48,4,2,rw
bitmapBackedTextWidget,0x4c,4,2,rw
bitmapBackedTextWidget,0x50,4,2,rw
bitmapBorder,0x0,4,4,rw
bitmapBorder,0x4,4,4,rw
bitmapBorder,0x8,4,1,w
bitmapBorder,0xc,4,1,w
bitmapBorder,0x10,2,2,rw
bitmapBorder,0x12,2,1,w
bitmapBorder,0x14,2,1,w
bitmapBorder,0x16,2,2,rw
bitmapBorder,0x18,2,4,rw
bitmapBorder,0x1a,2,4,rw
bitmapBorder,0x1c,2,4,rw
bitmapBorder,0x1e,2,4,rw
bitmapBorder,0x20,4,1,r
bitmapBorder,0x24,4,1,r
bitmapBorder,0x28,1,1,r
bitmapBorder,0x2c,4,1,r
bitmapBorder,0x30,4,8,rw
bitmapBorder16,0x0,4,3,rw
bitmapBorder16,0x4,4,3,rw
bitmapBorder16,0x8,4,1,w
bitmapBorder16,0xc,4,1,w
bitmapBorder16,0x10,2,2,rw
bitmapBorder16,0x12,2,1,w
bitmapBorder16,0x14,2,1,w
bitmapBorder16,0x16,2,2,rw
bitmapBorder16,0x18,2,4,rw
bitmapBorder16,0x1a,2,4,rw
bitmapBorder16,0x1c,2,4,rw
bitmapBorder16,0x1e,2,4,rw
bitmapBorder16,0x20,4,1,r
bitmapBorder16,0x24,4,1,r
bitmapBorder16,0x28,1,1,r
bitmapBorder16,0x2c,4,1,r
bitmapBorder16,0x30,4,5,rw
boat,0x1b,1,1,r
border,0x0,4,4,rw
border,0x4,4,2,rw
border,0x8,4,1,w
border,0xc,4,1,w
border,0x10,2,2,rw
border,0x12,2,1,w
border,0x14,2,1,w
border,0x16,2,3,rw!union
border,0x17,1,1,rw
border,0x18,2,2,rw
border,0x1a,2,2,rw
border,0x1c,2,2,rw
border,0x1e,2,2,rw
border,0x20,4,2,w
border,0x24,4,2,w
border,0x28,1,2,w
border,0x2c,4,3,rw
button,0x0,4,4,rw
button,0x4,4,5,rw
button,0x8,4,2,rw
button,0xc,4,2,rw
button,0x10,2,3,rw
button,0x12,2,1,w
button,0x14,2,2,rw
button,0x16,2,4,rw
button,0x17,1,0,rw
button,0x18,2,4,rw
button,0x1a,2,4,rw
button,0x1c,2,3,rw
button,0x1e,2,3,rw
button,0x20,4,2,rw
button,0x24,4,2,rw
button,0x28,1,2,rw
button,0x2c,4,2,rw
button,0x30,4,6,rw
button,0x34,4,2,rw
button,0x38,4,2,rw
button,0x3c,4,2,rw
button,0x40,4,2,rw
button,0x44,1,2,rw
button,0x48,1,1,w
button,0x4c,4,3,rw
button,0x50,4,3,rw
button,0x54,4,2,rw
button,0x58,1,1,w
button,0x5c,4,3,rw
button,0x60,4,3,w
button,0x64,4,2,w
coloredBorderFrame,0x0,4,2,rw
coloredBorderFrame,0x4,4,3,rw
coloredBorderFrame,0x8,4,1,w
coloredBorderFrame,0xc,4,1,w
coloredBorderFrame,0x10,2,2,rw
coloredBorderFrame,0x12,2,1,w
coloredBorderFrame,0x14,2,1,w
coloredBorderFrame,0x16,2,2,rw
coloredBorderFrame,0x18,2,3,rw
coloredBorderFrame,0x1a,2,3,rw
coloredBorderFrame,0x1c,2,3,rw
coloredBorderFrame,0x1e,2,3,rw
coloredBorderFrame,0x2c,4,1,r
coloredBorderFrame,0x30,4,3,rw!union
coloredBorderFrame,0x34,1,3,rw
combatManager,0x0,4,1,w
combatManager,0xc,4,1,w
combatManager,0x10,4,1,w
combatManager,0x14,1,1,w
combatManager,0x34,4,2,w
combatManager,0x38,4,3,rw
combatManager,0x3c,4,5,rw
combatManager,0x40,4,2,w
combatManager,0x44,4,2,w
combatManager,0x48,4,1,w
combatManager,0x4c,2,3,rw!union
combatManager,0x4e,1,3,w
combatManager,0x107,2,3,rw!union
combatManager,0x109,1,3,rw
combatManager,0x1c8,2,2,r
combatManager,0x1ca,2,2,r
combatManager,0x1cc,2,2,r
combatManager,0x1d0,2,2,r
combatManager,0x1d4,1,2,r
combatManager,0x238,1,0,r
combatManager,0x23a,2,9,r
combatManager,0x244,1,9,r
combatManager,0x248,4,9,r
exception,0x0,4,4,w
exception,0x4,4,4,rw
exception,0x8,4,4,rw
exe_filebuf,0x0,4,1,r
exe_filebuf,0x8,4,1,w
exe_filebuf,0xc,4,2,rw
exe_filebuf,0x10,4,1,w
exe_filebuf,0x1c,4,4,rw
exe_filebuf,0x20,4,2,rw
exe_filebuf,0x2c,4,4,rw
exe_filebuf,0x30,4,2,rw
exe_filebuf,0x38,4,5,rw
exe_filebuf,0x3c,4,3,rw
exe_filebuf,0x40,4,5,rw
exe_filebuf,0x44,4,5,rw
exe_filebuf,0x48,1,1,rw
exe_filebuf,0x4c,4,2,rw
exe_filebuf,0x50,4,8,rw
exe_strstreambuf,0x0,4,2,w
exe_strstreambuf,0x8,4,2,w
exe_strstreambuf,0xc,4,2,rw
exe_strstreambuf,0x10,4,2,rw
exe_strstreambuf,0x1c,4,2,rw
exe_strstreambuf,0x20,4,2,rw
exe_strstreambuf,0x2c,4,2,rw
exe_strstreambuf,0x30,4,2,rw
exe_strstreambuf,0x34,4,2,w
exe_strstreambuf,0x38,4,2,w
exe_strstreambuf,0x3c,4,2,w
exe_strstreambuf,0x40,4,2,w
exe_strstreambuf,0x44,4,2,w
exe_strstreambuf,0x48,4,2,w
exe_strstreambuf,0x4c,4,2,w
executive,0x0,4,6,rw
executive,0x4,4,6,rw
executive,0x8,4,3,rw
executive,0xc,4,3,w
font,0x0,4,2,w
font,0x4,1,1,w
font,0x10,1,1,w
font,0x14,4,1,w
font,0x18,4,1,w
font,0x1c,4,1,w
font,0x21,1,2,r
font,0x1bc,4,2,r
font,0x1c0,4,2,r
font,0x1c4,4,2,r
game,0x90,1,1,w
game,0x94,1,1,w
game,0x98,4,1,w
game,0x9c,4,1,w
game,0xa0,4,1,w
generator,0x0,4,3,rw!union
generator,0x1,1,1,rw
generator,0x4,4,5,rw!union
generator,0x14,2,3,w
generator,0x54,1,1,w
generator,0x55,1,1,w
generator,0x56,1,1,w
generator,0x57,1,3,rw
generator,0x58,1,2,w
hero,0x0,4,12,rw!union
hero,0x2,2,11,rw
hero,0x4,4,12,rw!union
hero,0x6,1,3,rw
hero,0x7,4,2,rw
hero,0x8,4,1,r
hero,0xc,4,3,rw
hero,0x10,1,3,rw
hero,0x14,4,3,rw
hero,0x18,2,7,rw
hero,0x1a,4,30,rw!union
hero,0x1e,4,1,w
hero,0x22,2,18,rw!union
hero,0x23,1,2,w
hero,0x30,4,4,rw!union
hero,0x34,1,5,rw
hero,0x35,4,4,rw
hero,0x39,4,4,rw
hero,0x3d,2,3,rw
hero,0x3f,2,3,rw
hero,0x41,2,3,rw
hero,0x43,1,1,w
hero,0x44,1,4,rw
hero,0x45,1,4,rw
hero,0x46,1,4,rw
hero,0x47,1,6,rw
hero,0x48,1,3,rw
hero,0x49,4,4,rw
hero,0x4d,4,6,rw
hero,0x51,4,4,rw
hero,0x55,2,22,rw
hero,0x57,4,3,rw
hero,0x5b,4,3,rw
hero,0x5f,4,3,rw
hero,0x63,4,3,rw
hero,0x67,4,3,rw
hero,0x6b,4,3,rw
hero,0x6f,4,3,rw
hero,0x73,4,5,rw
hero,0x77,4,3,rw
hero,0x7b,4,3,rw
hero,0x7f,4,3,rw
hero,0x83,4,3,rw
hero,0x87,4,3,rw
hero,0x8b,4,3,rw
hero,0x8f,1,3,rw
hero,0x90,1,3,rw
hero,0x91,4,6,rw
hero,0xad,4,1,r
hero,0xc9,1,2,rw
hero,0xca,1,1,r
hero,0xcc,1,1,r
hero,0xcd,1,1,r
hero,0xce,1,3,r
hero,0xcf,1,2,r
hero,0xd1,1,1,r
hero,0xd2,1,2,r
hero,0xd4,1,1,r
hero,0xd5,1,2,r
hero,0xd6,1,1,r
hero,0xd7,1,5,r
hero,0xd8,1,5,r
hero,0xd9,1,5,r
hero,0xda,1,5,r
hero,0xde,1,1,r
hero,0xdf,1,1,r
hero,0xe0,1,1,r
hero,0xe1,1,1,r
hero,0xe3,1,1,r
hero,0xe4,1,1,r
hero,0xe5,1,3,rw
hero,0x101,4,6,rw
hero,0x105,4,13,rw
hero,0x109,4,1,w
hero,0x10d,1,3,rw
hero,0x10e,4,3,rw!union
hero,0x112,4,5,rw!union
hero,0x116,4,4,rw!union
hero,0x11a,1,4,rw
hero,0x11b,1,4,rw
hero,0x11c,1,4,rw
hero,0x11d,4,1,w
hero,0x121,4,2,w
hero,0x125,4,3,w
hero,0x129,4,5,rw!union
hero,0x12d,4,31,rw
hero,0x131,4,2,w
hero,0x1b5,4,24,r
hero,0x1bd,4,1,w
hero,0x1c1,4,1,w
hero,0x1c5,4,5,rw!union
hero,0x1c9,4,1,w
hero,0x1cd,4,1,w
hero,0x1d1,2,1,w
hero,0x1d3,1,1,w
hero,0x1d4,4,7,rw
hero,0x1d8,4,2,w
hero,0x3cc,4,5,r
hero,0x3d4,1,10,rw
hero,0x3d5,4,3,rw!union
hero,0x3d9,1,3,rw
hero,0x3da,1,1,w
hero,0x3de,4,3,rw
hero,0x3e2,4,3,rw
hero,0x3e6,4,2,rw
hero,0x3ea,1,1,w
hero,0x430,1,2,rw
hero,0x476,1,8,rw
hero,0x477,1,2,r
hero,0x478,1,1,r
hero,0x47a,4,1,w
hero,0x47e,4,1,w
hero,0x482,4,1,w
hero,0x486,4,1,w
hero,0x48a,4,1,w
hero,0x48e,4,1,w
heroWindow,0x0,4,5,rw
heroWindow,0x4,4,2,w
heroWindow,0x8,4,1,w
heroWindow,0xc,4,1,w
heroWindow,0x10,4,5,rw!union
heroWindow,0x14,4,3,rw!union
heroWindow,0x18,4,9,rw
heroWindow,0x1c,4,9,rw
heroWindow,0x20,4,5,rw
heroWindow,0x24,4,5,rw
heroWindow,0x28,4,5,rw
heroWindow,0x2c,4,10,rw
heroWindow,0x30,1,1,w
heroWindow,0x34,4,5,rw
heroWindow,0x38,4,5,rw
heroWindow,0x3c,4,2,w
heroWindow,0x40,4,6,rw
heroWindow,0x44,4,7,rw
heroWindow,0x48,4,2,rw
heroWindowManager,0x0,4,1,r
heroWindowManager,0x38,4,2,w
heroWindowManager,0x3c,4,2,w
heroWindowManager,0x48,1,2,rw
heroWindowManager,0x50,4,1,rw
heroWindowManager,0x54,4,4,rw
heroWindowManager,0x58,4,1,w
heroWindowManager,0x5c,4,1,rw
hexcell,0x10,4,1,w
hexcell,0x14,4,1,w
hexcell,0x18,1,2,rw
hexcell,0x19,1,2,rw
hexcell,0x1a,1,1,w
hexcell,0x1c,4,1,w
hexcell,0x4c,1,1,w
hexcell,0x4d,1,1,w
iconWidget,0x0,4,2,rw
iconWidget,0x4,4,2,r
iconWidget,0x10,2,1,r
iconWidget,0x14,2,1,r
iconWidget,0x16,1,1,rw
iconWidget,0x17,1,1,rw
iconWidget,0x18,2,2,rw
iconWidget,0x1a,2,2,rw
iconWidget,0x1c,2,2,rw
iconWidget,0x1e,2,2,r
iconWidget,0x20,4,1,r
iconWidget,0x24,4,1,r
iconWidget,0x28,1,1,r
iconWidget,0x2c,4,1,r
iconWidget,0x30,4,7,rw
iconWidget,0x34,4,5,rw
iconWidget,0x38,4,5,rw
iconWidget,0x3c,1,1,r
iconWidget,0x40,4,1,r
iconWidget,0x44,2,1,w
inputManager,0x0,4,1,w
inputManager,0xc,4,1,w
inputManager,0x10,4,1,w
inputManager,0x14,1,1,w
inputManager,0x34,4,5,rw
inputManager,0x38,4,2,w
inputManager,0x3c,4,1,w
inputManager,0x40,4,1,w
inputManager,0x44,4,1,w
inputManager,0x48,4,1,w
inputManager,0x4c,4,1,w
inputManager,0x50,4,1,w
inputManager,0x54,4,1,w
inputManager,0x838,4,6,rw
inputManager,0x83c,4,6,rw
inputManager,0x840,4,2,rw
inputManager,0x844,4,1,w
inputManager,0x848,2,2,w
inputManager,0x84a,2,2,w
inputManager,0x84c,2,2,w
inputManager,0x84e,2,2,w
inputManager,0x850,2,2,w
inputManager,0x852,2,2,w
inputManager,0x854,2,2,w
inputManager,0x856,2,2,w
inputManager,0x858,2,2,w
inputManager,0x85a,2,2,w
inputManager,0x85c,2,2,w
inputManager,0x85e,2,2,w
inputManager,0x860,2,2,w
inputManager,0x862,2,2,w
inputManager,0x864,2,2,w
inputManager,0x866,2,2,w
inputManager,0x868,2,2,w
inputManager,0x86a,2,2,w
inputManager,0x86c,2,2,w
inputManager,0x86e,2,2,w
inputManager,0x870,2,2,w
inputManager,0x872,2,2,w
inputManager,0x874,2,2,w
inputManager,0x876,2,2,w
inputManager,0x878,2,2,w
inputManager,0x87a,2,2,w
inputManager,0x87c,2,2,w
inputManager,0x87e,2,2,w
inputManager,0x880,2,2,w
inputManager,0x882,2,2,w
inputManager,0x884,2,2,w
inputManager,0x886,2,2,w
inputManager,0x888,2,2,w
inputManager,0x88a,2,2,w
inputManager,0x88c,2,2,w
inputManager,0x88e,2,2,w
inputManager,0x890,2,2,w
inputManager,0x892,2,2,w
inputManager,0x894,2,2,w
inputManager,0x896,2,2,w
inputManager,0x898,2,2,w
inputManager,0x89a,2,2,w
inputManager,0x89c,2,2,w
inputManager,0x89e,2,2,w
inputManager,0x8a0,2,2,w
inputManager,0x8a2,2,2,w
inputManager,0x8a4,2,2,w
inputManager,0x8a6,2,2,w
inputManager,0x8a8,2,2,w
inputManager,0x8aa,2,2,w
inputManager,0x8ac,2,2,w
inputManager,0x8ae,2,2,w
inputManager,0x8b0,2,2,w
inputManager,0x8b2,2,2,w
inputManager,0x8b4,2,2,w
inputManager,0x8b6,2,2,w
inputManager,0x8b8,2,2,w
inputManager,0x8ba,2,2,w
inputManager,0x8bc,2,2,w
inputManager,0x8be,2,2,w
inputManager,0x8c0,2,2,w
inputManager,0x8c2,2,2,w
inputManager,0x8c4,2,2,w
inputManager,0x8c6,2,2,w
inputManager,0x8c8,2,2,w
inputManager,0x8ca,2,2,w
inputManager,0x8cc,2,2,w
inputManager,0x8ce,2,2,w
inputManager,0x8d0,2,2,w
inputManager,0x8d2,2,2,w
inputManager,0x8d4,2,2,w
inputManager,0x8d6,2,2,w
inputManager,0x8d8,2,2,w
inputManager,0x8da,2,2,w
inputManager,0x8dc,2,2,w
inputManager,0x8de,2,2,w
inputManager,0x8e0,2,2,w
inputManager,0x8e2,2,2,w
inputManager,0x8e4,2,2,w
inputManager,0x8e6,2,2,w
inputManager,0x8e8,2,2,w
inputManager,0x8ea,2,2,w
inputManager,0x8ec,2,2,w
inputManager,0x8ee,2,2,w
inputManager,0x8f0,2,2,w
inputManager,0x8f2,2,2,w
inputManager,0x8f4,2,2,w
inputManager,0x8f6,2,2,w
inputManager,0x8f8,2,2,w
inputManager,0x948,4,1,w
inputManager,0x94c,4,3,w
inputManager,0x950,4,3,rw
inputManager,0x958,4,1,w
inputManager,0x95c,4,1,w
logic_error@std,0xc,1,1,r
logic_error@std,0x10,4,2,r
logic_error@std,0x14,4,1,r
logic_error@std,0x18,4,1,r
mouseManager,0x0,4,1,w
mouseManager,0x14,1,1,w
mouseManager,0x34,4,2,rw
mouseManager,0x38,4,1,r
mouseManager,0x3c,4,6,rw
mouseManager,0x40,4,6,rw
mouseManager,0x44,4,6,rw
mouseManager,0x48,4,6,rw
mouseManager,0x4c,4,6,rw
mouseManager,0x50,4,7,rw
mouseManager,0x54,4,7,rw
mouseManager,0x58,4,6,rw
mouseManager,0x5c,4,6,rw
mouseManager,0x60,4,6,rw
mouseManager,0x64,1,1,rw
mouseManager,0x68,4,7,rw
mouseManager,0x6c,4,7,rw
mouseManager,0x70,4,7,rw
mouseManager,0x74,4,7,rw
playerData,0x0,1,4,rw
playerData,0x1,1,9,rw
playerData,0x4,4,6,rw!union
playerData,0x8,4,9,rw!union
playerData,0x28,4,4,rw!union
playerData,0x2c,4,2,rw!union
playerData,0x30,1,4,rw
playerData,0x34,4,4,rw
playerData,0x38,1,4,rw
playerData,0x39,4,3,rw!union
playerData,0x3b,2,1,rw
playerData,0x3d,1,4,rw
playerData,0x3e,1,9,rw
playerData,0x3f,1,4,rw
playerData,0x40,4,3,rw!union
playerData,0x88,1,4,rw
playerData,0x8c,1,1,w
playerData,0x90,4,4,rw
playerData,0x94,4,4,rw
playerData,0x98,4,3,rw
playerData,0x9c,4,3,rw
playerData,0xb8,4,4,rw
playerData,0xbc,4,4,rw
playerData,0xc0,4,4,rw
playerData,0xc4,4,4,rw
playerData,0xc8,4,4,w
playerData,0xcc,1,5,rw
playerData,0xe1,1,4,rw
playerData,0xe2,1,7,rw
playerData,0xe4,4,2,w
playerData,0xe8,4,4,w
playerData,0xf0,4,2,w
recruitUnit,0x0,4,3,w
recruitUnit,0x48,4,3,w
recruitUnit,0x4c,1,4,rw
recruitUnit,0x50,4,4,rw
recruitUnit,0x54,4,4,rw
recruitUnit,0x58,4,4,rw
recruitUnit,0x5c,4,3,w
recruitUnit,0x60,4,3,w
recruitUnit,0x64,4,3,w
recruitUnit,0x68,4,3,w
recruitUnit,0x6c,4,3,w
recruitUnit,0x70,4,3,w
recruitUnit,0x74,4,3,w
recruitUnit,0x78,4,3,w
recruitUnit,0x7c,4,4,rw
recruitUnit,0x84,4,4,rw
recruitUnit,0x88,4,4,rw
recruitUnit,0x8c,4,4,rw
recruitUnit,0x90,4,3,w
recruitUnit,0x98,4,3,w
recruitUnit,0x9c,1,3,w
recruitUnit,0xac,4,1,rw
recruitUnit,0xb0,4,1,w
recruitUnit,0xb4,4,1,w
recruitUnit,0xb8,4,1,rw
resource,0x0,4,3,w
resource,0x4,1,1,w
resource,0x10,1,1,w
resource,0x14,4,1,w
resource,0x18,4,1,w
sample,0x0,4,3,rw
sample,0x4,4,3,rw!union
sample,0x10,2,2,rw!union
sample,0x14,4,1,w
sample,0x16,1,1,rw
sample,0x17,1,1,rw
sample,0x18,4,2,rw!union
sample,0x1a,2,1,rw
sample,0x1c,4,2,rw!union
sample,0x1e,2,1,r
sample,0x20,4,2,rw
sample,0x24,4,2,w
sample,0x28,4,1,w
sample,0x2c,4,3,rw
sample,0x30,4,2,rw
sample,0x34,4,1,r
sample,0x38,4,1,r
sample,0x3c,4,1,r
sample,0x40,4,1,r
sample,0x44,4,1,r
sample,0x48,4,1,r
sample,0x4c,4,1,r
sample,0x50,4,1,r
sample,0x54,4,1,r
sample,0x58,4,1,r
sample,0x5c,4,1,r
searchArray,0x0,4,1,w
searchArray,0x4,1,2,w
searchArray,0x8,4,2,w
searchArray,0xc,4,2,w
searchArray,0x10,4,2,w
searchArray,0x14,1,2,w
searchArray,0x15,1,2,rw
searchArray,0x16,1,1,rw
searchArray,0x17,1,1,rw
searchArray,0x18,4,2,rw
searchArray,0x1c,4,2,rw
searchArray,0x20,1,2,w
searchArray,0x24,4,8,rw
searchArray,0x38,1,1,w
searchArray,0x3c,4,5,rw
searchArray,0x40,4,5,rw
searchArray,0x44,4,2,w
searchArray,0x48,1,1,w
searchArray,0x4c,4,5,rw
searchArray,0x50,4,5,rw
searchArray,0x54,4,2,w
searchArray,0x58,1,1,w
searchArray,0x5c,4,2,rw
searchArray,0x60,4,2,w
searchArray,0x64,4,2,w
searchArray,0x68,4,2,rw
searchArray,0x6c,4,2,rw
slider,0x0,4,5,rw
slider,0x4,4,4,rw
slider,0x8,4,1,w
slider,0xc,4,1,w
slider,0x10,2,3,rw
slider,0x12,2,1,w
slider,0x14,2,2,rw
slider,0x16,2,3,rw!union
slider,0x17,1,1,rw
slider,0x18,2,3,rw
slider,0x1a,2,3,rw
slider,0x1c,2,3,rw
slider,0x1e,2,3,rw
slider,0x20,4,2,rw
slider,0x24,4,2,rw
slider,0x28,1,2,rw
slider,0x2c,4,2,rw
slider,0x30,4,2,r
slider,0x34,4,2,r
slider,0x38,4,2,w
slider,0x3c,4,4,rw
slider,0x40,4,3,rw
slider,0x44,4,1,r
slider,0x48,4,5,rw
slider,0x4c,4,1,r
slider,0x50,4,1,w
slider,0x54,4,4,r
slider,0x58,2,2,rw
slider,0x5a,2,2,rw
slider,0x5c,1,2,rw
slider,0x5d,1,2,w
slider,0x64,4,1,w
soundManager,0x0,4,2,rw
soundManager,0x34,4,1,w
soundManager,0x3c,4,8,rw
soundManager,0x40,4,4,rw
soundManager,0x44,4,5,r
soundManager,0x48,4,1,r
soundManager,0x7c,4,5,r
soundManager,0x84,4,8,rw
soundManager,0x88,4,1,w
soundManager,0x8c,1,2,rw
std::D::?$_Mpunct,0x8,4,1,w
std::D::?$_Mpunct,0xc,1,1,w
std::D::?$_Mpunct,0xd,1,1,w
std::D::?$_Mpunct,0x10,4,1,w
std::D::?$_Mpunct,0x14,4,1,w
std::D::?$_Mpunct,0x18,4,1,w
std::D::?$_Mpunct,0x1c,4,1,w
std::D::?$_Mpunct,0x28,1,1,r
std::D::?$ctype,0x8,4,1,w
std::D::?$ctype,0xc,4,1,w
std::D::?$ctype,0x10,4,1,rw
std::D::?$ctype,0x14,4,1,w
std::D::?$numpunct,0x8,4,1,w
std::D::?$numpunct,0xc,1,1,w
std::D::?$numpunct,0xd,1,1,w
std::D::?$numpunct,0x10,4,1,w
std::D::?$numpunct,0x14,4,1,w
std::D::DU?$char_traits::?$basic_string,0x4,4,1,r
std::D::DU?$char_traits::?$basic_string,0x8,4,1,rw
std::G::?$_Mpunct,0x8,4,1,w
std::G::?$_Mpunct,0xc,2,1,w
std::G::?$_Mpunct,0xe,2,1,w
std::G::?$_Mpunct,0x10,4,1,w
std::G::?$_Mpunct,0x14,4,1,w
std::G::?$_Mpunct,0x18,4,1,w
std::G::?$_Mpunct,0x1c,4,1,w
std::G::?$_Mpunct,0x28,1,1,r
std::G::?$ctype,0x0,4,4,r
std::G::?$ctype,0x10,4,2,r
std::G::?$numpunct,0x8,4,1,w
std::G::?$numpunct,0xc,2,1,w
std::G::?$numpunct,0xe,2,1,w
std::G::?$numpunct,0x10,4,1,w
std::G::?$numpunct,0x14,4,1,w
std::G::GU?$char_traits::?$basic_string,0x4,4,9,rw
std::G::GU?$char_traits::?$basic_string,0x8,4,9,rw
std::G::GU?$char_traits::?$basic_string,0xc,4,9,rw
std::_Locinfo,0x4,4,1,r
std::_Locinfo,0x8,4,1,r
std::_Locinfo,0x14,4,1,r
std::_Locinfo,0x18,4,1,r
std::_Locinfo,0x30,1,1,r
std::ios_base,0x8,4,1,w
std::ios_base,0xc,4,1,w
std::ios_base,0x10,4,1,w
std::ios_base,0x14,4,1,w
std::ios_base,0x18,4,2,rw
std::ios_base,0x1c,4,3,rw
std::ios_base,0x24,4,1,rw
std::locale,0x0,4,2,r
std::strstreambuf,0xc,4,7,r
std::strstreambuf,0x10,4,2,r
std::strstreambuf,0x1c,4,6,r
std::strstreambuf,0x20,4,6,r
std::strstreambuf,0x2c,4,6,r
std::strstreambuf,0x30,4,5,r
std::strstreambuf,0x38,4,2,rw
std::strstreambuf,0x3c,4,6,rw
std::strstreambuf,0x40,4,2,rw
std::strstreambuf,0x44,4,5,rw!union
std::strstreambuf,0x48,4,2,rw
std::strstreambuf,0x4c,4,3,rw
strip,0x1c,4,2,rw
strip,0x20,4,2,rw
strip,0x24,4,5,rw
strip,0x28,4,1,w
strip,0x2c,4,3,rw
strip,0x64,4,3,rw
strip,0x68,4,5,rw
strip,0x6c,4,3,rw
strip,0x70,4,4,rw
strip,0x74,4,1,w
t_lod_file_adapter,0x4,4,1,r
textButton,0x0,4,2,w
textButton,0x4,4,2,rw
textButton,0x8,4,1,w
textButton,0xc,4,1,w
textButton,0x10,2,1,w
textButton,0x12,2,1,w
textButton,0x14,2,1,w
textButton,0x16,2,2,rw
textButton,0x18,2,2,rw
textButton,0x1a,2,2,rw
textButton,0x1c,2,2,rw
textButton,0x1e,2,2,rw
textButton,0x20,4,2,rw
textButton,0x24,4,2,rw
textButton,0x28,1,2,rw
textButton,0x2c,4,1,w
textButton,0x30,4,2,rw
textButton,0x34,4,1,w
textButton,0x38,4,1,w
textButton,0x3c,4,1,w
textButton,0x40,4,1,w
textButton,0x44,1,1,w
textButton,0x48,1,1,w
textButton,0x4c,4,2,rw
textButton,0x50,4,2,rw
textButton,0x54,4,2,w
textButton,0x58,1,1,w
textButton,0x5c,4,3,rw
textButton,0x60,4,2,w
textButton,0x64,4,2,rw
textButton,0x68,4,3,rw
textButton,0x6c,4,2,rw
textEntryWidget,0x0,4,4,rw
textEntryWidget,0x4,4,2,r
textEntryWidget,0x10,2,1,r
textEntryWidget,0x18,2,3,r
textEntryWidget,0x1a,2,3,r
textEntryWidget,0x1c,2,3,r
textEntryWidget,0x1e,2,3,r
textEntryWidget,0x30,1,1,w
textEntryWidget,0x34,4,3,rw
textEntryWidget,0x38,4,3,rw
textEntryWidget,0x3c,4,3,rw
textEntryWidget,0x40,4,3,rw
textEntryWidget,0x44,4,1,w
textEntryWidget,0x48,4,1,w
textEntryWidget,0x4c,4,1,w
textEntryWidget,0x50,4,2,rw
textEntryWidget,0x54,4,2,rw
textEntryWidget,0x58,2,2,rw
textEntryWidget,0x5a,2,2,rw
textEntryWidget,0x5c,2,2,rw
textEntryWidget,0x5e,2,1,w
textEntryWidget,0x60,2,1,w
textEntryWidget,0x62,2,1,w
textEntryWidget,0x64,2,2,rw
textEntryWidget,0x66,2,1,w
textEntryWidget,0x68,2,1,r
textEntryWidget,0x6a,2,2,rw
textEntryWidget,0x6c,1,1,w
textEntryWidget,0x6d,1,3,rw
textEntryWidget,0x6e,1,3,rw
textWidget,0x0,4,2,w
textWidget,0x4,4,1,w
textWidget,0x8,4,1,w
textWidget,0xc,4,1,w
textWidget,0x10,2,1,w
textWidget,0x12,2,1,w
textWidget,0x14,2,1,w
textWidget,0x16,2,1,w
textWidget,0x18,2,1,w
textWidget,0x1a,2,1,w
textWidget,0x1c,2,1,w
textWidget,0x1e,2,1,w
textWidget,0x20,4,2,rw
textWidget,0x24,4,2,rw
textWidget,0x28,1,2,rw
textWidget,0x2c,4,1,w
textWidget,0x30,1,1,w
textWidget,0x34,4,2,rw
textWidget,0x38,4,2,w
textWidget,0x3c,4,2,rw
textWidget,0x40,4,2,rw
textWidget,0x44,4,1,w
textWidget,0x48,4,1,w
textWidget,0x4c,4,1,w
town,0x0,1,4,rw
town,0x1,1,9,rw
town,0x2,1,3,rw
town,0x4,1,14,rw
town,0x5,1,5,rw
town,0x6,1,5,rw
town,0x7,1,6,rw
town,0x8,1,6,r
town,0x9,1,1,r
town,0xc,4,8,rw
town,0x10,4,7,rw
town,0x14,1,4,rw
town,0x33,1,1,w
town,0x34,1,1,w
town,0x38,4,1,w
town,0x3c,4,1,w
town,0x44,4,2,r
town,0xbc,4,3,rw!union
town,0xc0,1,2,w
town,0xc4,1,1,w
town,0xc8,4,2,rw
town,0xcc,4,2,w
town,0xd0,4,2,w
town,0xdc,4,1,w
town,0xe0,4,1,w
town,0x150,4,8,rw
town,0x154,4,8,rw
town,0x158,4,10,rw
town,0x15c,4,10,rw
town,0x160,4,6,r
town,0x164,4,6,r
type_AI_attack_hex_chooser,0x0,4,4,rw
type_AI_attack_hex_chooser,0x4,4,3,rw
type_AI_attack_hex_chooser,0x8,4,3,rw
type_AI_attack_hex_chooser,0xc,4,3,rw
type_AI_attack_hex_chooser,0x10,4,3,rw
type_AI_attack_hex_chooser,0x14,4,3,rw
type_AI_attack_hex_chooser,0x18,4,3,rw
type_AI_attack_hex_chooser,0x1c,4,3,rw
type_AI_attack_hex_chooser,0x20,4,3,rw
type_AI_attack_hex_chooser,0x24,4,3,rw
type_AI_attack_hex_chooser,0x28,4,4,rw
type_AI_combat_data,0x0,1,3,rw
type_AI_combat_data,0x4,4,19,rw
type_AI_combat_data,0x8,4,19,rw
type_AI_combat_data,0xc,4,2,w
type_AI_combat_data,0x10,4,4,rw
type_AI_combat_data,0x14,4,5,rw!union
type_AI_combat_data,0x18,1,4,rw
type_AI_combat_data,0x1c,4,8,rw
type_AI_combat_data,0x20,4,2,r
type_AI_combat_data,0x24,4,17,rw
type_AI_combat_data,0x28,4,5,rw
type_AI_combat_data,0x2c,4,4,rw
type_AI_combat_data,0x30,1,4,rw
type_AI_combat_data,0x32,2,4,rw
type_AI_combat_parameters,0x0,4,5,rw
type_AI_combat_parameters,0x4,4,5,rw
type_AI_combat_parameters,0x8,1,5,rw
type_AI_combat_parameters,0x9,1,5,rw
type_AI_combat_parameters,0xc,4,1,rw
type_AI_combat_parameters,0x10,4,1,rw
type_AI_combat_parameters,0x14,4,1,rw
type_AI_combat_parameters,0x18,4,1,w
type_AI_combat_parameters,0x1c,4,1,rw
type_AI_combat_parameters,0x20,4,5,rw
type_AI_combat_parameters,0x24,4,1,rw
type_AI_player,0x0,2,5,r
type_AI_player,0x4,4,1,w
type_AI_player,0x8,4,1,rw
type_AI_player,0x24,4,2,w
type_AI_player,0x40,4,2,rw
type_AI_spellcaster,0x0,4,3,w
type_AI_spellcaster,0x4,4,10,rw
type_AI_spellcaster,0x8,4,9,rw
type_AI_spellcaster,0xc,4,14,rw
type_AI_spellcaster,0x10,4,8,rw
type_AI_spellcaster,0x14,4,4,rw
type_AI_spellcaster,0x18,4,2,rw
type_AI_spellcaster,0x1c,1,15,rw
type_AI_spellcaster,0x1d,1,8,rw
type_AI_spellcaster,0x20,4,16,r
type_AI_spellcaster,0x24,4,16,r
type_AI_spellcaster,0x28,1,10,rw
type_AI_spellcaster,0x2c,4,4,r
type_AI_spellcaster,0x30,4,4,r
type_AI_spellcaster,0x3c,4,6,r
type_AI_spellcaster,0x48,4,3,rw
type_AI_spellcaster,0x4c,1,3,rw
type_AI_spellcaster,0x50,4,3,rw
type_AI_spellcaster,0x54,4,3,rw
type_AI_spellcaster,0x58,4,3,rw
type_AI_spellcaster,0x5c,4,3,rw
type_AI_spellcaster,0x190,4,2,rw
type_AI_spellcaster,0x194,4,2,rw
type_AI_spellcaster,0x198,4,2,rw
type_AI_spellcaster,0x19c,4,2,rw
type_AI_spellcaster,0x2d0,4,2,w
type_AI_spellcaster,0x2d4,4,2,rw
type_AI_spellcaster,0x2d8,4,2,w
type_AI_spellcaster,0x2dc,4,2,w
type_angelic_alliance_artifact,0x4,4,1,r
type_antimagic_artifact,0x4,4,1,r
type_artifact,0x0,4,2,r
type_artifact_effect,0x0,4,2,w
type_artifact_quest,0x0,4,3,r
type_artifact_quest,0x4,1,5,rw
type_artifact_quest,0xc,4,1,r
type_artifact_quest,0x10,4,2,r
type_artifact_quest,0x1c,4,1,r
type_artifact_quest,0x20,4,2,r
type_artifact_quest,0x2c,4,1,r
type_artifact_quest,0x30,4,2,r
type_artifact_quest,0x38,4,5,rw!union
type_artifact_quest,0x3c,4,3,rw
type_artifact_quest,0x44,4,9,rw
type_artifact_quest,0x48,4,9,rw
type_artifact_quest,0x4c,4,2,rw
type_be_hero_quest,0x0,4,2,r
type_be_hero_quest,0x4,1,3,rw
type_be_hero_quest,0x10,4,1,r
type_be_hero_quest,0x20,4,1,r
type_be_hero_quest,0x2c,4,1,rw
type_be_hero_quest,0x30,4,1,rw
type_be_hero_quest,0x34,4,1,w
type_be_hero_quest,0x38,4,3,rw
type_be_hero_quest,0x3c,4,2,w
type_be_hero_quest,0x40,4,6,rw
type_belong_to_player_quest,0x0,4,2,r
type_belong_to_player_quest,0x4,1,3,rw
type_belong_to_player_quest,0xc,4,1,r
type_belong_to_player_quest,0x10,4,2,r
type_belong_to_player_quest,0x1c,4,1,r
type_belong_to_player_quest,0x20,4,2,r
type_belong_to_player_quest,0x2c,4,1,r
type_belong_to_player_quest,0x30,4,2,r
type_belong_to_player_quest,0x38,4,3,rw!union
type_belong_to_player_quest,0x3c,4,2,rw
type_belong_to_player_quest,0x40,4,4,rw
type_bottom_view_window,0x0,4,1,w
type_bottom_view_window,0x4,4,1,w
type_bottom_view_window,0x8,4,1,w
type_bottom_view_window,0xc,4,1,w
type_bottom_view_window,0x10,4,1,w
type_bottom_view_window,0x18,4,1,rw
type_bottom_view_window,0x1c,4,1,rw
type_bottom_view_window,0x20,4,1,rw
type_bottom_view_window,0x24,4,1,w
type_combat_artifact,0x4,4,1,r
type_creature_growth_artifact,0x4,4,1,r
type_creature_growth_artifact,0x8,4,1,r
type_creature_quest,0x0,4,4,r
type_creature_quest,0x4,1,5,rw
type_creature_quest,0xc,4,1,r
type_creature_quest,0x10,4,2,r
type_creature_quest,0x1c,4,1,r
type_creature_quest,0x20,4,2,r
type_creature_quest,0x2c,4,1,r
type_creature_quest,0x30,4,2,r
type_creature_quest,0x38,4,5,rw!union
type_creature_quest,0x3c,4,4,rw
type_creature_quest,0x44,4,7,r
type_creature_quest,0x48,4,2,r
type_creature_quest,0x54,4,9,rw
type_creature_quest,0x58,4,9,rw
type_creature_quest,0x5c,4,2,rw
type_defeat_hero_quest,0x0,4,2,r
type_defeat_hero_quest,0x4,1,4,rw
type_defeat_hero_quest,0xc,4,1,r
type_defeat_hero_quest,0x10,4,2,r
type_defeat_hero_quest,0x1c,4,1,r
type_defeat_hero_quest,0x20,4,2,r
type_defeat_hero_quest,0x2c,4,2,rw
type_defeat_hero_quest,0x30,4,2,rw
type_defeat_hero_quest,0x34,4,1,w
type_defeat_hero_quest,0x38,4,4,rw!union
type_defeat_hero_quest,0x3c,4,2,rw
type_defeat_hero_quest,0x40,4,1,r
type_defeat_hero_quest,0x44,4,6,rw!union
type_defeat_hero_quest,0x48,4,4,rw!union
type_duration_artifact,0x4,4,1,r
type_enchant_data,0x0,4,1,r
type_enchant_data,0x4,4,1,r
type_event_record,0x0,4,1,w
type_experience_quest,0x0,4,2,r
type_experience_quest,0x4,1,4,rw
type_experience_quest,0xc,4,1,r
type_experience_quest,0x10,4,2,r
type_experience_quest,0x1c,4,1,r
type_experience_quest,0x20,4,2,r
type_experience_quest,0x2c,4,2,rw
type_experience_quest,0x30,4,2,rw
type_experience_quest,0x34,4,1,w
type_experience_quest,0x38,4,4,rw!union
type_experience_quest,0x3c,4,3,rw
type_experience_quest,0x40,4,9,rw!union
type_func_button,0x0,4,3,rw
type_func_button,0x4,4,1,r
type_func_button,0x10,2,1,r
type_func_button,0x14,2,1,r
type_func_button,0x16,2,1,rw
type_func_button,0x18,2,1,r
type_func_button,0x1a,2,1,r
type_func_button,0x1c,2,1,r
type_func_button,0x1e,2,1,r
type_func_button,0x20,4,1,r
type_func_button,0x24,4,1,r
type_func_button,0x28,1,1,r
type_func_button,0x2c,4,1,r
type_func_button,0x30,4,3,rw
type_func_button,0x34,4,1,w
type_func_button,0x38,4,1,w
type_func_button,0x3c,4,1,w
type_func_button,0x40,4,1,w
type_func_button,0x44,1,2,rw
type_func_button,0x48,1,1,w
type_func_button,0x4c,4,3,rw
type_func_button,0x50,4,3,rw
type_func_button,0x54,4,2,rw
type_func_button,0x58,1,1,w
type_func_button,0x5c,4,3,rw
type_func_button,0x60,4,3,w
type_func_button,0x64,4,2,w
type_func_button,0x68,4,2,rw
type_garrison_purchaser,0x4,4,1,r
type_income_artifact,0x4,4,1,r
type_income_artifact,0x8,4,1,r
type_info,0x0,4,1,w
type_info,0x4,4,1,r
type_knowledge_artifact,0x4,4,1,r
type_might_artifact,0x4,4,1,r
type_monster,0x4,4,1,r
type_monster,0x8,1,1,r
type_monster,0xc,1,1,r
type_monster,0x10,1,1,r
type_monster,0x1c,4,1,r
type_monster,0x20,1,1,r
type_monster,0x24,1,1,r
type_monster_data,0x4,4,2,r
type_monster_data,0x8,4,2,rw
type_monster_data,0xc,4,1,r
type_monster_data,0x3c,4,2,r
type_monster_data,0x40,4,3,rw
type_monster_quest,0x0,4,2,r
type_monster_quest,0x4,1,3,rw
type_monster_quest,0xc,4,1,r
type_monster_quest,0x10,4,2,r
type_monster_quest,0x1c,4,1,r
type_monster_quest,0x20,4,2,r
type_monster_quest,0x2c,4,2,rw
type_monster_quest,0x30,4,2,rw
type_monster_quest,0x34,4,1,w
type_monster_quest,0x38,4,3,rw!union
type_monster_quest,0x3c,4,2,rw
type_monster_quest,0x40,4,1,r
type_monster_quest,0x44,2,1,rw
type_monster_quest,0x46,2,2,r
type_monster_quest,0x48,4,7,rw!union
type_monster_quest,0x4c,4,4,rw!union
type_movement_artifact,0x4,4,1,r
type_necromancy_artifact,0x4,4,1,r
type_object,0x4,4,1,r
type_object,0x8,1,1,r
type_object,0xc,1,1,r
type_object,0x10,1,1,r
type_object,0x1c,4,1,r
type_object,0x20,2,1,r
type_object,0x24,1,1,r
type_obscuring_object,0x0,2,3,rw
type_obscuring_object,0x2,2,3,rw
type_obscuring_object,0x4,2,3,rw!union
type_obscuring_object,0x6,1,5,rw
type_obscuring_object,0x7,4,2,rw
type_obscuring_object,0xc,4,5,rw
type_obscuring_object,0x10,4,6,rw!union
type_obscuring_object,0x14,4,5,rw
type_point,0x0,2,1,r
type_point,0x2,2,1,r
type_power_artifact,0x4,4,1,r
type_quest,0x4,1,1,w
type_quest,0xc,4,1,r
type_quest,0x10,4,1,r
type_quest,0x1c,4,1,r
type_quest,0x20,4,1,r
type_quest,0x2c,4,1,r
type_quest,0x30,4,1,r
type_quest,0x38,4,2,rw!union
type_quest,0x3c,4,3,rw
type_record_claim_mine,0x8,4,2,r
type_record_claim_mine,0xc,1,1,r
type_record_claim_mine,0xd,1,1,r
type_record_claim_town,0x8,4,2,r
type_record_claim_town,0xc,1,1,r
type_record_claim_town,0xd,1,1,r
type_record_erase,0x8,4,1,r
type_record_erase,0xa,2,1,r
type_record_erase,0xc,4,1,r
type_record_erase,0x10,4,1,r
type_record_erase,0x14,2,1,r
type_record_hide_boat,0x8,4,4,rw
type_record_hide_boat,0xc,1,3,rw
type_record_hide_boat,0xd,1,3,rw
type_record_hide_boat,0x10,4,3,rw!union
type_record_hide_boat,0x14,4,3,rw!union
type_record_hide_hero,0x4,1,1,r
type_record_hide_hero,0x8,4,4,rw
type_record_hide_hero,0xc,1,1,r
type_record_hide_hero,0xd,1,4,rw
type_record_hide_hero,0xe,1,4,rw
type_record_move_hero,0x4,1,1,r
type_record_move_hero,0x8,4,4,rw
type_record_move_hero,0xc,2,2,r
type_record_move_hero,0xe,2,2,r
type_record_move_hero,0x10,1,1,r
type_record_move_hero,0x11,1,1,r
type_record_move_hero,0x12,2,1,r
type_record_move_hero,0x14,2,1,r
type_record_player_death,0x8,1,1,r
type_record_show_boat,0x8,4,4,rw
type_record_show_boat,0xc,1,3,rw
type_record_show_boat,0xd,1,3,rw
type_record_show_boat,0x10,4,2,rw!union
type_record_show_boat,0x14,4,2,rw!union
type_record_show_boat,0x18,2,1,r
type_record_show_boat,0x1a,2,1,r
type_record_show_boat,0x1c,2,1,r
type_record_show_boat,0x1e,2,1,r
type_record_show_hero,0x4,1,1,r
type_record_show_hero,0x8,4,4,rw
type_record_show_hero,0xc,1,2,r
type_record_show_hero,0xd,1,3,rw
type_record_show_hero,0xe,1,2,rw
type_record_show_hero,0x10,2,1,r
type_record_show_hero,0x12,2,1,r
type_record_show_hero,0x14,2,1,r
type_record_show_hero,0x16,2,1,r
type_record_show_hero,0x18,1,1,r
type_record_show_hero,0x19,1,1,r
type_record_shroud,0xc,4,4,rw
type_record_shroud,0x10,4,4,rw
type_record_shroud,0x14,4,1,rw
type_record_teleport,0x4,1,1,r
type_record_teleport,0x8,4,1,r
type_record_teleport,0x12,4,1,r
type_resource_quest,0x0,4,3,r
type_resource_quest,0x4,1,4,rw
type_resource_quest,0xc,4,1,r
type_resource_quest,0x10,4,2,r
type_resource_quest,0x1c,4,1,r
type_resource_quest,0x20,4,2,r
type_resource_quest,0x2c,4,1,r
type_resource_quest,0x30,4,2,r
type_resource_quest,0x38,4,4,rw!union
type_resource_quest,0x3c,4,3,rw
type_resource_quest,0x40,4,6,r
type_school_artifact,0x4,4,1,r
type_school_artifact,0x8,4,1,r
type_scouting_artifact,0x4,4,1,r
type_shooter_bonus_artifact,0x4,4,1,r
type_skill_quest,0x0,4,3,r
type_skill_quest,0x4,1,5,rw
type_skill_quest,0xc,4,1,r
type_skill_quest,0x10,4,2,r
type_skill_quest,0x1c,4,1,r
type_skill_quest,0x20,4,2,r
type_skill_quest,0x2c,4,1,r
type_skill_quest,0x30,4,2,r
type_skill_quest,0x38,4,5,rw!union
type_skill_quest,0x3c,4,3,rw
type_skill_quest,0x40,1,3,r
type_spell_artifact,0x4,4,1,r
type_spell_choice,0x0,4,2,w
type_spell_choice,0x4,4,2,w
type_spell_choice,0x8,4,2,w
type_spell_choice,0xc,4,2,w
type_spell_choice,0x10,1,2,w
type_spell_choice,0x14,4,2,w
type_spell_choice,0x18,4,2,w
type_spell_choice,0x1c,4,2,w
type_spell_choice,0x20,1,2,w
type_spellcaster_artifact,0x4,4,1,r
type_spellvalue,0x0,4,6,rw
type_spellvalue,0x4,4,4,rw
type_spellvalue,0x8,4,5,rw
type_spellvalue,0xc,4,3,rw
type_spellvalue,0x10,4,3,rw
type_spellvalue,0x14,1,1,w
type_spellvalue,0x18,4,3,rw
type_spellvalue,0x1c,4,3,rw
type_spellvalue,0x20,4,1,w
type_text_scroller,0x0,4,3,rw
type_text_scroller,0x4,4,3,rw
type_text_scroller,0x8,4,1,w
type_text_scroller,0xc,4,1,w
type_text_scroller,0x10,2,2,rw
type_text_scroller,0x12,2,2,rw
type_text_scroller,0x14,2,1,w
type_text_scroller,0x16,2,2,rw!union
type_text_scroller,0x17,1,1,rw
type_text_scroller,0x18,2,2,rw
type_text_scroller,0x1a,2,2,rw
type_text_scroller,0x1c,2,2,rw
type_text_scroller,0x1e,2,2,rw
type_text_scroller,0x20,4,2,rw
type_text_scroller,0x24,4,2,rw
type_text_scroller,0x28,1,2,rw
type_text_scroller,0x2c,4,2,rw
type_text_scroller,0x30,4,1,rw
type_text_scroller,0x34,1,1,w
type_text_scroller,0x38,4,4,rw
type_text_scroller,0x3c,4,4,rw
type_text_scroller,0x40,4,2,w
type_text_scroller,0x44,1,1,w
type_text_scroller,0x48,4,4,rw
type_text_scroller,0x4c,4,4,rw
type_text_scroller,0x50,4,2,w
type_text_scroller,0x54,4,4,rw
type_text_scroller,0x58,4,3,rw
type_text_slider,0x3c,4,1,r
type_undead_king_cloak_artifact,0x4,4,1,r
widget,0x0,4,7,rw
widget,0x4,4,9,rw
widget,0x8,4,2,w
widget,0xc,4,2,w
widget,0x10,2,6,rw
widget,0x12,2,3,w
widget,0x14,2,2,w
widget,0x16,2,3,rw!union
widget,0x17,1,1,rw
widget,0x18,2,4,rw
widget,0x1a,2,4,rw
widget,0x1c,2,4,rw
widget,0x1e,2,4,rw
widget,0x20,4,4,rw
widget,0x24,4,4,rw
widget,0x28,1,4,rw
widget,0x2c,4,2,rw
