# DELIBERATE withdrawals of a banked match_baseline.tsv row, admitted by
# hand so homm3.match.banked_rows stops reporting them. A row leaving the
# ledger is FATAL by default: the ratchet only compares rows that are IN
# the file, so a banked function can otherwise vanish - in an update, or
# in a merge of the generated TSV - while every gate stays green
# (army::can_shoot, 2026-08-15).
#
# Add a line only when the withdrawal is real and reviewed: a claim proven
# wrong, an address corrected, a body promoted out of the unit. A row that
# merely stopped being emitted is NOT a waiver case - restore it.
#
# rva<TAB>reason
0x105f20	Withdrawn false admission: omitted objdiff fuzzy_match_percent was protobuf-default 0.0, not 100.0.
# --- master-merge (2026-08-25): campaign partials superseded by master's curated @stub source (user directive: "union, master source wins"). Partial reconstructions deferred to future recon lanes; hist retains the peaks. ---
0x09ad00	master-merge: event_record hide_boat::load partial (99.96%) reverted to master's curated @stub; recon deferred
0x09afa0	master-merge: event_record show_boat::save partial (89.23%) reverted to master's curated @stub; recon deferred
0x1554e0	master-merge: remote ~CWaitForReadyPlayersDlg partial (79.75%) reverted to master's curated @stub; recon deferred
0x1ae430	master-merge: swapmgr TSwapWindow::UpdateArrows partial (98.27%) reverted to master's curated @stub; recon deferred
0x1ae5b0	master-merge: swapmgr swapManager::Reset partial (68.03%) reverted to master's curated @stub; recon deferred
0x1af150	master-merge: swapmgr swapManager::UpdateBackpack partial (93.28%) reverted to master's curated @stub; recon deferred
0x1b0ef0	master-merge: swapmgr swapManager::update_all_slots partial (89.21%) reverted to master's curated @stub; recon deferred
