# Reviewed exact Complete-only definitions; each entry cites platform/pressing evidence.
file	function	signature	reason
include/rmg.h	TPoint::TPoint	void () __attribute__((thiscall))	Complete-only RMG; no Dreamcast procedure counterpart. Retail ownership and caller/layout evidence are documented in src/rmg.cpp and src/rmg_terrain.cpp.
include/rmg.h	TPoint::TPoint	void (int, int) __attribute__((thiscall))	Complete-only RMG; no Dreamcast procedure counterpart. Retail ownership and caller/layout evidence are documented in src/rmg.cpp and src/rmg_terrain.cpp.
include/rmg.h	TPoint::operator!=	bool (const TPoint &) __attribute__((thiscall)) const	Complete-only RMG; no Dreamcast procedure counterpart. Retail ownership and caller/layout evidence are documented in src/rmg.cpp and src/rmg_terrain.cpp.
include/rmg.h	TPoint::operator*	TPoint (int) __attribute__((thiscall)) const	Complete-only RMG; no Dreamcast procedure counterpart. Retail ownership and caller/layout evidence are documented in src/rmg.cpp and src/rmg_terrain.cpp.
include/rmg.h	TPoint::operator+	TPoint (TPoint) __attribute__((thiscall)) const	Complete-only RMG; no Dreamcast procedure counterpart. Retail ownership and caller/layout evidence are documented in src/rmg.cpp and src/rmg_terrain.cpp.
include/rmg.h	TPoint::operator+=	TPoint &(const TPoint &) __attribute__((thiscall))	Complete-only RMG; no Dreamcast procedure counterpart. Retail ownership and caller/layout evidence are documented in src/rmg.cpp and src/rmg_terrain.cpp.
include/rmg.h	TPoint::operator-	TPoint (const TPoint &) __attribute__((thiscall)) const	Complete-only RMG; no Dreamcast procedure counterpart. Retail ownership and caller/layout evidence are documented in src/rmg.cpp and src/rmg_terrain.cpp.
include/rmg.h	TPoint::operator/	TPoint (int) __attribute__((thiscall)) const	Complete-only RMG; no Dreamcast procedure counterpart. Retail ownership and caller/layout evidence are documented in src/rmg.cpp and src/rmg_terrain.cpp.
include/rmg.h	TPoint::operator<	bool (const TPoint &) __attribute__((thiscall)) const	Complete-only RMG; no Dreamcast procedure counterpart. Retail ownership and caller/layout evidence are documented in src/rmg.cpp and src/rmg_terrain.cpp.
include/rmg.h	TPoint::operator==	bool (const TPoint &) __attribute__((thiscall)) const	Complete-only RMG; no Dreamcast procedure counterpart. Retail ownership and caller/layout evidence are documented in src/rmg.cpp and src/rmg_terrain.cpp.
include/rmg.h	TRmgLinePainter::TRmgLinePainter	void (TRmgMapAdapterInterface *) __attribute__((thiscall))	Complete-only RMG; no Dreamcast procedure counterpart. Retail ownership and caller/layout evidence are documented in src/rmg.cpp and src/rmg_terrain.cpp.
include/rmg.h	TRmgLinePainter::~TRmgLinePainter	void () __attribute__((thiscall))	Complete-only RMG; no Dreamcast procedure counterpart. Retail ownership and caller/layout evidence are documented in src/rmg.cpp and src/rmg_terrain.cpp.
include/rmg.h	TRmgMapAdapter::TRmgMapAdapter	void (type_random_map *) __attribute__((thiscall))	Complete-only RMG; no Dreamcast procedure counterpart. Retail ownership and caller/layout evidence are documented in src/rmg.cpp and src/rmg_terrain.cpp.
include/rmg.h	TRmgMapItem::ResetMovement	void (TRmgMapPosition) __attribute__((thiscall))	Complete-only RMG; no Dreamcast procedure counterpart. Retail ownership and caller/layout evidence are documented in src/rmg.cpp and src/rmg_terrain.cpp.
include/rmg.h	TRmgMapItem::SetMovementCost	void (int, TRmgMapPosition) __attribute__((thiscall))	Complete-only RMG; no Dreamcast procedure counterpart. Retail ownership and caller/layout evidence are documented in src/rmg.cpp and src/rmg_terrain.cpp.
include/rmg.h	TRmgMapPosition::TRmgMapPosition	void () __attribute__((thiscall))	Complete-only RMG; no Dreamcast procedure counterpart. Retail ownership and caller/layout evidence are documented in src/rmg.cpp and src/rmg_terrain.cpp.
include/rmg.h	TRmgMapPosition::operator+	TRmgMapPosition (const TPoint &) __attribute__((thiscall)) const	Complete-only RMG; no Dreamcast procedure counterpart. Retail ownership and caller/layout evidence are documented in src/rmg.cpp and src/rmg_terrain.cpp.
include/rmg.h	TRmgRiverDeltaOffset::TRmgRiverDeltaOffset	void (int, int) __attribute__((thiscall))	Complete-only RMG; no Dreamcast procedure counterpart. Retail ownership and caller/layout evidence are documented in src/rmg.cpp and src/rmg_terrain.cpp.
include/rmg.h	TRmgRiverDeltaOffset::~TRmgRiverDeltaOffset	void () __attribute__((thiscall))	Complete-only RMG; no Dreamcast procedure counterpart. Retail ownership and caller/layout evidence are documented in src/rmg.cpp and src/rmg_terrain.cpp.
include/rmg.h	TRmgZoneBounds::Contains	bool (const TPoint &) __attribute__((thiscall)) const	Complete-only RMG; no Dreamcast procedure counterpart. Retail ownership and caller/layout evidence are documented in src/rmg.cpp and src/rmg_terrain.cpp.
include/rmg.h	type_artifact_def::type_artifact_def	void (int, int) __attribute__((thiscall))	Complete-only RMG; no Dreamcast procedure counterpart. Retail ownership and caller/layout evidence are documented in src/rmg.cpp and src/rmg_terrain.cpp.
include/rmg.h	type_black_box_experience_def::type_black_box_experience_def	void (int, int) __attribute__((thiscall))	Complete-only RMG; no Dreamcast procedure counterpart. Retail ownership and caller/layout evidence are documented in src/rmg.cpp and src/rmg_terrain.cpp.
include/rmg.h	type_black_box_gold_def::type_black_box_gold_def	void (int, int) __attribute__((thiscall))	Complete-only RMG; no Dreamcast procedure counterpart. Retail ownership and caller/layout evidence are documented in src/rmg.cpp and src/rmg_terrain.cpp.
include/rmg.h	type_black_box_spells_def::type_black_box_spells_def	void (int, int, int, int) __attribute__((thiscall))	Complete-only RMG; no Dreamcast procedure counterpart. Retail ownership and caller/layout evidence are documented in src/rmg.cpp and src/rmg_terrain.cpp.
include/rmg.h	type_dwelling_def::type_dwelling_def	void (int) __attribute__((thiscall))	Complete-only RMG; no Dreamcast procedure counterpart. Retail ownership and caller/layout evidence are documented in src/rmg.cpp and src/rmg_terrain.cpp.
include/rmg.h	type_key_tent_def::type_key_tent_def	void (int, int) __attribute__((thiscall))	Complete-only RMG; no Dreamcast procedure counterpart. Retail ownership and caller/layout evidence are documented in src/rmg.cpp and src/rmg_terrain.cpp.
include/rmg.h	type_map_dwelling_def::type_map_dwelling_def	void (int) __attribute__((thiscall))	Complete-only RMG; no Dreamcast procedure counterpart. Retail ownership and caller/layout evidence are documented in src/rmg.cpp and src/rmg_terrain.cpp.
include/rmg.h	type_object::type_object	void (TRmgObjectPropertiesRef *) __attribute__((thiscall))	Complete-only RMG; no Dreamcast procedure counterpart. Retail ownership and caller/layout evidence are documented in src/rmg.cpp and src/rmg_terrain.cpp.
include/rmg.h	type_prison_def::type_prison_def	void (int, int) __attribute__((thiscall))	Complete-only RMG; no Dreamcast procedure counterpart. Retail ownership and caller/layout evidence are documented in src/rmg.cpp and src/rmg_terrain.cpp.
include/rmg.h	type_quest_creature_def::type_quest_creature_def	void (int, int) __attribute__((thiscall))	Complete-only RMG; no Dreamcast procedure counterpart. Retail ownership and caller/layout evidence are documented in src/rmg.cpp and src/rmg_terrain.cpp.
include/rmg.h	type_quest_experience_def::type_quest_experience_def	void (int, int, int) __attribute__((thiscall))	Complete-only RMG; no Dreamcast procedure counterpart. Retail ownership and caller/layout evidence are documented in src/rmg.cpp and src/rmg_terrain.cpp.
include/rmg.h	type_quest_gold_def::type_quest_gold_def	void (int, int, int) __attribute__((thiscall))	Complete-only RMG; no Dreamcast procedure counterpart. Retail ownership and caller/layout evidence are documented in src/rmg.cpp and src/rmg_terrain.cpp.
include/rmg.h	type_random_map::GetMapItem	TRmgMapItem *(int, int, int) __attribute__((thiscall))	Complete-only RMG; no Dreamcast procedure counterpart. Retail ownership and caller/layout evidence are documented in src/rmg.cpp and src/rmg_terrain.cpp.
include/rmg.h	type_random_map::type_random_map	void (type_random_map &, int) __attribute__((thiscall))	Complete-only RMG; no Dreamcast procedure counterpart. Retail ownership and caller/layout evidence are documented in src/rmg.cpp and src/rmg_terrain.cpp.
include/rmg.h	type_random_map_generator::GetSerializedMapVersion	int () __attribute__((thiscall)) const	Complete-only RMG; no Dreamcast procedure counterpart. Retail ownership and caller/layout evidence are documented in src/rmg.cpp and src/rmg_terrain.cpp.
include/rmg.h	type_resource_lump_def::type_resource_lump_def	void (int, int, int, int) __attribute__((thiscall))	Complete-only RMG; no Dreamcast procedure counterpart. Retail ownership and caller/layout evidence are documented in src/rmg.cpp and src/rmg_terrain.cpp.
include/rmg.h	type_scholar_def::type_scholar_def	void () __attribute__((thiscall))	Complete-only RMG; no Dreamcast procedure counterpart. Retail ownership and caller/layout evidence are documented in src/rmg.cpp and src/rmg_terrain.cpp.
include/rmg_terrain.h	TRmgPackedTerrainCell::GetFlipX	unsigned char () __attribute__((thiscall)) const	Complete-only RMG; no Dreamcast procedure counterpart. Retail ownership and caller/layout evidence are documented in src/rmg.cpp and src/rmg_terrain.cpp.
include/rmg_terrain.h	TRmgPackedTerrainCell::GetFlipY	unsigned char () __attribute__((thiscall)) const	Complete-only RMG; no Dreamcast procedure counterpart. Retail ownership and caller/layout evidence are documented in src/rmg.cpp and src/rmg_terrain.cpp.
include/rmg_terrain.h	TRmgPackedTerrainCell::GetFrame	int () __attribute__((thiscall)) const	Complete-only RMG; no Dreamcast procedure counterpart. Retail ownership and caller/layout evidence are documented in src/rmg.cpp and src/rmg_terrain.cpp.
include/rmg_terrain.h	TRmgPackedTerrainCell::GetTerrain	int () __attribute__((thiscall)) const	Complete-only RMG; no Dreamcast procedure counterpart. Retail ownership and caller/layout evidence are documented in src/rmg.cpp and src/rmg_terrain.cpp.
include/rmg_terrain.h	TRmgPackedTerrainCell::GetTile	TRmgTerrainTile () __attribute__((thiscall)) const	Complete-only RMG; no Dreamcast procedure counterpart. Retail ownership and caller/layout evidence are documented in src/rmg.cpp and src/rmg_terrain.cpp.
include/rmg_terrain.h	TRmgPackedTerrainCell::SetFlipX	void (unsigned char) __attribute__((thiscall))	Complete-only RMG; no Dreamcast procedure counterpart. Retail ownership and caller/layout evidence are documented in src/rmg.cpp and src/rmg_terrain.cpp.
include/rmg_terrain.h	TRmgPackedTerrainCell::SetFlipY	void (unsigned char) __attribute__((thiscall))	Complete-only RMG; no Dreamcast procedure counterpart. Retail ownership and caller/layout evidence are documented in src/rmg.cpp and src/rmg_terrain.cpp.
include/rmg_terrain.h	TRmgPackedTerrainCell::SetFrame	void (int) __attribute__((thiscall))	Complete-only RMG; no Dreamcast procedure counterpart. Retail ownership and caller/layout evidence are documented in src/rmg.cpp and src/rmg_terrain.cpp.
include/rmg_terrain.h	TRmgPackedTerrainCell::SetInitialized	void () __attribute__((thiscall))	Complete-only RMG; no Dreamcast procedure counterpart. Retail ownership and caller/layout evidence are documented in src/rmg.cpp and src/rmg_terrain.cpp.
include/rmg_terrain.h	TRmgPackedTerrainCell::SetTerrain	void (int) __attribute__((thiscall))	Complete-only RMG; no Dreamcast procedure counterpart. Retail ownership and caller/layout evidence are documented in src/rmg.cpp and src/rmg_terrain.cpp.
include/rmg_terrain.h	TRmgPackedTerrainCell::TRmgPackedTerrainCell	void () __attribute__((thiscall))	Complete-only RMG; no Dreamcast procedure counterpart. Retail ownership and caller/layout evidence are documented in src/rmg.cpp and src/rmg_terrain.cpp.
include/rmg_terrain.h	TRmgTerrainFlip::TRmgTerrainFlip	void () __attribute__((thiscall))	Complete-only RMG; no Dreamcast procedure counterpart. Retail ownership and caller/layout evidence are documented in src/rmg.cpp and src/rmg_terrain.cpp.
include/rmg_terrain.h	TRmgTerrainFlip::TRmgTerrainFlip	void (unsigned char, unsigned char) __attribute__((thiscall))	Complete-only RMG; no Dreamcast procedure counterpart. Retail ownership and caller/layout evidence are documented in src/rmg.cpp and src/rmg_terrain.cpp.
include/rmg_terrain.h	TRmgTerrainPainter::GetTerrain	int (const TPoint &) __attribute__((thiscall))	Complete-only RMG; no Dreamcast procedure counterpart. Retail ownership and caller/layout evidence are documented in src/rmg.cpp and src/rmg_terrain.cpp.
include/rmg_terrain.h	TRmgTerrainRule::~TRmgTerrainRule	void () __attribute__((thiscall))	Complete-only RMG; no Dreamcast procedure counterpart. Retail ownership and caller/layout evidence are documented in src/rmg.cpp and src/rmg_terrain.cpp.
src/rmg.cpp	ClipRmgBoundaryPoint	TPoint (const TRmgZoneBounds &, TPoint, TPoint) __attribute__((fastcall))	Complete-only RMG; no Dreamcast procedure counterpart. Retail ownership and caller/layout evidence are documented in src/rmg.cpp and src/rmg_terrain.cpp.
src/rmg.cpp	EmitRmgPointSetIncrement	void (TRmgPointSet::const_iterator *) __attribute__((fastcall))	Complete-only RMG; no Dreamcast procedure counterpart. Retail ownership and caller/layout evidence are documented in src/rmg.cpp and src/rmg_terrain.cpp.
src/rmg.cpp	InsertRmgWorkItem	void (std::vector<TRmgMapPosition> &, std::vector<int> &, TRmgMapPosition, int) __attribute__((fastcall))	Complete-only RMG; no Dreamcast procedure counterpart. Retail ownership and caller/layout evidence are documented in src/rmg.cpp and src/rmg_terrain.cpp.
src/rmg.cpp	IsRmgTemplateFieldSet	bool (const char *) __attribute__((fastcall))	Complete-only RMG; no Dreamcast procedure counterpart. Retail ownership and caller/layout evidence are documented in src/rmg.cpp and src/rmg_terrain.cpp.
src/rmg.cpp	ReadRmgTemplateZones	void (const TSpreadsheetResource *, TRmgTemplate *, int, int, int, int, int) __attribute__((fastcall))	Complete-only RMG; no Dreamcast procedure counterpart. Retail ownership and caller/layout evidence are documented in src/rmg.cpp and src/rmg_terrain.cpp.
src/rmg.cpp	TRmgTemplate::FindZone	TRmgTownSlot *(int) __attribute__((thiscall))	Complete-only RMG; no Dreamcast procedure counterpart. Retail ownership and caller/layout evidence are documented in src/rmg.cpp and src/rmg_terrain.cpp.
src/rmg.cpp	assign_rmg_teams	void (int, int, int, const unsigned char *, char *) __attribute__((fastcall))	Complete-only RMG; no Dreamcast procedure counterpart. Retail ownership and caller/layout evidence are documented in src/rmg.cpp and src/rmg_terrain.cpp.
src/rmg.cpp	set_available_rmg_heroes	void (std::bitset<N> *, unsigned char *, unsigned char *) __attribute__((fastcall))	Complete-only RMG; no Dreamcast procedure counterpart. Retail ownership and caller/layout evidence are documented in src/rmg.cpp and src/rmg_terrain.cpp.
src/rmg.cpp	type_black_box_creature_def::type_black_box_creature_def	void (int) __attribute__((thiscall))	Complete-only RMG; no Dreamcast procedure counterpart. Retail ownership and caller/layout evidence are documented in src/rmg.cpp and src/rmg_terrain.cpp.
src/rmg.cpp	type_random_map::GetMapItem	TRmgMapItem *(TRmgMapPosition) __attribute__((thiscall))	Complete-only RMG; no Dreamcast procedure counterpart. Retail ownership and caller/layout evidence are documented in src/rmg.cpp and src/rmg_terrain.cpp.
src/rmg.cpp	type_random_map_generator::BuildRoadCostMap	void (TRmgMapPosition) __attribute__((thiscall))	Complete-only RMG; no Dreamcast procedure counterpart. Retail ownership and caller/layout evidence are documented in src/rmg.cpp and src/rmg_terrain.cpp.
src/rmg.cpp	type_random_map_generator::ConnectZones	void () __attribute__((thiscall))	Complete-only RMG; no Dreamcast procedure counterpart. Retail ownership and caller/layout evidence are documented in src/rmg.cpp and src/rmg_terrain.cpp.
src/rmg.cpp	type_random_map_generator::CreateRiver	void (TRmgMapPosition) __attribute__((thiscall))	Complete-only RMG; no Dreamcast procedure counterpart. Retail ownership and caller/layout evidence are documented in src/rmg.cpp and src/rmg_terrain.cpp.
src/rmg.cpp	type_random_map_generator::CreateSubterraneanGate	unsigned char (TRmgZone *, TRmgZoneConnection *) __attribute__((thiscall))	Complete-only RMG; no Dreamcast procedure counterpart. Retail ownership and caller/layout evidence are documented in src/rmg.cpp and src/rmg_terrain.cpp.
src/rmg.cpp	type_random_map_generator::DrawIrregularZoneBoundary	void (TPoint, TPoint, int, int, int) __attribute__((thiscall))	Complete-only RMG; no Dreamcast procedure counterpart. Retail ownership and caller/layout evidence are documented in src/rmg.cpp and src/rmg_terrain.cpp.
src/rmg.cpp	type_random_map_generator::DrawStraightZoneBoundary	void (TPoint, TPoint, int, int) __attribute__((thiscall))	Complete-only RMG; no Dreamcast procedure counterpart. Retail ownership and caller/layout evidence are documented in src/rmg.cpp and src/rmg_terrain.cpp.
src/rmg.cpp	type_random_map_generator::InitializeObjectGenerators	void () __attribute__((thiscall))	Complete-only RMG; no Dreamcast procedure counterpart. Retail ownership and caller/layout evidence are documented in src/rmg.cpp and src/rmg_terrain.cpp.
src/rmg.cpp	type_random_map_generator::TraceZoneBoundary	void (TRmgBoundaryVertex *, unsigned char) __attribute__((thiscall))	Complete-only RMG; no Dreamcast procedure counterpart. Retail ownership and caller/layout evidence are documented in src/rmg.cpp and src/rmg_terrain.cpp.
src/rmg.cpp	type_random_map_generator::WriteMapHeader	void (TAbstractFile *) __attribute__((thiscall))	Complete-only RMG; no Dreamcast procedure counterpart. Retail ownership and caller/layout evidence are documented in src/rmg.cpp and src/rmg_terrain.cpp.
src/rmg.cpp	type_shrine_def::type_shrine_def	void (int, int) __attribute__((thiscall))	Complete-only RMG; no Dreamcast procedure counterpart. Retail ownership and caller/layout evidence are documented in src/rmg.cpp and src/rmg_terrain.cpp.
src/rmg.cpp	type_spell_scroll_def::type_spell_scroll_def	void (int, int) __attribute__((thiscall))	Complete-only RMG; no Dreamcast procedure counterpart. Retail ownership and caller/layout evidence are documented in src/rmg.cpp and src/rmg_terrain.cpp.
src/rmg.cpp	type_treasure_def::type_treasure_def	void (int, int, int, int) __attribute__((thiscall))	Complete-only RMG; no Dreamcast procedure counterpart. Retail ownership and caller/layout evidence are documented in src/rmg.cpp and src/rmg_terrain.cpp.
src/rmg.cpp	type_witch_hut_def::type_witch_hut_def	void () __attribute__((thiscall))	Complete-only RMG; no Dreamcast procedure counterpart. Retail ownership and caller/layout evidence are documented in src/rmg.cpp and src/rmg_terrain.cpp.
src/rmg_terrain.cpp	MakeTerrainFlip	TRmgTerrainFlip (unsigned char, unsigned char) __attribute__((fastcall))	Complete-only RMG; no Dreamcast procedure counterpart. Retail ownership and caller/layout evidence are documented in src/rmg.cpp and src/rmg_terrain.cpp.
src/rmg_terrain.cpp	SelectTerrainTransition	int (const int *, TRmgTerrainFlip *) __attribute__((fastcall))	Complete-only RMG; no Dreamcast procedure counterpart. Retail ownership and caller/layout evidence are documented in src/rmg.cpp and src/rmg_terrain.cpp.
src/rmg_terrain.cpp	TRmgTerrainPainter::GetPackedCell	TRmgPackedTerrainCell *(const TPoint &) __attribute__((thiscall))	Complete-only RMG; no Dreamcast procedure counterpart. Retail ownership and caller/layout evidence are documented in src/rmg.cpp and src/rmg_terrain.cpp.
src/rmg_terrain.cpp	TRmgTerrainPainter::InitializePackedCell	void (const TPoint &, unsigned int) __attribute__((thiscall))	Complete-only RMG; no Dreamcast procedure counterpart. Retail ownership and caller/layout evidence are documented in src/rmg.cpp and src/rmg_terrain.cpp.
src/rmg_terrain.cpp	TRmgTerrainPainter::PaintTransitions	void () __attribute__((thiscall))	Complete-only RMG; no Dreamcast procedure counterpart. Retail ownership and caller/layout evidence are documented in src/rmg.cpp and src/rmg_terrain.cpp.
include/customcampaign.h	TCampaignArtifactBonus::GetIconIndex	int () __attribute__((thiscall)) const	Complete virtual campaign bonus hierarchy, vtable 0x0063da40; include/customcampaign.h documents the retail factory/slots replacing Dreamcast SCampaign::give_custom_items.
include/customcampaign.h	TCampaignBuildingBonus::GetIconIndex	int () __attribute__((thiscall)) const	Complete virtual campaign bonus hierarchy, vtable 0x0063da60; include/customcampaign.h documents the retail factory/slots replacing Dreamcast SCampaign::give_custom_items.
include/customcampaign.h	TCampaignSpellBonus::GetIconIndex	int () __attribute__((thiscall)) const	Complete virtual campaign bonus hierarchy, vtable 0x0063daa0; include/customcampaign.h documents the retail factory/slots replacing Dreamcast SCampaign::give_custom_items.
include/quest.h	type_quest::quest_text	const std::string &(int) __attribute__((thiscall))	Complete virtual quest hierarchy, vtable 0x0064174c; include/quest.h and src/seerhut.cpp document the retail factory/slots replacing Dreamcast TSeerHut switch-based quests.
include/quest.h	type_quest::quest_texts	const std::string *() __attribute__((thiscall))	Complete virtual quest hierarchy, vtable 0x0064174c; include/quest.h and src/seerhut.cpp document the retail factory/slots replacing Dreamcast TSeerHut switch-based quests.
src/customcampaign.cpp	TCampaignArtifactBonus::Apply	void (int) __attribute__((thiscall)) const	Complete virtual campaign bonus hierarchy, vtable 0x0063da40; include/customcampaign.h documents the retail factory/slots replacing Dreamcast SCampaign::give_custom_items.
src/customcampaign.cpp	TCampaignArtifactBonus::GetIconDefName	const char *() __attribute__((thiscall)) const	Complete virtual campaign bonus hierarchy, vtable 0x0063da40; include/customcampaign.h documents the retail factory/slots replacing Dreamcast SCampaign::give_custom_items.
src/customcampaign.cpp	TCampaignArtifactBonus::GetText	std::string () __attribute__((thiscall)) const	Complete virtual campaign bonus hierarchy, vtable 0x0063da40; include/customcampaign.h documents the retail factory/slots replacing Dreamcast SCampaign::give_custom_items.
src/customcampaign.cpp	TCampaignArtifactBonus::Read	void (TAbstractFile *) __attribute__((thiscall))	Complete virtual campaign bonus hierarchy, vtable 0x0063da40; include/customcampaign.h documents the retail factory/slots replacing Dreamcast SCampaign::give_custom_items.
src/customcampaign.cpp	TCampaignBonus::IsBuildingBonus	bool () __attribute__((thiscall)) const	Complete virtual campaign bonus hierarchy, vtable 0x0063d938; include/customcampaign.h documents the retail factory/slots replacing Dreamcast SCampaign::give_custom_items.
src/customcampaign.cpp	TCampaignBonus::SetTown	void (int) __attribute__((thiscall))	Complete virtual campaign bonus hierarchy, vtable 0x0063d938; include/customcampaign.h documents the retail factory/slots replacing Dreamcast SCampaign::give_custom_items.
src/customcampaign.cpp	TCampaignBonus::~TCampaignBonus	void () __attribute__((thiscall))	Complete virtual campaign bonus hierarchy, vtable 0x0063d938; include/customcampaign.h documents the retail factory/slots replacing Dreamcast SCampaign::give_custom_items.
src/customcampaign.cpp	TCampaignBuildingBonus::Apply	void (int) __attribute__((thiscall)) const	Complete virtual campaign bonus hierarchy, vtable 0x0063da60; include/customcampaign.h documents the retail factory/slots replacing Dreamcast SCampaign::give_custom_items.
src/customcampaign.cpp	TCampaignBuildingBonus::GetIconDefName	const char *() __attribute__((thiscall)) const	Complete virtual campaign bonus hierarchy, vtable 0x0063da60; include/customcampaign.h documents the retail factory/slots replacing Dreamcast SCampaign::give_custom_items.
src/customcampaign.cpp	TCampaignBuildingBonus::GetText	std::string () __attribute__((thiscall)) const	Complete virtual campaign bonus hierarchy, vtable 0x0063da60; include/customcampaign.h documents the retail factory/slots replacing Dreamcast SCampaign::give_custom_items.
src/customcampaign.cpp	TCampaignBuildingBonus::IsBuildingBonus	bool () __attribute__((thiscall)) const	Complete virtual campaign bonus hierarchy, vtable 0x0063da60; include/customcampaign.h documents the retail factory/slots replacing Dreamcast SCampaign::give_custom_items.
src/customcampaign.cpp	TCampaignBuildingBonus::Read	void (TAbstractFile *) __attribute__((thiscall))	Complete virtual campaign bonus hierarchy, vtable 0x0063da60; include/customcampaign.h documents the retail factory/slots replacing Dreamcast SCampaign::give_custom_items.
src/customcampaign.cpp	TCampaignBuildingBonus::SetTown	void (int) __attribute__((thiscall))	Complete virtual campaign bonus hierarchy, vtable 0x0063da60; include/customcampaign.h documents the retail factory/slots replacing Dreamcast SCampaign::give_custom_items.
src/customcampaign.cpp	TCampaignCreatureBonus::Apply	void (int) __attribute__((thiscall)) const	Complete virtual campaign bonus hierarchy, vtable 0x0063da80; include/customcampaign.h documents the retail factory/slots replacing Dreamcast SCampaign::give_custom_items.
src/customcampaign.cpp	TCampaignCreatureBonus::GetIconDefName	const char *() __attribute__((thiscall)) const	Complete virtual campaign bonus hierarchy, vtable 0x0063da80; include/customcampaign.h documents the retail factory/slots replacing Dreamcast SCampaign::give_custom_items.
src/customcampaign.cpp	TCampaignCreatureBonus::GetIconIndex	int () __attribute__((thiscall)) const	Complete virtual campaign bonus hierarchy, vtable 0x0063da80; include/customcampaign.h documents the retail factory/slots replacing Dreamcast SCampaign::give_custom_items.
src/customcampaign.cpp	TCampaignCreatureBonus::GetText	std::string () __attribute__((thiscall)) const	Complete virtual campaign bonus hierarchy, vtable 0x0063da80; include/customcampaign.h documents the retail factory/slots replacing Dreamcast SCampaign::give_custom_items.
src/customcampaign.cpp	TCampaignCreatureBonus::Read	void (TAbstractFile *) __attribute__((thiscall))	Complete virtual campaign bonus hierarchy, vtable 0x0063da80; include/customcampaign.h documents the retail factory/slots replacing Dreamcast SCampaign::give_custom_items.
src/customcampaign.cpp	TCampaignPrimarySkillBonus::Apply	void (int) __attribute__((thiscall)) const	Complete virtual campaign bonus hierarchy, vtable 0x0063da00; include/customcampaign.h documents the retail factory/slots replacing Dreamcast SCampaign::give_custom_items.
src/customcampaign.cpp	TCampaignPrimarySkillBonus::GetIconDefName	const char *() __attribute__((thiscall)) const	Complete virtual campaign bonus hierarchy, vtable 0x0063da00; include/customcampaign.h documents the retail factory/slots replacing Dreamcast SCampaign::give_custom_items.
src/customcampaign.cpp	TCampaignPrimarySkillBonus::GetIconIndex	int () __attribute__((thiscall)) const	Complete virtual campaign bonus hierarchy, vtable 0x0063da00; include/customcampaign.h documents the retail factory/slots replacing Dreamcast SCampaign::give_custom_items.
src/customcampaign.cpp	TCampaignPrimarySkillBonus::GetText	std::string () __attribute__((thiscall)) const	Complete virtual campaign bonus hierarchy, vtable 0x0063da00; include/customcampaign.h documents the retail factory/slots replacing Dreamcast SCampaign::give_custom_items.
src/customcampaign.cpp	TCampaignPrimarySkillBonus::Read	void (TAbstractFile *) __attribute__((thiscall))	Complete virtual campaign bonus hierarchy, vtable 0x0063da00; include/customcampaign.h documents the retail factory/slots replacing Dreamcast SCampaign::give_custom_items.
src/customcampaign.cpp	TCampaignResourceBonus::Apply	void (int) __attribute__((thiscall)) const	Complete virtual campaign bonus hierarchy, vtable 0x0063d9c0; include/customcampaign.h documents the retail factory/slots replacing Dreamcast SCampaign::give_custom_items.
src/customcampaign.cpp	TCampaignResourceBonus::GetIconDefName	const char *() __attribute__((thiscall)) const	Complete virtual campaign bonus hierarchy, vtable 0x0063d9c0; include/customcampaign.h documents the retail factory/slots replacing Dreamcast SCampaign::give_custom_items.
src/customcampaign.cpp	TCampaignResourceBonus::GetIconIndex	int () __attribute__((thiscall)) const	Complete virtual campaign bonus hierarchy, vtable 0x0063d9c0; include/customcampaign.h documents the retail factory/slots replacing Dreamcast SCampaign::give_custom_items.
src/customcampaign.cpp	TCampaignResourceBonus::GetText	std::string () __attribute__((thiscall)) const	Complete virtual campaign bonus hierarchy, vtable 0x0063d9c0; include/customcampaign.h documents the retail factory/slots replacing Dreamcast SCampaign::give_custom_items.
src/customcampaign.cpp	TCampaignResourceBonus::Read	void (TAbstractFile *) __attribute__((thiscall))	Complete virtual campaign bonus hierarchy, vtable 0x0063d9c0; include/customcampaign.h documents the retail factory/slots replacing Dreamcast SCampaign::give_custom_items.
src/customcampaign.cpp	TCampaignSecondarySkillBonus::Apply	void (int) __attribute__((thiscall)) const	Complete virtual campaign bonus hierarchy, vtable 0x0063d9e0; include/customcampaign.h documents the retail factory/slots replacing Dreamcast SCampaign::give_custom_items.
src/customcampaign.cpp	TCampaignSecondarySkillBonus::GetIconDefName	const char *() __attribute__((thiscall)) const	Complete virtual campaign bonus hierarchy, vtable 0x0063d9e0; include/customcampaign.h documents the retail factory/slots replacing Dreamcast SCampaign::give_custom_items.
src/customcampaign.cpp	TCampaignSecondarySkillBonus::GetIconIndex	int () __attribute__((thiscall)) const	Complete virtual campaign bonus hierarchy, vtable 0x0063d9e0; include/customcampaign.h documents the retail factory/slots replacing Dreamcast SCampaign::give_custom_items.
src/customcampaign.cpp	TCampaignSecondarySkillBonus::GetText	std::string () __attribute__((thiscall)) const	Complete virtual campaign bonus hierarchy, vtable 0x0063d9e0; include/customcampaign.h documents the retail factory/slots replacing Dreamcast SCampaign::give_custom_items.
src/customcampaign.cpp	TCampaignSecondarySkillBonus::Read	void (TAbstractFile *) __attribute__((thiscall))	Complete virtual campaign bonus hierarchy, vtable 0x0063d9e0; include/customcampaign.h documents the retail factory/slots replacing Dreamcast SCampaign::give_custom_items.
src/customcampaign.cpp	TCampaignSpellBonus::Apply	void (int) __attribute__((thiscall)) const	Complete virtual campaign bonus hierarchy, vtable 0x0063daa0; include/customcampaign.h documents the retail factory/slots replacing Dreamcast SCampaign::give_custom_items.
src/customcampaign.cpp	TCampaignSpellBonus::GetIconDefName	const char *() __attribute__((thiscall)) const	Complete virtual campaign bonus hierarchy, vtable 0x0063daa0; include/customcampaign.h documents the retail factory/slots replacing Dreamcast SCampaign::give_custom_items.
src/customcampaign.cpp	TCampaignSpellBonus::GetText	std::string () __attribute__((thiscall)) const	Complete virtual campaign bonus hierarchy, vtable 0x0063daa0; include/customcampaign.h documents the retail factory/slots replacing Dreamcast SCampaign::give_custom_items.
src/customcampaign.cpp	TCampaignSpellBonus::Read	void (TAbstractFile *) __attribute__((thiscall))	Complete virtual campaign bonus hierarchy, vtable 0x0063daa0; include/customcampaign.h documents the retail factory/slots replacing Dreamcast SCampaign::give_custom_items.
src/customcampaign.cpp	TCampaignSpellScrollBonus::Apply	void (int) __attribute__((thiscall)) const	Complete virtual campaign bonus hierarchy, vtable 0x0063da20; include/customcampaign.h documents the retail factory/slots replacing Dreamcast SCampaign::give_custom_items.
src/customcampaign.cpp	TCampaignSpellScrollBonus::GetText	std::string () __attribute__((thiscall)) const	Complete virtual campaign bonus hierarchy, vtable 0x0063da20; include/customcampaign.h documents the retail factory/slots replacing Dreamcast SCampaign::give_custom_items.
src/seerhut.cpp	type_artifact_quest::DoProgressDialog	void () __attribute__((thiscall))	Complete virtual quest hierarchy, vtable 0x00641878; include/quest.h and src/seerhut.cpp document the retail factory/slots replacing Dreamcast TSeerHut switch-based quests.
src/seerhut.cpp	type_artifact_quest::DoProposalDialog	void (hero *) __attribute__((thiscall))	Complete virtual quest hierarchy, vtable 0x00641878; include/quest.h and src/seerhut.cpp document the retail factory/slots replacing Dreamcast TSeerHut switch-based quests.
src/seerhut.cpp	type_artifact_quest::GetAIValue	int (int) __attribute__((thiscall))	Complete virtual quest hierarchy, vtable 0x00641878; include/quest.h and src/seerhut.cpp document the retail factory/slots replacing Dreamcast TSeerHut switch-based quests.
src/seerhut.cpp	type_artifact_quest::GetQuestDescription	std::string () __attribute__((thiscall))	Complete virtual quest hierarchy, vtable 0x00641878; include/quest.h and src/seerhut.cpp document the retail factory/slots replacing Dreamcast TSeerHut switch-based quests.
src/seerhut.cpp	type_artifact_quest::GetRequirementText	std::string () __attribute__((thiscall))	Complete virtual quest hierarchy, vtable 0x00641878; include/quest.h and src/seerhut.cpp document the retail factory/slots replacing Dreamcast TSeerHut switch-based quests.
src/seerhut.cpp	type_artifact_quest::Load	void (TAbstractFile *, int) __attribute__((thiscall))	Complete virtual quest hierarchy, vtable 0x00641878; include/quest.h and src/seerhut.cpp document the retail factory/slots replacing Dreamcast TSeerHut switch-based quests.
src/seerhut.cpp	type_artifact_quest::LoadFromMap	void (TAbstractFile *) __attribute__((thiscall))	Complete virtual quest hierarchy, vtable 0x00641878; include/quest.h and src/seerhut.cpp document the retail factory/slots replacing Dreamcast TSeerHut switch-based quests.
src/seerhut.cpp	type_artifact_quest::Save	void (TAbstractFile *) __attribute__((thiscall))	Complete virtual quest hierarchy, vtable 0x00641878; include/quest.h and src/seerhut.cpp document the retail factory/slots replacing Dreamcast TSeerHut switch-based quests.
src/seerhut.cpp	type_artifact_quest::SetDefaultText	void () __attribute__((thiscall))	Complete virtual quest hierarchy, vtable 0x00641878; include/quest.h and src/seerhut.cpp document the retail factory/slots replacing Dreamcast TSeerHut switch-based quests.
src/seerhut.cpp	type_artifact_quest::TakePayment	void (hero *) __attribute__((thiscall))	Complete virtual quest hierarchy, vtable 0x00641878; include/quest.h and src/seerhut.cpp document the retail factory/slots replacing Dreamcast TSeerHut switch-based quests.
src/seerhut.cpp	type_artifact_quest::is_satisfied	unsigned char (hero *) __attribute__((thiscall))	Complete virtual quest hierarchy, vtable 0x00641878; include/quest.h and src/seerhut.cpp document the retail factory/slots replacing Dreamcast TSeerHut switch-based quests.
src/seerhut.cpp	type_artifact_quest::type_artifact_quest	void (unsigned char) __attribute__((thiscall))	Complete virtual quest hierarchy, vtable 0x00641878; include/quest.h and src/seerhut.cpp document the retail factory/slots replacing Dreamcast TSeerHut switch-based quests.
src/seerhut.cpp	type_artifact_quest::type_artifact_quest	void (unsigned char, TArtifact, int) __attribute__((thiscall))	Complete virtual quest hierarchy, vtable 0x00641878; include/quest.h and src/seerhut.cpp document the retail factory/slots replacing Dreamcast TSeerHut switch-based quests.
src/seerhut.cpp	type_be_hero_quest::DoProgressDialog	void () __attribute__((thiscall))	Complete virtual quest hierarchy, vtable 0x0064192c; include/quest.h and src/seerhut.cpp document the retail factory/slots replacing Dreamcast TSeerHut switch-based quests.
src/seerhut.cpp	type_be_hero_quest::DoProposalDialog	void (hero *) __attribute__((thiscall))	Complete virtual quest hierarchy, vtable 0x0064192c; include/quest.h and src/seerhut.cpp document the retail factory/slots replacing Dreamcast TSeerHut switch-based quests.
src/seerhut.cpp	type_be_hero_quest::GetQuestDescription	std::string () __attribute__((thiscall))	Complete virtual quest hierarchy, vtable 0x0064192c; include/quest.h and src/seerhut.cpp document the retail factory/slots replacing Dreamcast TSeerHut switch-based quests.
src/seerhut.cpp	type_be_hero_quest::GetRequirementText	std::string () __attribute__((thiscall))	Complete virtual quest hierarchy, vtable 0x0064192c; include/quest.h and src/seerhut.cpp document the retail factory/slots replacing Dreamcast TSeerHut switch-based quests.
src/seerhut.cpp	type_be_hero_quest::Load	void (TAbstractFile *, int) __attribute__((thiscall))	Complete virtual quest hierarchy, vtable 0x0064192c; include/quest.h and src/seerhut.cpp document the retail factory/slots replacing Dreamcast TSeerHut switch-based quests.
src/seerhut.cpp	type_be_hero_quest::LoadFromMap	void (TAbstractFile *) __attribute__((thiscall))	Complete virtual quest hierarchy, vtable 0x0064192c; include/quest.h and src/seerhut.cpp document the retail factory/slots replacing Dreamcast TSeerHut switch-based quests.
src/seerhut.cpp	type_be_hero_quest::SetDefaultText	void () __attribute__((thiscall))	Complete virtual quest hierarchy, vtable 0x0064192c; include/quest.h and src/seerhut.cpp document the retail factory/slots replacing Dreamcast TSeerHut switch-based quests.
src/seerhut.cpp	type_be_hero_quest::is_satisfied	unsigned char (hero *) __attribute__((thiscall))	Complete virtual quest hierarchy, vtable 0x0064192c; include/quest.h and src/seerhut.cpp document the retail factory/slots replacing Dreamcast TSeerHut switch-based quests.
src/seerhut.cpp	type_be_hero_quest::quest_type	int () __attribute__((thiscall))	Complete virtual quest hierarchy, vtable 0x0064192c; include/quest.h and src/seerhut.cpp document the retail factory/slots replacing Dreamcast TSeerHut switch-based quests.
src/seerhut.cpp	type_be_hero_quest::type_be_hero_quest	void (unsigned char) __attribute__((thiscall))	Complete virtual quest hierarchy, vtable 0x0064192c; include/quest.h and src/seerhut.cpp document the retail factory/slots replacing Dreamcast TSeerHut switch-based quests.
src/seerhut.cpp	type_belong_to_player_quest::DoProgressDialog	void () __attribute__((thiscall))	Complete virtual quest hierarchy, vtable 0x00641968; include/quest.h and src/seerhut.cpp document the retail factory/slots replacing Dreamcast TSeerHut switch-based quests.
src/seerhut.cpp	type_belong_to_player_quest::DoProposalDialog	void (hero *) __attribute__((thiscall))	Complete virtual quest hierarchy, vtable 0x00641968; include/quest.h and src/seerhut.cpp document the retail factory/slots replacing Dreamcast TSeerHut switch-based quests.
src/seerhut.cpp	type_belong_to_player_quest::GetQuestDescription	std::string () __attribute__((thiscall))	Complete virtual quest hierarchy, vtable 0x00641968; include/quest.h and src/seerhut.cpp document the retail factory/slots replacing Dreamcast TSeerHut switch-based quests.
src/seerhut.cpp	type_belong_to_player_quest::GetRequirementText	std::string () __attribute__((thiscall))	Complete virtual quest hierarchy, vtable 0x00641968; include/quest.h and src/seerhut.cpp document the retail factory/slots replacing Dreamcast TSeerHut switch-based quests.
src/seerhut.cpp	type_belong_to_player_quest::Load	void (TAbstractFile *, int) __attribute__((thiscall))	Complete virtual quest hierarchy, vtable 0x00641968; include/quest.h and src/seerhut.cpp document the retail factory/slots replacing Dreamcast TSeerHut switch-based quests.
src/seerhut.cpp	type_belong_to_player_quest::Save	void (TAbstractFile *) __attribute__((thiscall))	Complete virtual quest hierarchy, vtable 0x00641968; include/quest.h and src/seerhut.cpp document the retail factory/slots replacing Dreamcast TSeerHut switch-based quests.
src/seerhut.cpp	type_belong_to_player_quest::SetDefaultText	void () __attribute__((thiscall))	Complete virtual quest hierarchy, vtable 0x00641968; include/quest.h and src/seerhut.cpp document the retail factory/slots replacing Dreamcast TSeerHut switch-based quests.
src/seerhut.cpp	type_belong_to_player_quest::is_satisfied	unsigned char (hero *) __attribute__((thiscall))	Complete virtual quest hierarchy, vtable 0x00641968; include/quest.h and src/seerhut.cpp document the retail factory/slots replacing Dreamcast TSeerHut switch-based quests.
src/seerhut.cpp	type_belong_to_player_quest::quest_type	int () __attribute__((thiscall))	Complete virtual quest hierarchy, vtable 0x00641968; include/quest.h and src/seerhut.cpp document the retail factory/slots replacing Dreamcast TSeerHut switch-based quests.
src/seerhut.cpp	type_belong_to_player_quest::type_belong_to_player_quest	void (unsigned char) __attribute__((thiscall))	Complete virtual quest hierarchy, vtable 0x00641968; include/quest.h and src/seerhut.cpp document the retail factory/slots replacing Dreamcast TSeerHut switch-based quests.
src/seerhut.cpp	type_creature_quest::DoProgressDialog	void () __attribute__((thiscall))	Complete virtual quest hierarchy, vtable 0x006418b4; include/quest.h and src/seerhut.cpp document the retail factory/slots replacing Dreamcast TSeerHut switch-based quests.
src/seerhut.cpp	type_creature_quest::DoProposalDialog	void (hero *) __attribute__((thiscall))	Complete virtual quest hierarchy, vtable 0x006418b4; include/quest.h and src/seerhut.cpp document the retail factory/slots replacing Dreamcast TSeerHut switch-based quests.
src/seerhut.cpp	type_creature_quest::GetAIValue	int (int) __attribute__((thiscall))	Complete virtual quest hierarchy, vtable 0x006418b4; include/quest.h and src/seerhut.cpp document the retail factory/slots replacing Dreamcast TSeerHut switch-based quests.
src/seerhut.cpp	type_creature_quest::GetQuestDescription	std::string () __attribute__((thiscall))	Complete virtual quest hierarchy, vtable 0x006418b4; include/quest.h and src/seerhut.cpp document the retail factory/slots replacing Dreamcast TSeerHut switch-based quests.
src/seerhut.cpp	type_creature_quest::GetRequirementText	std::string () __attribute__((thiscall))	Complete virtual quest hierarchy, vtable 0x006418b4; include/quest.h and src/seerhut.cpp document the retail factory/slots replacing Dreamcast TSeerHut switch-based quests.
src/seerhut.cpp	type_creature_quest::Load	void (TAbstractFile *, int) __attribute__((thiscall))	Complete virtual quest hierarchy, vtable 0x006418b4; include/quest.h and src/seerhut.cpp document the retail factory/slots replacing Dreamcast TSeerHut switch-based quests.
src/seerhut.cpp	type_creature_quest::LoadFromMap	void (TAbstractFile *) __attribute__((thiscall))	Complete virtual quest hierarchy, vtable 0x006418b4; include/quest.h and src/seerhut.cpp document the retail factory/slots replacing Dreamcast TSeerHut switch-based quests.
src/seerhut.cpp	type_creature_quest::Save	void (TAbstractFile *) __attribute__((thiscall))	Complete virtual quest hierarchy, vtable 0x006418b4; include/quest.h and src/seerhut.cpp document the retail factory/slots replacing Dreamcast TSeerHut switch-based quests.
src/seerhut.cpp	type_creature_quest::SetDefaultText	void () __attribute__((thiscall))	Complete virtual quest hierarchy, vtable 0x006418b4; include/quest.h and src/seerhut.cpp document the retail factory/slots replacing Dreamcast TSeerHut switch-based quests.
src/seerhut.cpp	type_creature_quest::TakePayment	void (hero *) __attribute__((thiscall))	Complete virtual quest hierarchy, vtable 0x006418b4; include/quest.h and src/seerhut.cpp document the retail factory/slots replacing Dreamcast TSeerHut switch-based quests.
src/seerhut.cpp	type_creature_quest::is_satisfied	unsigned char (hero *) __attribute__((thiscall))	Complete virtual quest hierarchy, vtable 0x006418b4; include/quest.h and src/seerhut.cpp document the retail factory/slots replacing Dreamcast TSeerHut switch-based quests.
src/seerhut.cpp	type_creature_quest::type_creature_quest	void (unsigned char) __attribute__((thiscall))	Complete virtual quest hierarchy, vtable 0x006418b4; include/quest.h and src/seerhut.cpp document the retail factory/slots replacing Dreamcast TSeerHut switch-based quests.
src/seerhut.cpp	type_defeat_hero_quest::DoProgressDialog	void () __attribute__((thiscall))	Complete virtual quest hierarchy, vtable 0x00641800; include/quest.h and src/seerhut.cpp document the retail factory/slots replacing Dreamcast TSeerHut switch-based quests.
src/seerhut.cpp	type_defeat_hero_quest::DoProposalDialog	void (hero *) __attribute__((thiscall))	Complete virtual quest hierarchy, vtable 0x00641800; include/quest.h and src/seerhut.cpp document the retail factory/slots replacing Dreamcast TSeerHut switch-based quests.
src/seerhut.cpp	type_defeat_hero_quest::GetQuestDescription	std::string () __attribute__((thiscall))	Complete virtual quest hierarchy, vtable 0x00641800; include/quest.h and src/seerhut.cpp document the retail factory/slots replacing Dreamcast TSeerHut switch-based quests.
src/seerhut.cpp	type_defeat_hero_quest::GetRequirementText	std::string () __attribute__((thiscall))	Complete virtual quest hierarchy, vtable 0x00641800; include/quest.h and src/seerhut.cpp document the retail factory/slots replacing Dreamcast TSeerHut switch-based quests.
src/seerhut.cpp	type_defeat_hero_quest::Load	void (TAbstractFile *, int) __attribute__((thiscall))	Complete virtual quest hierarchy, vtable 0x00641800; include/quest.h and src/seerhut.cpp document the retail factory/slots replacing Dreamcast TSeerHut switch-based quests.
src/seerhut.cpp	type_defeat_hero_quest::NotifyHeroDefeated	void (int, int) __attribute__((thiscall))	Complete virtual quest hierarchy, vtable 0x00641800; include/quest.h and src/seerhut.cpp document the retail factory/slots replacing Dreamcast TSeerHut switch-based quests.
src/seerhut.cpp	type_defeat_hero_quest::Save	void (TAbstractFile *) __attribute__((thiscall))	Complete virtual quest hierarchy, vtable 0x00641800; include/quest.h and src/seerhut.cpp document the retail factory/slots replacing Dreamcast TSeerHut switch-based quests.
src/seerhut.cpp	type_defeat_hero_quest::SetDefaultText	void () __attribute__((thiscall))	Complete virtual quest hierarchy, vtable 0x00641800; include/quest.h and src/seerhut.cpp document the retail factory/slots replacing Dreamcast TSeerHut switch-based quests.
src/seerhut.cpp	type_defeat_hero_quest::is_satisfied	unsigned char (hero *) __attribute__((thiscall))	Complete virtual quest hierarchy, vtable 0x00641800; include/quest.h and src/seerhut.cpp document the retail factory/slots replacing Dreamcast TSeerHut switch-based quests.
src/seerhut.cpp	type_defeat_hero_quest::quest_type	int () __attribute__((thiscall))	Complete virtual quest hierarchy, vtable 0x00641800; include/quest.h and src/seerhut.cpp document the retail factory/slots replacing Dreamcast TSeerHut switch-based quests.
src/seerhut.cpp	type_defeat_hero_quest::type_defeat_hero_quest	void (unsigned char) __attribute__((thiscall))	Complete virtual quest hierarchy, vtable 0x00641800; include/quest.h and src/seerhut.cpp document the retail factory/slots replacing Dreamcast TSeerHut switch-based quests.
src/seerhut.cpp	type_experience_quest::DoProgressDialog	void () __attribute__((thiscall))	Complete virtual quest hierarchy, vtable 0x00641788; include/quest.h and src/seerhut.cpp document the retail factory/slots replacing Dreamcast TSeerHut switch-based quests.
src/seerhut.cpp	type_experience_quest::DoProposalDialog	void (hero *) __attribute__((thiscall))	Complete virtual quest hierarchy, vtable 0x00641788; include/quest.h and src/seerhut.cpp document the retail factory/slots replacing Dreamcast TSeerHut switch-based quests.
src/seerhut.cpp	type_experience_quest::GetQuestDescription	std::string () __attribute__((thiscall))	Complete virtual quest hierarchy, vtable 0x00641788; include/quest.h and src/seerhut.cpp document the retail factory/slots replacing Dreamcast TSeerHut switch-based quests.
src/seerhut.cpp	type_experience_quest::GetRequirementText	std::string () __attribute__((thiscall))	Complete virtual quest hierarchy, vtable 0x00641788; include/quest.h and src/seerhut.cpp document the retail factory/slots replacing Dreamcast TSeerHut switch-based quests.
src/seerhut.cpp	type_experience_quest::Load	void (TAbstractFile *, int) __attribute__((thiscall))	Complete virtual quest hierarchy, vtable 0x00641788; include/quest.h and src/seerhut.cpp document the retail factory/slots replacing Dreamcast TSeerHut switch-based quests.
src/seerhut.cpp	type_experience_quest::LoadFromMap	void (TAbstractFile *) __attribute__((thiscall))	Complete virtual quest hierarchy, vtable 0x00641788; include/quest.h and src/seerhut.cpp document the retail factory/slots replacing Dreamcast TSeerHut switch-based quests.
src/seerhut.cpp	type_experience_quest::Save	void (TAbstractFile *) __attribute__((thiscall))	Complete virtual quest hierarchy, vtable 0x00641788; include/quest.h and src/seerhut.cpp document the retail factory/slots replacing Dreamcast TSeerHut switch-based quests.
src/seerhut.cpp	type_experience_quest::SetDefaultText	void () __attribute__((thiscall))	Complete virtual quest hierarchy, vtable 0x00641788; include/quest.h and src/seerhut.cpp document the retail factory/slots replacing Dreamcast TSeerHut switch-based quests.
src/seerhut.cpp	type_experience_quest::is_satisfied	unsigned char (hero *) __attribute__((thiscall))	Complete virtual quest hierarchy, vtable 0x00641788; include/quest.h and src/seerhut.cpp document the retail factory/slots replacing Dreamcast TSeerHut switch-based quests.
src/seerhut.cpp	type_experience_quest::type_experience_quest	void (unsigned char) __attribute__((thiscall))	Complete virtual quest hierarchy, vtable 0x00641788; include/quest.h and src/seerhut.cpp document the retail factory/slots replacing Dreamcast TSeerHut switch-based quests.
src/seerhut.cpp	type_monster_quest::DoProgressDialog	void () __attribute__((thiscall))	Complete virtual quest hierarchy, vtable 0x0064183c; include/quest.h and src/seerhut.cpp document the retail factory/slots replacing Dreamcast TSeerHut switch-based quests.
src/seerhut.cpp	type_monster_quest::DoProposalDialog	void (hero *) __attribute__((thiscall))	Complete virtual quest hierarchy, vtable 0x0064183c; include/quest.h and src/seerhut.cpp document the retail factory/slots replacing Dreamcast TSeerHut switch-based quests.
src/seerhut.cpp	type_monster_quest::GetQuestDescription	std::string () __attribute__((thiscall))	Complete virtual quest hierarchy, vtable 0x0064183c; include/quest.h and src/seerhut.cpp document the retail factory/slots replacing Dreamcast TSeerHut switch-based quests.
src/seerhut.cpp	type_monster_quest::GetRequirementText	std::string () __attribute__((thiscall))	Complete virtual quest hierarchy, vtable 0x0064183c; include/quest.h and src/seerhut.cpp document the retail factory/slots replacing Dreamcast TSeerHut switch-based quests.
src/seerhut.cpp	type_monster_quest::Load	void (TAbstractFile *, int) __attribute__((thiscall))	Complete virtual quest hierarchy, vtable 0x0064183c; include/quest.h and src/seerhut.cpp document the retail factory/slots replacing Dreamcast TSeerHut switch-based quests.
src/seerhut.cpp	type_monster_quest::NotifyMonsterDefeated	void (TQuestPosition, int) __attribute__((thiscall))	Complete virtual quest hierarchy, vtable 0x0064183c; include/quest.h and src/seerhut.cpp document the retail factory/slots replacing Dreamcast TSeerHut switch-based quests.
src/seerhut.cpp	type_monster_quest::Save	void (TAbstractFile *) __attribute__((thiscall))	Complete virtual quest hierarchy, vtable 0x0064183c; include/quest.h and src/seerhut.cpp document the retail factory/slots replacing Dreamcast TSeerHut switch-based quests.
src/seerhut.cpp	type_monster_quest::SetDefaultText	void () __attribute__((thiscall))	Complete virtual quest hierarchy, vtable 0x0064183c; include/quest.h and src/seerhut.cpp document the retail factory/slots replacing Dreamcast TSeerHut switch-based quests.
src/seerhut.cpp	type_monster_quest::is_satisfied	unsigned char (hero *) __attribute__((thiscall))	Complete virtual quest hierarchy, vtable 0x0064183c; include/quest.h and src/seerhut.cpp document the retail factory/slots replacing Dreamcast TSeerHut switch-based quests.
src/seerhut.cpp	type_monster_quest::quest_type	int () __attribute__((thiscall))	Complete virtual quest hierarchy, vtable 0x0064183c; include/quest.h and src/seerhut.cpp document the retail factory/slots replacing Dreamcast TSeerHut switch-based quests.
src/seerhut.cpp	type_monster_quest::type_monster_quest	void (unsigned char) __attribute__((thiscall))	Complete virtual quest hierarchy, vtable 0x0064183c; include/quest.h and src/seerhut.cpp document the retail factory/slots replacing Dreamcast TSeerHut switch-based quests.
src/seerhut.cpp	type_quest::GetProgressDialogText	std::string () __attribute__((thiscall))	Complete virtual quest hierarchy, vtable 0x0064174c; include/quest.h and src/seerhut.cpp document the retail factory/slots replacing Dreamcast TSeerHut switch-based quests.
src/seerhut.cpp	type_quest::GetProposalDialogText	std::string () __attribute__((thiscall))	Complete virtual quest hierarchy, vtable 0x0064174c; include/quest.h and src/seerhut.cpp document the retail factory/slots replacing Dreamcast TSeerHut switch-based quests.
src/seerhut.cpp	type_quest::Load	void (TAbstractFile *, int) __attribute__((thiscall))	Complete virtual quest hierarchy, vtable 0x0064174c; include/quest.h and src/seerhut.cpp document the retail factory/slots replacing Dreamcast TSeerHut switch-based quests.
src/seerhut.cpp	type_quest::LoadFromMap	void (TAbstractFile *) __attribute__((thiscall))	Complete virtual quest hierarchy, vtable 0x0064174c; include/quest.h and src/seerhut.cpp document the retail factory/slots replacing Dreamcast TSeerHut switch-based quests.
src/seerhut.cpp	type_quest::Save	void (TAbstractFile *) __attribute__((thiscall))	Complete virtual quest hierarchy, vtable 0x0064174c; include/quest.h and src/seerhut.cpp document the retail factory/slots replacing Dreamcast TSeerHut switch-based quests.
src/seerhut.cpp	type_quest::get_time_limit_text	std::string () __attribute__((thiscall))	Complete virtual quest hierarchy, vtable 0x0064174c; include/quest.h and src/seerhut.cpp document the retail factory/slots replacing Dreamcast TSeerHut switch-based quests.
src/seerhut.cpp	type_quest::has_expired	unsigned char () __attribute__((thiscall)) const	Complete virtual quest hierarchy, vtable 0x0064174c; include/quest.h and src/seerhut.cpp document the retail factory/slots replacing Dreamcast TSeerHut switch-based quests.
src/seerhut.cpp	type_quest::type_quest	void (unsigned char) __attribute__((thiscall))	Complete virtual quest hierarchy, vtable 0x0064174c; include/quest.h and src/seerhut.cpp document the retail factory/slots replacing Dreamcast TSeerHut switch-based quests.
src/seerhut.cpp	type_quest::~type_quest	void () __attribute__((thiscall))	Complete virtual quest hierarchy, vtable 0x0064174c; include/quest.h and src/seerhut.cpp document the retail factory/slots replacing Dreamcast TSeerHut switch-based quests.
src/seerhut.cpp	type_resource_quest::DoProgressDialog	void () __attribute__((thiscall))	Complete virtual quest hierarchy, vtable 0x006418f0; include/quest.h and src/seerhut.cpp document the retail factory/slots replacing Dreamcast TSeerHut switch-based quests.
src/seerhut.cpp	type_resource_quest::DoProposalDialog	void (hero *) __attribute__((thiscall))	Complete virtual quest hierarchy, vtable 0x006418f0; include/quest.h and src/seerhut.cpp document the retail factory/slots replacing Dreamcast TSeerHut switch-based quests.
src/seerhut.cpp	type_resource_quest::GetAIValue	int (int) __attribute__((thiscall))	Complete virtual quest hierarchy, vtable 0x006418f0; include/quest.h and src/seerhut.cpp document the retail factory/slots replacing Dreamcast TSeerHut switch-based quests.
src/seerhut.cpp	type_resource_quest::GetQuestDescription	std::string () __attribute__((thiscall))	Complete virtual quest hierarchy, vtable 0x006418f0; include/quest.h and src/seerhut.cpp document the retail factory/slots replacing Dreamcast TSeerHut switch-based quests.
src/seerhut.cpp	type_resource_quest::GetRequirementText	std::string () __attribute__((thiscall))	Complete virtual quest hierarchy, vtable 0x006418f0; include/quest.h and src/seerhut.cpp document the retail factory/slots replacing Dreamcast TSeerHut switch-based quests.
src/seerhut.cpp	type_resource_quest::Load	void (TAbstractFile *, int) __attribute__((thiscall))	Complete virtual quest hierarchy, vtable 0x006418f0; include/quest.h and src/seerhut.cpp document the retail factory/slots replacing Dreamcast TSeerHut switch-based quests.
src/seerhut.cpp	type_resource_quest::LoadFromMap	void (TAbstractFile *) __attribute__((thiscall))	Complete virtual quest hierarchy, vtable 0x006418f0; include/quest.h and src/seerhut.cpp document the retail factory/slots replacing Dreamcast TSeerHut switch-based quests.
src/seerhut.cpp	type_resource_quest::Save	void (TAbstractFile *) __attribute__((thiscall))	Complete virtual quest hierarchy, vtable 0x006418f0; include/quest.h and src/seerhut.cpp document the retail factory/slots replacing Dreamcast TSeerHut switch-based quests.
src/seerhut.cpp	type_resource_quest::SetDefaultText	void () __attribute__((thiscall))	Complete virtual quest hierarchy, vtable 0x006418f0; include/quest.h and src/seerhut.cpp document the retail factory/slots replacing Dreamcast TSeerHut switch-based quests.
src/seerhut.cpp	type_resource_quest::TakePayment	void (hero *) __attribute__((thiscall))	Complete virtual quest hierarchy, vtable 0x006418f0; include/quest.h and src/seerhut.cpp document the retail factory/slots replacing Dreamcast TSeerHut switch-based quests.
src/seerhut.cpp	type_resource_quest::is_satisfied	unsigned char (hero *) __attribute__((thiscall))	Complete virtual quest hierarchy, vtable 0x006418f0; include/quest.h and src/seerhut.cpp document the retail factory/slots replacing Dreamcast TSeerHut switch-based quests.
src/seerhut.cpp	type_resource_quest::type_resource_quest	void (unsigned char) __attribute__((thiscall))	Complete virtual quest hierarchy, vtable 0x006418f0; include/quest.h and src/seerhut.cpp document the retail factory/slots replacing Dreamcast TSeerHut switch-based quests.
src/seerhut.cpp	type_skill_quest::DoProgressDialog	void () __attribute__((thiscall))	Complete virtual quest hierarchy, vtable 0x006417c4; include/quest.h and src/seerhut.cpp document the retail factory/slots replacing Dreamcast TSeerHut switch-based quests.
src/seerhut.cpp	type_skill_quest::DoProposalDialog	void (hero *) __attribute__((thiscall))	Complete virtual quest hierarchy, vtable 0x006417c4; include/quest.h and src/seerhut.cpp document the retail factory/slots replacing Dreamcast TSeerHut switch-based quests.
src/seerhut.cpp	type_skill_quest::GetQuestDescription	std::string () __attribute__((thiscall))	Complete virtual quest hierarchy, vtable 0x006417c4; include/quest.h and src/seerhut.cpp document the retail factory/slots replacing Dreamcast TSeerHut switch-based quests.
src/seerhut.cpp	type_skill_quest::GetRequirementText	std::string () __attribute__((thiscall))	Complete virtual quest hierarchy, vtable 0x006417c4; include/quest.h and src/seerhut.cpp document the retail factory/slots replacing Dreamcast TSeerHut switch-based quests.
src/seerhut.cpp	type_skill_quest::Load	void (TAbstractFile *, int) __attribute__((thiscall))	Complete virtual quest hierarchy, vtable 0x006417c4; include/quest.h and src/seerhut.cpp document the retail factory/slots replacing Dreamcast TSeerHut switch-based quests.
src/seerhut.cpp	type_skill_quest::LoadFromMap	void (TAbstractFile *) __attribute__((thiscall))	Complete virtual quest hierarchy, vtable 0x006417c4; include/quest.h and src/seerhut.cpp document the retail factory/slots replacing Dreamcast TSeerHut switch-based quests.
src/seerhut.cpp	type_skill_quest::Save	void (TAbstractFile *) __attribute__((thiscall))	Complete virtual quest hierarchy, vtable 0x006417c4; include/quest.h and src/seerhut.cpp document the retail factory/slots replacing Dreamcast TSeerHut switch-based quests.
src/seerhut.cpp	type_skill_quest::SetDefaultText	void () __attribute__((thiscall))	Complete virtual quest hierarchy, vtable 0x006417c4; include/quest.h and src/seerhut.cpp document the retail factory/slots replacing Dreamcast TSeerHut switch-based quests.
src/seerhut.cpp	type_skill_quest::is_satisfied	unsigned char (hero *) __attribute__((thiscall))	Complete virtual quest hierarchy, vtable 0x006417c4; include/quest.h and src/seerhut.cpp document the retail factory/slots replacing Dreamcast TSeerHut switch-based quests.
src/seerhut.cpp	type_skill_quest::skill_requirement_text	std::string (const signed char (&)[4]) __attribute__((thiscall))	Complete virtual quest hierarchy, vtable 0x006417c4; include/quest.h and src/seerhut.cpp document the retail factory/slots replacing Dreamcast TSeerHut switch-based quests.
src/seerhut.cpp	type_skill_quest::type_skill_quest	void (unsigned char) __attribute__((thiscall))	Complete virtual quest hierarchy, vtable 0x006417c4; include/quest.h and src/seerhut.cpp document the retail factory/slots replacing Dreamcast TSeerHut switch-based quests.
include/customcampaign.h	TCampaignStartCrossoverOption::Apply	void (void *) __attribute__((thiscall))	Complete starting-option family, retail 13-slot vtable 0x63dad8; ScenarioStruct::Read 0x487e40 selects bonus/crossover/hero records. Pinned DC SCampaign type 0x3558 instead has TCustomCampaignTraits[8][32] and hero[2][8] carry-over pools; no corresponding option types/procedures. Retail slot/body evidence is beside this class in customcampaign.h/.cpp.
include/customcampaign.h	TCampaignStartCrossoverOption::GetIconIndex	int (int) __attribute__((thiscall)) const	Complete starting-option family, retail 13-slot vtable 0x63dad8; ScenarioStruct::Read 0x487e40 selects bonus/crossover/hero records. Pinned DC SCampaign type 0x3558 instead has TCustomCampaignTraits[8][32] and hero[2][8] carry-over pools; no corresponding option types/procedures. Retail slot/body evidence is beside this class in customcampaign.h/.cpp.
include/customcampaign.h	TCampaignStartCrossoverOption::SetTown	void (CMapHeaderData *) __attribute__((thiscall))	Complete starting-option family, retail 13-slot vtable 0x63dad8; ScenarioStruct::Read 0x487e40 selects bonus/crossover/hero records. Pinned DC SCampaign type 0x3558 instead has TCustomCampaignTraits[8][32] and hero[2][8] carry-over pools; no corresponding option types/procedures. Retail slot/body evidence is beside this class in customcampaign.h/.cpp.
include/customcampaign.h	TCampaignStartHeroOption::Apply	void (void *) __attribute__((thiscall))	Complete starting-option family, retail 13-slot vtable 0x63db0c; ScenarioStruct::Read 0x487e40 selects bonus/crossover/hero records. Pinned DC SCampaign type 0x3558 instead has TCustomCampaignTraits[8][32] and hero[2][8] carry-over pools; no corresponding option types/procedures. Retail slot/body evidence is beside this class in customcampaign.h/.cpp.
include/customcampaign.h	TCampaignStartHeroOption::GetIconIndex	int (int) __attribute__((thiscall)) const	Complete starting-option family, retail 13-slot vtable 0x63db0c; ScenarioStruct::Read 0x487e40 selects bonus/crossover/hero records. Pinned DC SCampaign type 0x3558 instead has TCustomCampaignTraits[8][32] and hero[2][8] carry-over pools; no corresponding option types/procedures. Retail slot/body evidence is beside this class in customcampaign.h/.cpp.
include/customcampaign.h	TCampaignStartHeroOption::SetTown	void (CMapHeaderData *) __attribute__((thiscall))	Complete starting-option family, retail 13-slot vtable 0x63db0c; ScenarioStruct::Read 0x487e40 selects bonus/crossover/hero records. Pinned DC SCampaign type 0x3558 instead has TCustomCampaignTraits[8][32] and hero[2][8] carry-over pools; no corresponding option types/procedures. Retail slot/body evidence is beside this class in customcampaign.h/.cpp.
src/advmgr.cpp	CAdvPopup::~CAdvPopup	void () __attribute__((thiscall))	Complete adds popup network-state restoration: retail 0x41b120 tests 0x69954c, calls GetNetMsgHandler 0x5537a0 and restores byte +4 from this+0x5c before base teardown. DC 0x34c8 is compgenx and only calls CHeroWindowEx::~CHeroWindowEx; the Windows destructor is written.
src/customcampaign.cpp	TCampaignStartBonusOption::Apply	void (void *) __attribute__((thiscall))	Complete starting-option family, retail 13-slot vtable 0x63d98c; ScenarioStruct::Read 0x487e40 selects bonus/crossover/hero records. Pinned DC SCampaign type 0x3558 instead has TCustomCampaignTraits[8][32] and hero[2][8] carry-over pools; no corresponding option types/procedures. Retail slot/body evidence is beside this class in customcampaign.h/.cpp.
src/customcampaign.cpp	TCampaignStartBonusOption::GetCount	int () __attribute__((thiscall)) const	Complete starting-option family, retail 13-slot vtable 0x63d98c; ScenarioStruct::Read 0x487e40 selects bonus/crossover/hero records. Pinned DC SCampaign type 0x3558 instead has TCustomCampaignTraits[8][32] and hero[2][8] carry-over pools; no corresponding option types/procedures. Retail slot/body evidence is beside this class in customcampaign.h/.cpp.
src/customcampaign.cpp	TCampaignStartBonusOption::GetIconDefName	const char *(void *, int) __attribute__((thiscall)) const	Complete starting-option family, retail 13-slot vtable 0x63d98c; ScenarioStruct::Read 0x487e40 selects bonus/crossover/hero records. Pinned DC SCampaign type 0x3558 instead has TCustomCampaignTraits[8][32] and hero[2][8] carry-over pools; no corresponding option types/procedures. Retail slot/body evidence is beside this class in customcampaign.h/.cpp.
src/customcampaign.cpp	TCampaignStartBonusOption::GetIconIndex	int (int) __attribute__((thiscall)) const	Complete starting-option family, retail 13-slot vtable 0x63d98c; ScenarioStruct::Read 0x487e40 selects bonus/crossover/hero records. Pinned DC SCampaign type 0x3558 instead has TCustomCampaignTraits[8][32] and hero[2][8] carry-over pools; no corresponding option types/procedures. Retail slot/body evidence is beside this class in customcampaign.h/.cpp.
src/customcampaign.cpp	TCampaignStartBonusOption::GetPlayer	int (int) __attribute__((thiscall)) const	Complete starting-option family, retail 13-slot vtable 0x63d98c; ScenarioStruct::Read 0x487e40 selects bonus/crossover/hero records. Pinned DC SCampaign type 0x3558 instead has TCustomCampaignTraits[8][32] and hero[2][8] carry-over pools; no corresponding option types/procedures. Retail slot/body evidence is beside this class in customcampaign.h/.cpp.
src/customcampaign.cpp	TCampaignStartBonusOption::GetText	std::string (void *, int) __attribute__((thiscall)) const	Complete starting-option family, retail 13-slot vtable 0x63d98c; ScenarioStruct::Read 0x487e40 selects bonus/crossover/hero records. Pinned DC SCampaign type 0x3558 instead has TCustomCampaignTraits[8][32] and hero[2][8] carry-over pools; no corresponding option types/procedures. Retail slot/body evidence is beside this class in customcampaign.h/.cpp.
src/customcampaign.cpp	TCampaignStartBonusOption::IsBuildingBonus	bool (int) __attribute__((thiscall)) const	Complete starting-option family, retail 13-slot vtable 0x63d98c; ScenarioStruct::Read 0x487e40 selects bonus/crossover/hero records. Pinned DC SCampaign type 0x3558 instead has TCustomCampaignTraits[8][32] and hero[2][8] carry-over pools; no corresponding option types/procedures. Retail slot/body evidence is beside this class in customcampaign.h/.cpp.
src/customcampaign.cpp	TCampaignStartBonusOption::Read	void (TAbstractFile *) __attribute__((thiscall))	Complete starting-option family, retail 13-slot vtable 0x63d98c; ScenarioStruct::Read 0x487e40 selects bonus/crossover/hero records. Pinned DC SCampaign type 0x3558 instead has TCustomCampaignTraits[8][32] and hero[2][8] carry-over pools; no corresponding option types/procedures. Retail slot/body evidence is beside this class in customcampaign.h/.cpp.
src/customcampaign.cpp	TCampaignStartBonusOption::SetTown	void (CMapHeaderData *) __attribute__((thiscall))	Complete starting-option family, retail 13-slot vtable 0x63d98c; ScenarioStruct::Read 0x487e40 selects bonus/crossover/hero records. Pinned DC SCampaign type 0x3558 instead has TCustomCampaignTraits[8][32] and hero[2][8] carry-over pools; no corresponding option types/procedures. Retail slot/body evidence is beside this class in customcampaign.h/.cpp.
src/customcampaign.cpp	TCampaignStartBonusOption::~TCampaignStartBonusOption	void () __attribute__((thiscall))	Complete starting-option family, retail 13-slot vtable 0x63d98c; ScenarioStruct::Read 0x487e40 selects bonus/crossover/hero records. Pinned DC SCampaign type 0x3558 instead has TCustomCampaignTraits[8][32] and hero[2][8] carry-over pools; no corresponding option types/procedures. Retail slot/body evidence is beside this class in customcampaign.h/.cpp.
src/customcampaign.cpp	TCampaignStartCrossoverOption::GetCount	int () __attribute__((thiscall)) const	Complete starting-option family, retail 13-slot vtable 0x63dad8; ScenarioStruct::Read 0x487e40 selects bonus/crossover/hero records. Pinned DC SCampaign type 0x3558 instead has TCustomCampaignTraits[8][32] and hero[2][8] carry-over pools; no corresponding option types/procedures. Retail slot/body evidence is beside this class in customcampaign.h/.cpp.
src/customcampaign.cpp	TCampaignStartCrossoverOption::GetIconDefName	const char *(void *, int) __attribute__((thiscall)) const	Complete starting-option family, retail 13-slot vtable 0x63dad8; ScenarioStruct::Read 0x487e40 selects bonus/crossover/hero records. Pinned DC SCampaign type 0x3558 instead has TCustomCampaignTraits[8][32] and hero[2][8] carry-over pools; no corresponding option types/procedures. Retail slot/body evidence is beside this class in customcampaign.h/.cpp.
src/customcampaign.cpp	TCampaignStartCrossoverOption::GetPlayer	int (int) __attribute__((thiscall)) const	Complete starting-option family, retail 13-slot vtable 0x63dad8; ScenarioStruct::Read 0x487e40 selects bonus/crossover/hero records. Pinned DC SCampaign type 0x3558 instead has TCustomCampaignTraits[8][32] and hero[2][8] carry-over pools; no corresponding option types/procedures. Retail slot/body evidence is beside this class in customcampaign.h/.cpp.
src/customcampaign.cpp	TCampaignStartCrossoverOption::GetText	std::string (void *, int) __attribute__((thiscall)) const	Complete starting-option family, retail 13-slot vtable 0x63dad8; ScenarioStruct::Read 0x487e40 selects bonus/crossover/hero records. Pinned DC SCampaign type 0x3558 instead has TCustomCampaignTraits[8][32] and hero[2][8] carry-over pools; no corresponding option types/procedures. Retail slot/body evidence is beside this class in customcampaign.h/.cpp.
src/customcampaign.cpp	TCampaignStartCrossoverOption::IsBuildingBonus	bool (int) __attribute__((thiscall)) const	Complete starting-option family, retail 13-slot vtable 0x63dad8; ScenarioStruct::Read 0x487e40 selects bonus/crossover/hero records. Pinned DC SCampaign type 0x3558 instead has TCustomCampaignTraits[8][32] and hero[2][8] carry-over pools; no corresponding option types/procedures. Retail slot/body evidence is beside this class in customcampaign.h/.cpp.
src/customcampaign.cpp	TCampaignStartCrossoverOption::Read	void (TAbstractFile *) __attribute__((thiscall))	Complete starting-option family, retail 13-slot vtable 0x63dad8; ScenarioStruct::Read 0x487e40 selects bonus/crossover/hero records. Pinned DC SCampaign type 0x3558 instead has TCustomCampaignTraits[8][32] and hero[2][8] carry-over pools; no corresponding option types/procedures. Retail slot/body evidence is beside this class in customcampaign.h/.cpp.
src/customcampaign.cpp	TCampaignStartCrossoverOption::_slot12	bool (void *, int) __attribute__((thiscall)) const	Complete starting-option family, retail 13-slot vtable 0x63dad8; ScenarioStruct::Read 0x487e40 selects bonus/crossover/hero records. Pinned DC SCampaign type 0x3558 instead has TCustomCampaignTraits[8][32] and hero[2][8] carry-over pools; no corresponding option types/procedures. Retail slot/body evidence is beside this class in customcampaign.h/.cpp.
src/customcampaign.cpp	TCampaignStartCrossoverOption::_slot5	int (void *, int) __attribute__((thiscall)) const	Complete starting-option family, retail 13-slot vtable 0x63dad8; ScenarioStruct::Read 0x487e40 selects bonus/crossover/hero records. Pinned DC SCampaign type 0x3558 instead has TCustomCampaignTraits[8][32] and hero[2][8] carry-over pools; no corresponding option types/procedures. Retail slot/body evidence is beside this class in customcampaign.h/.cpp.
src/customcampaign.cpp	TCampaignStartHeroOption::GetCount	int () __attribute__((thiscall)) const	Complete starting-option family, retail 13-slot vtable 0x63db0c; ScenarioStruct::Read 0x487e40 selects bonus/crossover/hero records. Pinned DC SCampaign type 0x3558 instead has TCustomCampaignTraits[8][32] and hero[2][8] carry-over pools; no corresponding option types/procedures. Retail slot/body evidence is beside this class in customcampaign.h/.cpp.
src/customcampaign.cpp	TCampaignStartHeroOption::GetIconDefName	const char *(void *, int) __attribute__((thiscall)) const	Complete starting-option family, retail 13-slot vtable 0x63db0c; ScenarioStruct::Read 0x487e40 selects bonus/crossover/hero records. Pinned DC SCampaign type 0x3558 instead has TCustomCampaignTraits[8][32] and hero[2][8] carry-over pools; no corresponding option types/procedures. Retail slot/body evidence is beside this class in customcampaign.h/.cpp.
src/customcampaign.cpp	TCampaignStartHeroOption::GetPlayer	int (int) __attribute__((thiscall)) const	Complete starting-option family, retail 13-slot vtable 0x63db0c; ScenarioStruct::Read 0x487e40 selects bonus/crossover/hero records. Pinned DC SCampaign type 0x3558 instead has TCustomCampaignTraits[8][32] and hero[2][8] carry-over pools; no corresponding option types/procedures. Retail slot/body evidence is beside this class in customcampaign.h/.cpp.
src/customcampaign.cpp	TCampaignStartHeroOption::GetText	std::string (void *, int) __attribute__((thiscall)) const	Complete starting-option family, retail 13-slot vtable 0x63db0c; ScenarioStruct::Read 0x487e40 selects bonus/crossover/hero records. Pinned DC SCampaign type 0x3558 instead has TCustomCampaignTraits[8][32] and hero[2][8] carry-over pools; no corresponding option types/procedures. Retail slot/body evidence is beside this class in customcampaign.h/.cpp.
src/customcampaign.cpp	TCampaignStartHeroOption::IsBuildingBonus	bool (int) __attribute__((thiscall)) const	Complete starting-option family, retail 13-slot vtable 0x63db0c; ScenarioStruct::Read 0x487e40 selects bonus/crossover/hero records. Pinned DC SCampaign type 0x3558 instead has TCustomCampaignTraits[8][32] and hero[2][8] carry-over pools; no corresponding option types/procedures. Retail slot/body evidence is beside this class in customcampaign.h/.cpp.
src/customcampaign.cpp	TCampaignStartHeroOption::Read	void (TAbstractFile *) __attribute__((thiscall))	Complete starting-option family, retail 13-slot vtable 0x63db0c; ScenarioStruct::Read 0x487e40 selects bonus/crossover/hero records. Pinned DC SCampaign type 0x3558 instead has TCustomCampaignTraits[8][32] and hero[2][8] carry-over pools; no corresponding option types/procedures. Retail slot/body evidence is beside this class in customcampaign.h/.cpp.
src/customcampaign.cpp	TCampaignStartHeroOption::_slot7	int (int) __attribute__((thiscall)) const	Complete starting-option family, retail 13-slot vtable 0x63db0c; ScenarioStruct::Read 0x487e40 selects bonus/crossover/hero records. Pinned DC SCampaign type 0x3558 instead has TCustomCampaignTraits[8][32] and hero[2][8] carry-over pools; no corresponding option types/procedures. Retail slot/body evidence is beside this class in customcampaign.h/.cpp.
src/customcampaign.cpp	TCampaignStartOption::_slot12	bool (void *, int) __attribute__((thiscall)) const	Complete starting-option family, retail 13-slot vtable 0x63d958; ScenarioStruct::Read 0x487e40 selects bonus/crossover/hero records. Pinned DC SCampaign type 0x3558 instead has TCustomCampaignTraits[8][32] and hero[2][8] carry-over pools; no corresponding option types/procedures. Retail slot/body evidence is beside this class in customcampaign.h/.cpp.
src/customcampaign.cpp	TCampaignStartOption::_slot5	int (void *, int) __attribute__((thiscall)) const	Complete starting-option family, retail 13-slot vtable 0x63d958; ScenarioStruct::Read 0x487e40 selects bonus/crossover/hero records. Pinned DC SCampaign type 0x3558 instead has TCustomCampaignTraits[8][32] and hero[2][8] carry-over pools; no corresponding option types/procedures. Retail slot/body evidence is beside this class in customcampaign.h/.cpp.
src/customcampaign.cpp	TCampaignStartOption::_slot7	int (int) __attribute__((thiscall)) const	Complete starting-option family, retail 13-slot vtable 0x63d958; ScenarioStruct::Read 0x487e40 selects bonus/crossover/hero records. Pinned DC SCampaign type 0x3558 instead has TCustomCampaignTraits[8][32] and hero[2][8] carry-over pools; no corresponding option types/procedures. Retail slot/body evidence is beside this class in customcampaign.h/.cpp.
src/customcampaign.cpp	TCampaignStartOption::~TCampaignStartOption	void () __attribute__((thiscall))	Complete starting-option family, retail 13-slot vtable 0x63d958; ScenarioStruct::Read 0x487e40 selects bonus/crossover/hero records. Pinned DC SCampaign type 0x3558 instead has TCustomCampaignTraits[8][32] and hero[2][8] carry-over pools; no corresponding option types/procedures. Retail slot/body evidence is beside this class in customcampaign.h/.cpp.
src/customcampaign.cpp	TCampaignStartHeroOption::TCampaignStartHeroOption	void () __attribute__((thiscall))	Complete starting-hero option, vtable 0x63db0c. Retail 0x4883d0 is called by ScenarioStruct::Read 0x487e40; pinned DC SCampaign type 0x3558 has fixed carry-over pools and no option type. Implicit-form emission probe documented beside the constructor.
include/mapcell.h	CObjectType::CObjectType	void () __attribute__((thiscall))	Required C++98 default constructor after the Complete-only TObjectType* conversion constructor suppresses implicit default generation. Retail mapcell resize temporaries construct the string and five bitsets; DC class 0x309b has only generated default/copy constructors (field attributes 0x103).
src/mapcell.cpp	CObjectType::CObjectType	void (TObjectType *) __attribute__((thiscall))	Complete conversion constructor at 0x506080: constructs the string and five masks before converting the 0x4c-byte editor template, including the additional ten-bit mask at +0x34. DC class 0x309b/fieldlist 0x309c declares only generated default/copy constructors (0x103), with no TObjectType* overload.
src/bitmap16.cpp	Bitmap16Bit::GetSize	unsigned int () __attribute__((thiscall)) const	Complete resource virtual interface: retail vtable 0x63b9c8 slot 2 points to 0x44e240. Pinned DC resource types 0x1037/0x1dc9, fields 0x1860/0x1dca, have only destructor virtuals and ordinary AddRef/Release; no Dispose/GetSize interface. Full derived-class records confirm the absent overrides; see include/resource.h.
src/bitmap24.cpp	Bitmap24Bit::GetSize	unsigned int () __attribute__((thiscall)) const	Complete resource virtual interface: retail vtable 0x63b9f4 slot 2 points to 0x44f180. Pinned DC resource types 0x1037/0x1dc9, fields 0x1860/0x1dca, have only destructor virtuals and ordinary AddRef/Release; no Dispose/GetSize interface. Full derived-class records confirm the absent overrides; see include/resource.h.
src/bitmap816.cpp	Bitmap816::GetSize	unsigned int () __attribute__((thiscall)) const	Complete resource virtual interface: retail vtable 0x63ba14 slot 2 points to 0x44fe30. Pinned DC resource types 0x1037/0x1dc9, fields 0x1860/0x1dca, have only destructor virtuals and ordinary AddRef/Release; no Dispose/GetSize interface. Full derived-class records confirm the absent overrides; see include/resource.h.
src/csprite.cpp	CSprite::GetSize	unsigned int () __attribute__((thiscall)) const	Complete resource virtual interface: retail vtable 0x63d6b0 slot 2 points to 0x47bd50. Pinned DC resource types 0x1037/0x1dc9, fields 0x1860/0x1dca, have only destructor virtuals and ordinary AddRef/Release; no Dispose/GetSize interface. Full derived-class records confirm the absent overrides; see include/resource.h.
src/cspriteframe.cpp	CSpriteFrame::GetSize	unsigned int () __attribute__((thiscall)) const	Complete resource virtual interface: retail vtable 0x63d6bc slot 2 points to 0x47c560. Pinned DC resource types 0x1037/0x1dc9, fields 0x1860/0x1dca, have only destructor virtuals and ordinary AddRef/Release; no Dispose/GetSize interface. Full derived-class records confirm the absent overrides; see include/resource.h.
src/font.cpp	font::GetSize	unsigned int () __attribute__((thiscall)) const	Complete resource virtual interface: retail vtable 0x63e5f4 slot 2 points to 0x4b5250. Pinned DC resource types 0x1037/0x1dc9, fields 0x1860/0x1dca, have only destructor virtuals and ordinary AddRef/Release; no Dispose/GetSize interface. Full derived-class records confirm the absent overrides; see include/resource.h.
src/palette.cpp	TPalette16::GetSize	unsigned int () __attribute__((thiscall)) const	Complete resource virtual interface: retail vtable 0x640368 slot 2 points to 0x522b40. Pinned DC resource types 0x1037/0x1dc9, fields 0x1860/0x1dca, have only destructor virtuals and ordinary AddRef/Release; no Dispose/GetSize interface. Full derived-class records confirm the absent overrides; see include/resource.h.
src/palette.cpp	TPalette24::GetSize	unsigned int () __attribute__((thiscall)) const	Complete resource virtual interface: retail vtable 0x640374 slot 2 points to 0x522f70. Pinned DC resource types 0x1037/0x1dc9, fields 0x1860/0x1dca, have only destructor virtuals and ordinary AddRef/Release; no Dispose/GetSize interface. Full derived-class records confirm the absent overrides; see include/resource.h.
src/resourcemanager.cpp	resource::Dispose	void () __attribute__((thiscall))	Complete resource virtual interface: retail vtable 0x640ffc slot 1 points to 0x55d0f0. Pinned DC resource types 0x1037/0x1dc9, fields 0x1860/0x1dca, have only destructor virtuals and ordinary AddRef/Release; no Dispose/GetSize interface. Full derived-class records confirm the absent overrides; see include/resource.h.
src/resourcemanager.cpp	CSprite::Dispose	void () __attribute__((thiscall))	Complete resource virtual interface: retail vtable 0x63d6b0 slot 1 points to 0x55d1a0. Pinned DC resource types 0x1037/0x1dc9, fields 0x1860/0x1dca, have only destructor virtuals and ordinary AddRef/Release; no Dispose/GetSize interface. Full derived-class records confirm the absent overrides; see include/resource.h.
src/sample.cpp	sample::GetSize	unsigned int () __attribute__((thiscall)) const	Complete resource virtual interface: retail vtable 0x6416d0 slot 2 points to 0x566e90. Pinned DC resource types 0x1037/0x1dc9, fields 0x1860/0x1dca, have only destructor virtuals and ordinary AddRef/Release; no Dispose/GetSize interface. Full derived-class records confirm the absent overrides; see include/resource.h. DC sample types 0x1c9a/0x51ce have no resource base or virtual methods; retail constructor 0x566da0 proves the new resource base.
src/textresource.cpp	TTextResource::GetSize	unsigned int () __attribute__((thiscall)) const	Complete resource virtual interface: retail vtable 0x642d98 slot 2 points to 0x5bbe20. Pinned DC resource types 0x1037/0x1dc9, fields 0x1860/0x1dca, have only destructor virtuals and ordinary AddRef/Release; no Dispose/GetSize interface. Full derived-class records confirm the absent overrides; see include/resource.h.
src/textresource.cpp	TSpreadsheetResource::GetSize	unsigned int () __attribute__((thiscall)) const	Complete resource virtual interface: retail vtable 0x642da4 slot 2 points to 0x5bc160. Pinned DC resource types 0x1037/0x1dc9, fields 0x1860/0x1dca, have only destructor virtuals and ordinary AddRef/Release; no Dispose/GetSize interface. Full derived-class records confirm the absent overrides; see include/resource.h.
src/hero.cpp	hero::HeroFn_004D9B30	int (int) __attribute__((thiscall))	Complete combination-artifact function at 0x4d9b30; retained body/caller evidence in src/hero.cpp. Pinned DC TArtifact 0x1b5a / fields 0x1b59 ends at kNumArtifacts=127, and TArtifactTraits 0x3d9c / fields 0x3d9d is 20 bytes with no comboType/targetCombo. Retail extends the traits to 32 bytes and supplies the 24-byte combination records via 0x660b6c; see include/artifact.h.
src/hero.cpp	hero::HeroFn_004D9CC0	int (int) __attribute__((thiscall))	Complete combination-artifact function at 0x4d9cc0; retained body/caller evidence in src/hero.cpp. Pinned DC TArtifact 0x1b5a / fields 0x1b59 ends at kNumArtifacts=127, and TArtifactTraits 0x3d9c / fields 0x3d9d is 20 bytes with no comboType/targetCombo. Retail extends the traits to 32 bytes and supplies the 24-byte combination records via 0x660b6c; see include/artifact.h.
src/hero.cpp	hero::HeroFn_004DBE80	unsigned char (int) __attribute__((thiscall))	Complete combination-artifact function at 0x4dbe80; retained body/caller evidence in src/hero.cpp. Pinned DC TArtifact 0x1b5a / fields 0x1b59 ends at kNumArtifacts=127, and TArtifactTraits 0x3d9c / fields 0x3d9d is 20 bytes with no comboType/targetCombo. Retail extends the traits to 32 bytes and supplies the 24-byte combination records via 0x660b6c; see include/artifact.h.
src/hero.cpp	hero::HeroFn_004DBF30	unsigned char (int, long) __attribute__((thiscall))	Complete combination-artifact function at 0x4dbf30; retained body/caller evidence in src/hero.cpp. Pinned DC TArtifact 0x1b5a / fields 0x1b59 ends at kNumArtifacts=127, and TArtifactTraits 0x3d9c / fields 0x3d9d is 20 bytes with no comboType/targetCombo. Retail extends the traits to 32 bytes and supplies the 24-byte combination records via 0x660b6c; see include/artifact.h.
src/hero.cpp	hero::HeroFn_004DC070	void (long) __attribute__((thiscall))	Complete combination-artifact function at 0x4dc070; retained body/caller evidence in src/hero.cpp. Pinned DC TArtifact 0x1b5a / fields 0x1b59 ends at kNumArtifacts=127, and TArtifactTraits 0x3d9c / fields 0x3d9d is 20 bytes with no comboType/targetCombo. Retail extends the traits to 32 bytes and supplies the 24-byte combination records via 0x660b6c; see include/artifact.h.
src/hero.cpp	hero::HeroFn_004DC100	void (long) __attribute__((thiscall))	Complete combination-artifact function at 0x4dc100; retained body/caller evidence in src/hero.cpp. Pinned DC TArtifact 0x1b5a / fields 0x1b59 ends at kNumArtifacts=127, and TArtifactTraits 0x3d9c / fields 0x3d9d is 20 bytes with no comboType/targetCombo. Retail extends the traits to 32 bytes and supplies the 24-byte combination records via 0x660b6c; see include/artifact.h.
src/rmg.cpp	TRmgTemplate::~TRmgTemplate	void () __attribute__((thiscall))	Complete RMG template owner: retail 0x532fe0 deletes the zone-pointer elements then destroys the zones/name members; generator destruction calls it at 0x537e84 before freeing the template. No Dreamcast RMG class or compiland; src/rmg.cpp and include/rmg.h document the matching field layout.
src/singleselectionpopups.cpp	TRandomMapProgress::TRandomMapProgress	void (int) __attribute__((thiscall))	Complete-only random-map generation progress window, retail 0x00576f00; ctor 0x00576f00 stores vtable 0x00641b14, whose destructor/SetTotal/Advance slots are 0x00577090/0x00577300/0x00577320; repaint 0x00577180 is called by ctor and both updates. The Dreamcast popup procedure inventory and full class field lists contain no RMG/progress class; the older popup source ends with the team-alignment dialog. See src/singleselectionpopups.cpp.
src/singleselectionpopups.cpp	TRandomMapProgress::~TRandomMapProgress	void () __attribute__((thiscall))	Complete-only random-map generation progress window, retail 0x005770c0; ctor 0x00576f00 stores vtable 0x00641b14, whose destructor/SetTotal/Advance slots are 0x00577090/0x00577300/0x00577320; repaint 0x00577180 is called by ctor and both updates. The Dreamcast popup procedure inventory and full class field lists contain no RMG/progress class; the older popup source ends with the team-alignment dialog. See src/singleselectionpopups.cpp.
src/singleselectionpopups.cpp	TRandomMapProgress::LoadProgFn_00577180	void () __attribute__((thiscall))	Complete-only random-map generation progress window, retail 0x00577180; ctor 0x00576f00 stores vtable 0x00641b14, whose destructor/SetTotal/Advance slots are 0x00577090/0x00577300/0x00577320; repaint 0x00577180 is called by ctor and both updates. The Dreamcast popup procedure inventory and full class field lists contain no RMG/progress class; the older popup source ends with the team-alignment dialog. See src/singleselectionpopups.cpp.
src/singleselectionpopups.cpp	TRandomMapProgress::SetTotal	void (int) __attribute__((thiscall))	Complete-only random-map generation progress window, retail 0x00577300; ctor 0x00576f00 stores vtable 0x00641b14, whose destructor/SetTotal/Advance slots are 0x00577090/0x00577300/0x00577320; repaint 0x00577180 is called by ctor and both updates. The Dreamcast popup procedure inventory and full class field lists contain no RMG/progress class; the older popup source ends with the team-alignment dialog. See src/singleselectionpopups.cpp.
src/singleselectionpopups.cpp	TRandomMapProgress::Advance	void (int) __attribute__((thiscall))	Complete-only random-map generation progress window, retail 0x00577320; ctor 0x00576f00 stores vtable 0x00641b14, whose destructor/SetTotal/Advance slots are 0x00577090/0x00577300/0x00577320; repaint 0x00577180 is called by ctor and both updates. The Dreamcast popup procedure inventory and full class field lists contain no RMG/progress class; the older popup source ends with the team-alignment dialog. See src/singleselectionpopups.cpp.
src/command.cpp	combatManager::is_computer_action	unsigned char (const army *) __attribute__((thiscall))	Complete extracts the army-pointer policy into retail 0x474bf0 (ret 4), called by the retained nullary adapter 0x474ba0. DC 0x6bebc obtains get_current_army internally; full class method types 0x4354/0x4ca2/0x6700 declare only the nullary entry, which retains that DC identity.
src/tradpost.cpp	DoFreelancersGuild	void (hero *) __attribute__((fastcall))	Complete map-object 213 entry at 0x5e9e60 receives hero in ECX and selects guild pricing 5/source 3. DC 0x188518 reads townToView, checks visitingHeroId, calls CountMarkets/GetHero and selects source 0, identifying the separate retained town-screen overload 0x5e9ea0.
