# GENERATED: python3 -m homm3.carve dcxref - caller-set comparison, retail vs Dreamcast.
# generator: homm3.carve.dcxref
# exe: HEROES3.EXE sha256=057c9d88e7206f6669a4615de2c6e02ab6c4e2d570a9e2badf07fe0bd6247274 size=2732032
# date: 2026-08-04
# ANALYSIS OUTPUT, NOT RETAIL EVIDENCE
# corroborated: >=1 caller shared by name across the pressings. disjoint-callers: both
# builds show named comparable callers and they DISAGREE completely - likely name
# misattribution on one side. one-sided/no-signal: not enough overlap to judge
# (virtual calls and inlining hide edges from both static graphs).
rva,name,dc_offset,match_via,verdict,shared_callers,dc_only,retail_only,dc_caller_count,retail_named_caller_count
0x1510,TAdventureMapWindow::TAdventureMapWindow,0x89c,anchor-global,no-signal,0,,,1,0
0x2b10,TAdventureMapWindow::~TAdventureMapWindow,0xb9c,anchor-global,no-signal,0,,,1,0
0x2b90,TAdventureMapWindow::animate_bottom_view,0xbf0,anchor-global,corroborated,1,,,8,1
0x2bc0,TAdventureMapWindow::draw_bottom_view,0xc1c,anchor-global,corroborated,1,,,1,1
0x2c10,TAdventureMapWindow::set_bottom_view,0xc5c,anchor-global,corroborated,3,,,7,3
0x2c50,TAdventureMapWindow::convertID2HelpID,0xc7c,anchor-global,corroborated,2,,,2,2
0x2e70,TAdventureMapWindow::ProcessRightSelect,0xd88,anchor-global,no-signal,0,,,1,0
0x3010,TAdventureMapWindow::ProcessHover,0xed8,anchor-global,no-signal,0,,,2,0
0x3220,TAdventureMapWindow::DoHeroKnob,0x10dc,anchor-global,no-signal,0,,,1,0
0x3280,TAdventureMapWindow::DoTownKnob,0x10e0,anchor-global,no-signal,0,,,1,0
0x32e0,TAdventureMapWindow::UpdateHeroLocators,0x10e4,anchor-global,disjoint-callers,0,advManager::DispatchEvent;advManager::DoEvent;advManager::TownEvent;advManager::do_event_watering_hole;hero::Deallocate,TAdventureMapWindow::DoHeroKnob;advManager::DoAdvCommand;advManager::RedrawAdvScreen;advManager::SetTownContext,17,4
0x3420,TAdventureMapWindow::UpdateTownLocators,0x10e8,anchor-global,corroborated,2,advManager::TownEvent;town::Deallocate,TAdventureMapWindow::DoTownKnob;advManager::RedrawAdvScreen;advManager::SetTownContext,6,5
0x3560,TAdventureMapWindow::UpdateHeroLocator,0x10ec,anchor-global,one-sided,0,,TAdventureMapWindow::UpdateHeroLocators;advManager::DoAdvCommand,3,2
0x37a0,TAdventureMapWindow::UpdateTownLocator,0x10f0,anchor-global,one-sided,0,,TAdventureMapWindow::UpdateTownLocators,0,1
0x38c0,TAdventureMapWindow::HighlightLocators,0x10f4,anchor-global,one-sided,0,,advManager::RedrawAdvScreen,0,1
0x39b0,TAdventureMapWindow::UpdateQuestLogButton,0x1134,anchor-global,corroborated,1,,advManager::RedrawAdvScreen,3,2
0x3ba0,TAdventureMapWindow::UpdateSleepButton,0x1138,anchor-global,corroborated,1,,advManager::SetHeroContext;advManager::SetTownContext,1,3
0x3bf0,TAdventureMapWindow::UpdateSpellButton,0x113c,anchor-global,corroborated,1,,advManager::SetHeroContext;advManager::SetTownContext,1,3
0x3c40,TAdventureMapWindow::SetElevationToggleImage,0x1188,anchor-global,corroborated,1,,advManager::SetHeroContext,3,2
0x3cc0,TAdventureMapWindow::SetSleepImage,0x118c,anchor-global,corroborated,1,,advManager::SetHeroContext,2,2
0x3ee0,TAdventureMapWindow::ClearBottomView,0x1190,anchor-global,disjoint-callers,0,TAdventureMapWindow::set_bottom_view;TAdventureMapWindow::~TAdventureMapWindow,advManager::UpdBottomViewEnemyTurn;advManager::UpdBottomViewNewTurn;advManager::UpdBottomViewResMsg,3,3
0x3f00,TAdventureMapWindow::UpdateResourceDisplay,0x11bc,anchor-global,corroborated,3,advManager::DoEvent;advManager::SetHeroContext;hero::GiveResource,,16,3
0x3f20,TAdventureMapWindow::DrawChatText,0x11f4,anchor-global,corroborated,1,,,1,1
0x3f60,TAdventureMapWindow::UpdateButtons,0x125c,anchor-global,one-sided,0,,advManager::RedrawAdvScreen,1,1
0x4200,button::set_hotkey,0x2e10,anchor-global,one-sided,0,,TAdventureMapWindow::TAdventureMapWindow;textButton::?,24,2
0x5de0,ExtraInfoUnion::get_black_box,0x5864,anchor-global,no-signal,0,,,2,0
0x5df0,ExtraInfoUnion::get_creature_bank,0x5888,anchor-bracket,no-signal,0,,,3,0
0x5e10,ExtraInfoUnion::get_university,0x58bc,anchor-global,disjoint-callers,0,advManager::DispatchEvent,advManager::do_event_whirlpool,3,1
0x6df0,advManager::advManager,0x66f4,anchor-global,no-signal,0,,,1,0
0x7ac0,advManager::InMapArea,0x793c,anchor-global,no-signal,0,,,4,0
0x7b80,advManager::DoAdvCommand,0x7a8c,anchor-global,no-signal,0,,,6,0
0xb0e0,advManager::DrawRolloverText,0xc094,anchor-global,one-sided,0,advManager::SetRolloverText,,2,0
0xb150,advManager::SetRolloverText,0xc13c,anchor-global,no-signal,0,,,2,0
0xe280,advManager::get_normal_cursor,0xf2c0,anchor-global,no-signal,0,,,2,0
0xf270,advManager::UpdateScreen,0x10520,anchor-global,corroborated,2,advManager::DemobilizeCurrHero;advManager::DispatchEvent;advManager::DoEventWanderingMonster;advManager::EraseAndFizzle;advManager::FizzleCenter;advManager::HideRoute,,42,2
0xf2f0,advManager::DrawAdventureMapGems,0x10640,linkorder,corroborated,1,,,2,1
0xf3f0,advManager::CompleteDraw,0x10788,linkorder,disjoint-callers,0,advManager::CompleteDraw,advManager::DoAdvCommand,2,1
0xf870,advManager::CompleteDraw,0x10c9c,linkorder,corroborated,2,advManager::DemobilizeCurrHero;advManager::DispatchEvent;advManager::DoEventWanderingMonster;advManager::EraseAndFizzle;advManager::FizzleCenter;advManager::HideRoute,,49,2
0xf8c0,advManager::GetCloudLookup,0x10cf4,anchor-global,no-signal,0,,,2,0
0xfb30,advManager::ScanForHeroOrBoat,0x110c0,linkorder,no-signal,0,,,4,0
0xfca0,hasFlag,0x11238,anchor-global,no-signal,0,,,5,0
0xfd20,GetFlaggedObjectOwner,0x1129c,anchor-global,no-signal,0,,,4,0
0x15d60,advManager::OverrideBottomView,0x18c84,anchor-global,one-sided,0,advManager::BVMessage;advManager::BVResMsg;advManager::DoEventWarSchool;executive::CallManager,,22,0
0x15de0,advManager::UpdBottomView,0x18d38,anchor-global,corroborated,1,advManager::BVMessage;advManager::BVResMsg;advManager::DispatchEvent;advManager::DoEvent;advManager::DoEventWarSchool;advManager::RedrawAdvScreen,,36,1
0x15f20,advManager::UpdBottomViewEnemyTurn,0x18f48,linkorder,corroborated,1,,,1,1
0x15fb0,advManager::UpdBottomViewNewTurn,0x18fc4,linkorder,corroborated,1,,,1,1
0x16060,advManager::BVResMsg,0x19098,anchor-global,no-signal,0,,,2,0
0x16160,advManager::UpdBottomViewResMsg,0x190fc,linkorder,corroborated,1,,,1,1
0x16210,advManager::BVMessage,0x19194,anchor-global,no-signal,0,,,2,0
0x17420,advManager::RedrawAdvScreen,0x1a230,anchor-global,corroborated,2,SaveGame;TCampaignBrief::~TCampaignBrief;advManager::DispatchEvent;advManager::HeroSwap;executive::CallManager,advManager::SetHeroContext,18,3
0x17570,advManager::DeactivateCurrTown,0x1a3b0,anchor-global,one-sided,0,advManager::SetHeroContext,,3,0
0x175a0,advManager::DeactivateCurrHero,0x1a3f0,anchor-global,one-sided,0,advManager::SetHeroContext;advManager::SetTownContext,,5,0
0x175e0,advManager::MobilizeCurrHero,0x1a440,anchor-global,corroborated,1,advManager::DispatchEvent;hero::Deallocate,,14,1
0x17680,advManager::DemobilizeCurrHero,0x1a520,anchor-global,corroborated,2,advManager::DispatchEvent;advManager::TownEvent,advManager::SetHeroContext;advManager::SetTownContext,28,4
0x17830,advManager::SetTownContext,0x1a65c,anchor-global,corroborated,2,,,10,2
0x17b20,advManager::SetHeroContext,0x1a878,anchor-global,corroborated,1,advManager::MobilizeCurrHero;town::View,,21,1
0x18160,SaveGame,0x1ae38,linkorder,no-signal,0,,,3,0
0x183d0,advManager::SetEnvironmentOrigin,0x1b164,anchor-global,corroborated,3,advManager::EraseObj,,11,3
0x18620,advManager::GetSoundId,0x1b5a8,anchor-global,corroborated,1,,,1,1
0x18c10,advManager::InsertSound,0x1be10,anchor-global,corroborated,1,,,1,1
0x18dd0,advManager::ShowRoute,0x1c05c,linkorder,corroborated,2,advManager::CheckDimHero,,4,2
0x192b0,advManager::HideRoute,0x1c484,linkorder,corroborated,1,advManager::DoAdvCommand;advManager::SetHeroContext;advManager::SetTownContext;hero::Deallocate,hero::Fly;searchArray::?,12,3
0x19300,advManager::CheckDimHero,0x1c580,linkorder,one-sided,0,,hero::Deallocate,2,1
0x19450,advManager::CheckDimNextHeroBut,0x1c5ec,linkorder,one-sided,0,,advManager::DoAdvCommand,1,1
0x194a0,advManager::SeedTo,0x1c64c,anchor-global,corroborated,3,,,4,3
0x19570,advManager::ForceNewHover,0x1c750,anchor-global,corroborated,1,advManager::DoAdvCommand,,6,1
0x1a1e0,advManager::TrimLoopingSounds,0x1d804,anchor-global,corroborated,1,,advManager::InsertSound,11,2
0x1a2e0,advManager::DisableButtons,0x1d9e0,linkorder,corroborated,1,,,2,1
0x1a3a0,advManager::EnableButtons,0x1dafc,linkorder,corroborated,1,,,2,1
0x1a460,advManager::FindAdjacentMonster,0x1dc24,anchor-global,one-sided,0,,searchArray::?,6,1
0x1b040,CAdvPopup::CAdvPopup,0x1ebf4,anchor-global,disjoint-callers,0,TSplitWindow::TSplitWindow,SplitSliderCallback,37,1
0x1b110,CHeroWindowEx::~CHeroWindowEx,0x34e0,unique-name,disjoint-callers,0,CAdvPopup::~CAdvPopup,CHeroWindowEx::ProcessHover,6,1
0x1b120,CAdvPopup::~CAdvPopup,0x34c8,unique-name,corroborated,1,,advManager::do_event_whirlpool,38,2
0x1eac0,combatManager::get_total_combat_value,0x23f2c,anchor-global,corroborated,1,,,1,1
0x1f140,combatManager::find_move_order,0x24694,anchor-global,corroborated,1,,,3,1
0x1f380,get_attack_value,0x248b4,linkorder,disjoint-callers,0,combatManager::get_attack_change,combatManager::find_move_order,1,1
0x1f3b0,combatManager::get_attack_change,0x24a34,linkorder,no-signal,0,,,1,0
0x1f580,combatManager::move_toward,0x24b64,linkorder,no-signal,0,,,4,0
0x1f890,combatManager::can_cast_spells,0x24e5c,anchor-global,corroborated,3,,,8,3
0x22440,combatManager::compute_fire_shield_damage,0x27318,anchor-global,corroborated,1,,type_AI_combat_parameters::simulate_attack,3,2
0x23c80,type_monster_data::get_enchantment_value,0x29978,anchor-global,corroborated,1,type_AI_combat_data::cast_enchantment,,2,1
0x23d00,type_monster_data::get_resurrection_value,0x29b94,anchor-global,one-sided,0,,type_AI_combat_data::cast_spell,2,1
0x23de0,type_monster_data::get_spell_damage,0x29ce0,anchor-global,disjoint-callers,0,type_AI_combat_data::cast_area_effect;type_AI_combat_data::cast_chain_lightning;type_AI_combat_data::cast_damage_spell;type_AI_combat_data::get_area_value;type_AI_combat_data::get_damage_spell_value;type_AI_combat_data::get_mass_damage_value,type_AI_combat_data::cast_spell,9,1
0x23ea0,type_monster_data::take_damage,0x29dec,anchor-global,disjoint-callers,0,type_AI_combat_data::cast_area_effect;type_AI_combat_data::cast_chain_lightning;type_AI_combat_data::cast_damage_spell;type_AI_combat_data::inflict_melee_damage,type_AI_combat_data::cast_spell,6,1
0x23ee0,type_AI_combat_data::type_AI_combat_data,0x29e2c,anchor-bracket,corroborated,4,,,4,4
0x24880,type_AI_combat_data::adjust_army,0x2a588,anchor-global,corroborated,3,,,3,3
0x24960,type_AI_combat_data::get_fastest_speed,0x2a644,anchor-global,one-sided,0,,type_AI_combat_data::choose_melee;type_AI_combat_data::simulate_combat,1,2
0x249d0,type_AI_combat_data::get_next_chain_lightning_target,0x2a694,anchor-global,corroborated,1,,type_AI_combat_data::get_damage_spell_value,2,2
0x24bf0,type_AI_combat_data::get_area_value,0x2a7e4,anchor-global,corroborated,1,,,1,1
0x24d20,type_AI_combat_data::get_damage_spell_value,0x2a868,anchor-global,corroborated,1,,,1,1
0x24fb0,type_AI_combat_data::cast_chain_lightning,0x2a938,anchor-global,corroborated,1,,,1,1
0x25100,type_AI_combat_data::cast_area_effect,0x2a9e8,anchor-global,corroborated,1,,,1,1
0x25260,type_AI_combat_data::cast_damage_spell,0x2aa7c,anchor-global,corroborated,1,,,1,1
0x25bd0,type_AI_combat_data::cast_spell,0x2b094,anchor-global,one-sided,0,,type_AI_combat_data::choose_melee;type_AI_combat_data::simulate_combat,1,2
0x26170,type_AI_combat_data::inflict_melee_damage,0x2b408,anchor-global,corroborated,1,,type_AI_combat_data::do_general_melee;type_AI_combat_data::simulate_combat,1,3
0x262b0,type_AI_combat_data::kill,0x2b5a4,anchor-global,disjoint-callers,0,type_AI_combat_data::do_general_melee;type_AI_combat_data::inflict_damage,type_AI_combat_data::choose_melee;type_AI_combat_data::simulate_combat,2,2
0x26300,type_AI_combat_data::inflict_damage,0x2b5ec,anchor-global,disjoint-callers,0,type_AI_combat_data::do_general_melee,type_AI_combat_data::choose_melee;type_AI_combat_data::simulate_combat,3,2
0x26390,type_AI_combat_data::get_attack,0x2b624,anchor-global,one-sided,0,,type_AI_combat_data::choose_melee;type_AI_combat_data::simulate_combat,2,2
0x26450,type_AI_combat_data::get_final_melee_value,0x2b7bc,anchor-global,disjoint-callers,0,type_AI_combat_data::do_general_melee,type_AI_combat_data::choose_melee,1,1
0x264d0,type_AI_combat_data::do_general_melee,0x2b948,anchor-global,corroborated,1,type_AI_combat_data::choose_melee,,2,1
0x267c0,type_AI_combat_data::choose_melee,0x2bad8,anchor-global,corroborated,1,,,1,1
0x26bc0,type_AI_combat_data::simulate_combat,0x2bc40,anchor-global,corroborated,4,,,4,4
0x26ee0,type_AI_combat_data::do_aftermath,0x2be54,anchor-global,corroborated,1,,,1,1
0x270c0,AI_quick_combat,0x2c004,anchor-global,no-signal,0,,,1,0
0x27210,AI_auto_combat,0x2c140,anchor-global,no-signal,0,,,1,0
0x27750,type_AI_combat_data::get_total,0x2c6ac,anchor-global,corroborated,1,AI_quick_combat;AI_value_of_combat;can_take_town;type_AI_combat_data::choose_melee,type_AI_combat_data::cast_spell,5,2
0x28410,can_take_town,0x2dc00,anchor-global,no-signal,0,,,1,0
0x28710,type_AI_player::get_attack_bonus,0x2e15c,anchor-global,corroborated,1,,,4,1
0x28740,type_AI_player::calculate_demand,0x2e188,linkorder,corroborated,2,type_AI_player::start_turn,find_magus_hut_value,5,3
0x28dd0,type_AI_player::end_turn,0x2e7d8,linkorder,no-signal,0,,,1,0
0x29110,type_AI_player::make_gift,0x2ea20,linkorder,corroborated,1,,,1,1
0x297c0,find_magus_hut_value,0x2efc8,linkorder,one-sided,0,type_AI_player::reset_magus_hut_value;type_AI_player::start_turn,,2,0
0x29910,type_AI_player::start_turn,0x2f148,linkorder,one-sided,0,,find_magus_hut_value;type_AI_player::reset_magus_hut_value,1,2
0x29ab0,type_AI_player::reset_magus_hut_value,0x2f268,anchor-global,no-signal,0,,,1,0
0x2a150,type_AI_player::get_total_value,0x301c4,anchor-global,no-signal,0,,,1,0
0x2b9e0,game::is_human_ally,0x37fd8,unique-name,corroborated,1,,game::ClaimTown,5,2
0x2ecc0,searchArray::get_cell,0x20064,unique-name,one-sided,0,searchArray::BuildPath,,15,0
0x2ed30,searchArray::get_danger_value,0x37eec,anchor-global,no-signal,0,,,2,0
0x2ed80,game::get_cell,0x38000,anchor-global,disjoint-callers,0,NewmapCell::get_trigger_cell;advManager::DispatchEvent;advManager::do_event_lith_one_way;advManager::do_event_lith_two_way;can_take_town;find_magus_hut_value,hero::Fly;searchArray::?,41,2
0x305a0,town::HasBuilding,0x1fe14,unique-name,corroborated,1,VictoryConditionStruct::CheckForGrailBuildingWin;VictoryConditionStruct::CheckForUpgradedTown;armyGroup::GetLuck;game::ClaimTown;hero::GetMobility;hero::GetMorale,game::ConvertObject,94,2
0x317d0,game::GetHero,0x2eb0,unique-name,one-sided,0,AI_get_value_of_artifact;GetFlaggedObjectOwner;NewmapCell::cell_is_trigger;NewmapCell::get_map_extraInfo;NewmapCell::get_map_object;NewmapCell::get_special_terrain,,126,0
0x32500,type_artifact_effect::~type_artifact_effect,0x361f4,unique-name,no-signal,0,,,8,0
0x339e0,total_artifact_value,0x35400,unique-name,one-sided,0,,AI_get_value_of_artifact,2,1
0x35830,AI_value_of_morale,0x3c55c,unique-name,no-signal,0,,,8,0
0x35850,value_of_luck_and_morale,0x3c29c,anchor-global,corroborated,2,,,2,2
0x35960,AI_value_of_luck,0x3c580,anchor-global,no-signal,0,,,8,0
0x35980,AI_get_attack_damage,0x3c810,anchor-global,corroborated,1,get_attack_value;type_AI_attack_hex_chooser::type_AI_attack_hex_chooser;type_AI_spellcaster::get_counterstroke_value,,8,1
0x359b0,type_AI_combat_parameters::simulate_attack,0x3c8dc,anchor-global,corroborated,3,,,4,3
0x35b90,type_AI_combat_parameters::get_simple_attack_effect,0x3c9ac,corroborates,corroborated,1,,type_AI_combat_parameters::get_ranged_attack_value,1,2
0x35c70,type_AI_combat_parameters::get_simple_attack_effect,0x3ca94,corroborates,one-sided,0,type_AI_combat_parameters::get_ranged_attack_value,,6,0
0x35cb0,type_AI_combat_parameters::get_ranged_attack_value,0x3cae4,anchor-global,no-signal,0,,,2,0
0x35dc0,type_AI_combat_parameters::get_exchange_effect,0x3cba0,anchor-global,one-sided,0,,type_AI_spellcaster::get_speed_value,1,1
0x35ec0,type_AI_combat_parameters::type_AI_combat_parameters,0x3cc8c,anchor-global,corroborated,1,,,5,1
0x360c0,type_AI_attack_hex_chooser::type_AI_attack_hex_chooser,0x3ceb8,anchor-global,no-signal,0,,,1,0
0x36180,type_AI_attack_hex_chooser::get_hex_attack_value,0x3cf50,anchor-global,corroborated,1,,,1,1
0x36300,type_AI_attack_hex_chooser::check_adjacent_hexes,0x3d1e4,anchor-global,corroborated,1,,,1,1
0x36840,type_AI_attack_hex_chooser::find_attack_hex,0x3d440,anchor-global,no-signal,0,,,1,0
0x36930,type_enchant_data::get_mastery_value,0x3d56c,anchor-global,corroborated,4,type_AI_spellcaster::get_backlash_value;type_AI_spellcaster::get_cure_value;type_AI_spellcaster::get_damage_spell_value;type_AI_spellcaster::get_fire_shield_value;type_AI_spellcaster::get_haste_value,type_AI_combat_data::cast_spell,17,5
0x36c30,type_AI_spellcaster::~type_AI_spellcaster,0x3d764,anchor-global,no-signal,0,,,3,0
0x36c60,type_AI_spellcaster::should_attack_now,0x3d838,anchor-global,corroborated,1,,,1,1
0x36e30,type_AI_spellcaster::get_damage_value,0x3d96c,anchor-global,corroborated,3,,type_AI_spellcaster::consider_spell,4,4
0x36f60,type_AI_spellcaster::get_damage_spell_value,0x3da7c,anchor-global,no-signal,0,,,1,0
0x36fb0,type_AI_spellcaster::get_mass_damage_effect,0x3db2c,anchor-global,disjoint-callers,0,type_AI_spellcaster::get_area_effect_value;type_AI_spellcaster::get_chain_lightning_value,type_AI_spellcaster::consider_spell,3,1
0x37040,type_AI_spellcaster::get_area_effect_value,0x3db84,anchor-global,one-sided,0,,type_AI_spellcaster::consider_spell,1,1
0x37190,type_AI_spellcaster::get_chain_lightning_value,0x3dcc4,anchor-global,no-signal,0,,,1,0
0x37800,type_AI_spellcaster::get_attack_skill_value,0x3e3bc,anchor-global,no-signal,0,,,4,0
0x387c0,type_AI_spellcaster::get_defense_boost_value,0x3e9d8,anchor-global,corroborated,1,,,3,1
0x38910,type_AI_spellcaster::get_defense_skill_value,0x3ec10,anchor-global,no-signal,0,,,2,0
0x39550,type_AI_spellcaster::get_speed_value,0x3fc80,anchor-global,corroborated,1,,,2,1
0x396b0,type_AI_spellcaster::get_haste_value,0x3fdb8,linkorder,no-signal,0,,,1,0
0x396e0,type_AI_spellcaster::get_protection_value,0x3fde4,anchor-global,corroborated,2,,,6,2
0x39a80,type_AI_spellcaster::get_cancel_value,0x40248,anchor-global,corroborated,3,,,3,3
0x39bc0,type_AI_spellcaster::get_dispel_value,0x40348,linkorder,no-signal,0,,,1,0
0x39c30,type_AI_spellcaster::get_cure_value,0x403c0,linkorder,no-signal,0,,,1,0
0x39d40,type_AI_spellcaster::get_antimagic_value,0x40570,linkorder,no-signal,0,,,1,0
0x39de0,type_AI_spellcaster::get_backlash_value,0x405d4,linkorder,no-signal,0,,,1,0
0x39e80,type_AI_spellcaster::get_counterstroke_value,0x40628,linkorder,no-signal,0,,,1,0
0x3a110,type_AI_spellcaster::get_fire_shield_value,0x407e8,linkorder,no-signal,0,,,1,0
0x3a340,type_AI_spellcaster::get_traitor_value,0x40928,anchor-global,corroborated,2,,,2,2
0x3a400,type_AI_spellcaster::get_berserk_value,0x40a08,linkorder,no-signal,0,,,1,0
0x3a500,type_AI_spellcaster::get_hypnotize_value,0x40ac0,linkorder,no-signal,0,,,1,0
0x3a670,type_AI_spellcaster::consider_single_enchantment,0x40bb8,anchor-global,corroborated,1,,,1,1
0x3a910,type_AI_spellcaster::consider_enchantment,0x40dc8,anchor-global,corroborated,1,,,3,1
0x3bb20,type_AI_spellcaster::consider_spell,0x41ed4,anchor-global,corroborated,1,,,1,1
0x3bf20,type_AI_spellcaster::set_melee_enemies,0x420ac,anchor-global,corroborated,1,,,1,1
0x3c040,type_AI_spellcaster::find_enemy_attacks,0x4227c,anchor-global,corroborated,1,,,1,1
0x3c800,type_AI_spellcaster::cast_spell,0x426b0,anchor-global,no-signal,0,,,1,0
0x3d400,army::~army,0x28068,unique-name,corroborated,3,combatManager::~combatManager;type_AI_spellcaster::get_backlash_value,type_AI_spellcaster::get_attack_skill_value;type_AI_spellcaster::get_defense_skill_value,7,5
0x3d540,army::play_sample,0x43830,anchor-global,corroborated,1,army::Walk;army::animate_missile;army::cast_spell,,11,1
0x3d580,army::stop_sample,0x4386c,anchor-global,no-signal,0,,,2,0
0x3df20,army::SetLuck,0x44318,anchor-global,no-signal,0,,,1,0
0x3e140,army::DrawToBuffer,0x444a8,anchor-global,corroborated,3,,combatManager::DrawFrame,6,4
0x3ea70,army::add_aura,0x44f0c,anchor-global,corroborated,3,,,8,3
0x3ec50,army::remove_aura,0x45000,anchor-global,one-sided,0,army::CancelIndividualSpell;army::SetSpellInfluence;army::WalkTo,,7,0
0x3ee10,army::remove_binding,0x450bc,anchor-global,corroborated,1,,,5,1
0x3f0b0,army::Walk,0x45254,anchor-global,corroborated,1,,,1,1
0x3f2c0,army::animate_missile,0x453c8,anchor-bracket,corroborated,1,,,1,1
0x40310,army::do_multi_head_attack,0x46050,anchor-global,corroborated,1,,,1,1
0x40500,army::check_special_attack,0x461a0,anchor-global,corroborated,1,,,1,1
0x409c0,army::do_fire_shield,0x464e0,anchor-global,corroborated,1,,,1,1
0x40bc0,army::do_post_attack,0x46658,anchor-global,corroborated,1,,,1,1
0x41610,army::do_attack,0x46bec,corroborates,corroborated,1,,,1,1
0x41cb0,army::do_attack,0x46fb0,corroborates,corroborated,1,,,1,1
0x41f70,army::check_obstacle_attacks,0x47270,linkorder,one-sided,0,army::WalkTo,,5,0
0x41fa0,army::WalkTo,0x472f4,anchor-global,corroborated,1,army::GoBerserk,,2,1
0x42410,army::get_adjusted_attack,0x47690,anchor-global,corroborated,2,army::ComputeAttackerDamageBonuses;type_AI_spellcaster::get_attack_skill_value;type_AI_spellcaster::get_defense_skill_value,army::get_unit_combat_value,7,3
0x42550,army::get_attack_modifier,0x477b8,linkorder,corroborated,1,army::get_unit_combat_value,,2,1
0x42590,army::get_adjusted_defense,0x477e8,anchor-global,corroborated,2,army::ComputeAttackerDamageBonuses;type_AI_spellcaster::get_attack_skill_value;type_AI_spellcaster::get_defense_skill_value,army::get_unit_combat_value,10,3
0x428f0,army::can_shoot,0x47c04,anchor-global,one-sided,0,army::GoBerserk;army::attack_hex;army::get_AI_target_time;army::get_berserk_targets;army::get_total_combat_value;army::get_unit_combat_value,,52,0
0x429f0,army::enemy_is_adjacent,0x47c74,anchor-global,disjoint-callers,0,army::can_shoot,army::GoBerserk;army::get_unit_combat_value,1,2
0x42a50,army::get_unit_combat_value,0x47cf4,anchor-global,corroborated,2,army::get_loss_combat_value;army::get_total_combat_value;get_attack_value,combatManager::get_attack_change,9,3
0x42e60,army::get_total_combat_value,0x48168,anchor-global,corroborated,2,type_AI_spellcaster::get_defense_boost_value;type_AI_spellcaster::get_speed_value,,21,2
0x42fd0,army::get_loss_combat_value,0x482f0,anchor-global,one-sided,0,type_AI_combat_parameters::get_exchange_effect;type_AI_combat_parameters::get_simple_attack_effect;type_AI_spellcaster::get_damage_value;type_AI_spellcaster::get_protection_value;type_AI_spellcaster::get_traitor_value,,14,0
0x43080,army::get_total_hit_points,0x48454,anchor-global,corroborated,1,army::adjust_damage;army::do_attack;army::get_average_damage;army::get_total_combat_value;army::get_unit_combat_value;army::set_AI_expected_damage,,36,1
0x430d0,army::set_AI_expected_damage,0x484a0,anchor-global,no-signal,0,,,2,0
0x43130,army::get_fire_shield_strength,0x484d0,anchor-global,corroborated,1,,,1,1
0x43160,army::ComputeBaseDamage,0x48524,anchor-global,one-sided,0,,army::do_attack;army::do_multi_head_attack;army::range_attack,2,3
0x43840,army::ComputeAttackerDamageBonuses,0x4868c,anchor-global,corroborated,1,,,1,1
0x43b90,army::ComputeAttackerDamageReduction,0x48c60,anchor-global,corroborated,1,,,1,1
0x43d90,army::ComputeDefenderDamageReduction,0x48fc4,anchor-global,one-sided,0,army::adjust_damage,,1,0
0x43f40,army::adjust_damage,0x490f4,anchor-global,corroborated,1,,army::do_attack;army::do_multi_head_attack;army::range_attack,3,4
0x44090,army::Damage,0x492c8,anchor-global,corroborated,2,,army::do_attack;army::do_multi_head_attack;army::range_attack,10,5
0x444d0,army::CancelSpellType,0x49694,anchor-global,one-sided,0,army::Damage;army::WalkTo;army::do_attack;army::range_attack,,8,0
0x44510,army::CancelIndividualSpell,0x49748,anchor-global,corroborated,2,army::CancelSpellType;army::SetSpellInfluence;army::new_turn,army::Damage;army::do_attack;army::range_attack,9,5
0x448f0,army::SetSpellInfluence,0x499e8,anchor-global,no-signal,0,,,2,0
0x45490,army::get_berserk_targets,0x4a348,anchor-global,corroborated,2,,,2,2
0x456d0,army::GoBerserk,0x4a480,anchor-global,no-signal,0,,,1,0
0x45840,army::get_attack_direction,0x4a598,corroborates,one-sided,0,army::get_multi_head_directions,,3,0
0x458b0,army::get_attack_direction,0x4a610,corroborates,disjoint-callers,0,army::cast_spell;army::get_attack_direction,army::do_attack,2,1
0x45950,army::simple_move,0x4a6a4,anchor-global,disjoint-callers,0,army::move_to,choose_wall_target,1,1
0x45a60,army::attack_hex,0x4a7ac,anchor-global,no-signal,0,,,2,0
0x45cd0,army::move_to,0x4a8b8,linkorder,one-sided,0,,army::attack_hex,2,1
0x45d10,choose_wall_target,0x4a8c8,linkorder,one-sided,0,army::AttackWall,,2,0
0x45d30,army::AttackWall,0x4a97c,anchor-global,no-signal,0,,,1,0
0x46720,army::Turn,0x4b454,anchor-global,corroborated,6,,,12,6
0x46830,army::SetupAnimation,0x4b558,anchor-global,corroborated,5,,,8,5
0x46940,army::PlayAnimation,0x4b624,anchor-bracket,corroborated,2,,army::WalkTo,7,3
0x46c40,army::CanFit,0x4b8c4,anchor-global,corroborated,3,,,10,3
0x46e30,army::new_turn,0x4ba88,linkorder,no-signal,0,,,1,0
0x47120,army::ResetRound,0x4bc84,linkorder,no-signal,0,,,1,0
0x47330,army::get_resurrection_size,0x4bd80,anchor-global,disjoint-callers,0,army::can_cast_resurrect,army::can_cast_spell,4,1
0x473d0,army::can_cast_resurrect,0x4be64,anchor-bracket,corroborated,1,army::can_cast_spell,,2,1
0x476c0,army::can_cast_spell,0x4beec,anchor-global,corroborated,1,,,2,1
0x47eb0,army::get_valid_caliph_spells,0x4c374,anchor-global,one-sided,0,army::can_cast_spell,,2,0
0x48260,army::cast_spell,0x4c468,anchor-global,no-signal,0,,,1,0
0x48ab0,army::get_multi_head_directions,0x4c82c,anchor-global,no-signal,0,,,3,0
0x48bd0,army::get_AI_target_time,0x4c898,anchor-bracket,disjoint-callers,0,army::get_AI_target_time;type_AI_spellcaster::get_speed_value,type_AI_combat_parameters::get_ranged_attack_value;type_AI_spellcaster::should_attack_now,3,2
0x48cd0,army::GetSpeed,0x4c918,anchor-global,corroborated,1,army::FindPath;army::ValidFlight;army::ValidPath;army::WalkTo;army::get_AI_target_time;searchArray::FindCombatPath,combatManager::find_move_order,27,2
0x496a0,armyGroup::HasCreatures,0x4dae4,anchor-global,disjoint-callers,0,advManager::DispatchEvent;advManager::TownEvent;town::HasGarrison,advManager::do_event_whirlpool,9,1
0x496c0,TSplitWindow::UpdateSplitArmy,0x4db08,linkorder,corroborated,1,TSplitWindow::WindowHandler;armyGroup::SplitArmy,,3,1
0x49790,SplitSliderCallback,0x4db88,linkorder,disjoint-callers,0,TSplitWindow::TSplitWindow,armyGroup::SplitArmy,1,1
0x49df0,TSplitWindow::TSplitWindow,0x4dbb8,linkorder,one-sided,0,armyGroup::SplitArmy,,1,0
0x49e20,TSplitWindow::~TSplitWindow,0x4e11c,linkorder,one-sided,0,,TSplitWindow::TSplitWindow,1,1
0x49e90,armyGroup::SplitArmy,0x4e180,linkorder,no-signal,0,,,3,0
0x4a180,TSplitWindow::SetRolloverText,0x4e388,linkorder,one-sided,0,TSplitWindow::WindowHandler,,1,0
0x4a460,TSplitWindow::WindowHandler,0x4e428,linkorder,no-signal,0,,,0,0
0x4a4d0,get_spell_work_chance,0x4e644,linkorder,corroborated,3,type_spellvalue::get_enchantment_value;type_spellvalue::get_mass_damage_spell_value,type_AI_combat_data::get_area_value;type_AI_combat_data::get_damage_spell_value;type_AI_combat_data::get_next_chain_lightning_target,8,6
0x4aa00,armyGroup::save,0x4ea38,linkorder,corroborated,2,,,5,2
0x4aa40,armyGroup::load,0x4ea78,linkorder,corroborated,2,,,5,2
0x4aa80,armyGroup::armyGroup,0x4eab8,linkorder,one-sided,0,armyGroup::Merge;do_monster_join_dialog;generator::generator;hero::hero;town::town,,21,0
0x4aaa0,armyGroup::armyGroup,0x4ead0,corroborates,one-sided,0,AI_value_of_combat,,5,0
0x4ab00,armyGroup::Initialize,0x4eb2c,linkorder,corroborated,1,armyGroup::armyGroup;do_monster_join_dialog;game::ClaimTown;generator::Grow,,12,1
0x4ab20,armyGroup::HasAllUndead,0x4eb50,anchor-global,no-signal,0,,,1,0
0x4ab80,armyGroup::IsMember,0x4ebd0,anchor-global,corroborated,1,armyGroup::GetLuck;hero::HasArmy,,7,1
0x4ac50,armyGroup::CanJoin,0x4ecb0,anchor-global,one-sided,0,armyGroup::merge_armies,,5,0
0x4ac80,armyGroup::get_AI_value,0x4ecdc,anchor-global,corroborated,2,AI_get_value_of_artifact;type_spellvalue::type_spellvalue,,30,2
0x4acc0,armyGroup::GetNumArmies,0x4ed28,anchor-global,one-sided,0,armyGroup::SplitArmy,,28,0
0x4ace0,armyGroup::Add,0x4ed4c,anchor-global,one-sided,0,armyGroup::merge_armies;do_monster_join_dialog;generator::Grow,,30,0
0x4ad60,armyGroup::Swap,0x4edcc,anchor-global,no-signal,0,,,3,0
0x4ade0,armyGroup::GetArmySizeName,0x4efec,anchor-global,corroborated,1,,,9,1
0x4b100,armyGroup::GetArmyMorale,0x4f160,anchor-global,no-signal,0,,,2,0
0x4b2d0,armyGroup::GetLuck,0x4f20c,anchor-global,corroborated,2,,,3,3
0x4b3c0,armyGroup::GetArmyLuck,0x4f2e8,anchor-global,no-signal,0,,,2,0
0x4b4b0,modify_spell_damage,0x4f328,anchor-global,corroborated,1,,type_AI_combat_data::cast_area_effect;type_AI_combat_data::cast_chain_lightning;type_AI_combat_data::get_area_value;type_AI_combat_data::get_damage_spell_value;type_AI_combat_data::get_next_chain_lightning_target,2,6
0x4b620,armyGroup::Merge,0x4f3cc,anchor-global,corroborated,1,,,1,1
0x4b820,armyGroup::merge_armies,0x4f5ec,anchor-global,corroborated,1,,,2,1
0x4c590,armyGroup::GetNativeTerrain,0x4fc98,anchor-global,corroborated,1,,searchArray::?,3,2
0x4d530,baseManager::baseManager,0x50a28,anchor-global,corroborated,4,recruitUnit::recruitUnit;soundManager::soundManager,,10,5
0x4e2b0,Bitmap16Bit::Draw,0x51378,anchor-bracket,disjoint-callers,0,Bitmap16Bit::Draw,army::PlayAnimation;army::SetupAnimation;army::animate_missile;bitmapBorder16::Draw2;combatManager::ShootBallisticMissile,3,5
0x4e3f0,Bitmap16Bit::Grab,0x51468,anchor-bracket,disjoint-callers,0,Bitmap16Bit::Grab,army::animate_missile;combatManager::ShootBallisticMissile;combatManager::ShootMissile,1,4
0x4e4c0,Bitmap16Bit::FillRect,0x5150c,anchor-global,one-sided,0,combatManager::DoVictory,,11,0
0x4e540,Bitmap16Bit::FrameRect,0x5157c,anchor-global,no-signal,0,,,1,0
0x4f9d0,Bitmap816::~Bitmap816,0x53ba4,anchor-global,no-signal,0,,,1,0
0x4fe80,Bitmap816::ResetPalette,0x5429c,anchor-global,no-signal,0,,,2,0
0x4ff50,border::~border,0x543d8,anchor-global,one-sided,0,bitmapBorder16::~bitmapBorder16;bitmapBorder::~bitmapBorder;coloredBorderFrame::~coloredBorderFrame,,5,0
0x501d0,coloredBorderFrame::~coloredBorderFrame,0x54dd8,unique-name,no-signal,0,,,2,0
0x50390,bitmapBorder::~bitmapBorder,0x54860,anchor-global,no-signal,0,,,1,0
0x504c0,bitmapBorder::SetImage,0x549c0,anchor-global,one-sided,0,,TAdventureMapWindow::HighlightLocators;TAdventureMapWindow::UpdateHeroLocator;TAdventureMapWindow::UpdateHeroLocators,3,3
0x50520,bitmapBorder::SetPlayerPaletteColors,0x549ec,anchor-global,one-sided,0,TResourceDisplay::Clear;TResourceDisplay::TResourceDisplay;TResourceDisplay::Update,,23,0
0x50750,bitmapBorder16::~bitmapBorder16,0x54b68,anchor-global,no-signal,0,,,1,0
0x50810,bitmapBorder16::Draw2,0x54bf0,anchor-global,no-signal,0,,,1,0
0x521f0,type_bottom_view_window::type_bottom_view_window,0x550b8,anchor-global,no-signal,0,,,7,0
0x560f0,button::~button,0x571ec,anchor-global,one-sided,0,textButton::~textButton;type_func_button::~type_func_button,,3,0
0x569e0,button::SetPlayerPaletteColors,0x57a28,anchor-global,one-sided,0,,TAdventureMapWindow::UpdateButtons,2,1
0x56bf0,textButton::~textButton,0x57b5c,anchor-global,no-signal,0,,,1,0
0x56db0,type_func_button::~type_func_button,0x57e7c,anchor-global,no-signal,0,,,1,0
0x5a990,NewSMapHeader::NewSMapHeader,0x5ac80,unique-name,corroborated,1,,CampaignHeaderStruct::noexcept;TCampaignBrief::noexcept,3,3
0x5afb0,TCampaignBrief::~TCampaignBrief,0x5a11c,anchor-global,no-signal,0,,,4,0
0x5bac0,LossConditionStruct::LossConditionStruct,0xbccfc,unique-name,disjoint-callers,0,game::game,SavedGameHeader::SavedGameHeader,3,1
0x610e0,GetBuildingName,0x5c1d8,anchor-global,one-sided,0,GetBuildingInfo,,17,2
0x62760,combatManager::combatManager,0x5d3e0,anchor-global,no-signal,0,,,1,0
0x647a0,combatManager::GetGridIndex,0x5f058,anchor-global,no-signal,0,,,12,0
0x65830,combatManager::CombatIsOver,0x5fb14,anchor-global,one-sided,0,heroWindow::BroadcastMessage,,5,0
0x658b0,combatManager::IsWinner,0x5fc00,anchor-global,no-signal,0,,,1,0
0x65970,combatManager::GetTargetWallIndex,0x5fcec,anchor-global,corroborated,1,,,1,1
0x65fe0,combatManager::ResetHitByCreature,0x60318,anchor-global,corroborated,1,,,1,1
0x669b0,combatManager::PlaceObstacle,0x609d0,anchor-global,no-signal,0,,,3,0
0x66a70,combatManager::PlaceAllObstacles,0x60a70,linkorder,no-signal,0,,,1,0
0x66b30,combatManager::RemoveObstacle,0x60b20,anchor-global,no-signal,0,,,3,0
0x66c50,combatManager::InitializeArchers,0x60c0c,linkorder,no-signal,0,,,1,0
0x66e00,combatManager::MakeCreaturesVanish,0x60ce0,anchor-global,corroborated,1,,,4,1
0x67130,combatManager::should_lower_door,0x60ee0,linkorder,corroborated,1,,,3,1
0x671c0,combatManager::LowerDoor,0x60fa8,anchor-global,corroborated,1,,,3,1
0x672e0,combatManager::RaiseDoor,0x61034,anchor-global,one-sided,0,,army::WalkTo,1,1
0x67460,combatManager::InCastle,0x61160,anchor-global,one-sided,0,combatManager::ShotIsThroughWall,,5,0
0x67490,combatManager::LeftOfMoat,0x61180,anchor-global,no-signal,0,,,1,0
0x674c0,combatManager::is_adjacent,0x611a0,anchor-global,corroborated,1,,,1,1
0x67510,combatManager::ShotIsThroughWall,0x61224,anchor-global,corroborated,2,,,3,2
0x67600,combatManager::ShotIsNotOptimal,0x61284,anchor-global,corroborated,2,,,2,2
0x67840,combatManager::InLineOfSight,0x61318,anchor-global,corroborated,1,,,2,1
0x67a00,combatManager::ShootBallisticMissile,0x614f0,anchor-global,no-signal,0,,,1,0
0x68220,combatManager::ShootMissile,0x61e60,anchor-global,no-signal,0,,,1,0
0x686b0,combatManager::CombatSystemOptions,0x622bc,linkorder,no-signal,0,,,1,0
0x68730,combatManager::RemoveArmyFromGrid,0x62358,anchor-global,corroborated,1,,,4,1
0x687c0,combatManager::PlaceArmyInGrid,0x623cc,anchor-global,corroborated,1,,,5,1
0x68860,combatManager::ViewArmy,0x62478,linkorder,corroborated,2,,,3,2
0x68990,combatManager::PowEffect,0x62560,anchor-global,corroborated,5,,,11,5
0x69600,combatManager::enemy_is_adjacent,0x62db8,anchor-global,corroborated,1,,army::attack_hex;army::can_shoot;army::get_berserk_targets;army::get_total_combat_value,1,5
0x69670,combatManager::get_distance,0x62e4c,anchor-bracket,corroborated,3,combatManager::ShotIsNotOptimal,,6,3
0x69a10,combatManager::HexIsBlocked,0x632c4,anchor-global,corroborated,1,,,2,1
0x69a90,combatManager::damage_message,0x6335c,anchor-global,corroborated,5,,,11,5
0x69dc0,combatManager::IsInMoat,0x6351c,anchor-global,corroborated,1,,,1,1
0x6a350,combatManager::CalculateGainedExperience,0x6388c,anchor-global,corroborated,1,,,1,1
0x74bf0,combatManager::is_computer_action,0x6bebc,anchor-global,one-sided,0,combatManager::UpdateGrid,,8,0
0x763f0,combatManager::is_outside_placement_boundry,0x6d508,anchor-global,corroborated,2,combatManager::GetCommand,,4,2
0x76440,combatManager::valid_wall_target,0x6d548,anchor-global,corroborated,1,choose_wall_target;combatManager::GetCommand,,4,1
0x76490,combatManager::GetCommand,0x6d58c,anchor-global,no-signal,0,,,1,0
0x769c0,combatManager::RightClick,0x6d988,linkorder,no-signal,0,,,1,0
0x76bd0,combatManager::DoCommand,0x6db78,linkorder,no-signal,0,,,1,0
0x76fe0,combatManager::show_eagle_eye,0x6de24,linkorder,corroborated,1,,,1,1
0x772b0,combatManager::show_looted_artifacts,0x6e0d8,linkorder,corroborated,1,,,1,1
0x77470,combatManager::DoVictory,0x6e1c8,linkorder,no-signal,0,,,1,0
0x77a00,combatManager::get_surrender_cost,0x6e898,anchor-global,no-signal,0,,,3,0
0x7a100,combatManager::AddArmy,0x70474,anchor-global,no-signal,0,,,3,0
0x7baf0,CSprite::AllocateSeq,0x723d8,anchor-global,one-sided,0,,GetSprite,0,1
0x7bb80,CSprite::SetPalette,0x724e0,anchor-bracket,no-signal,0,,,2,0
0x7bc00,CSprite::ResetPalette,0x72538,anchor-global,no-signal,0,,,2,0
0x7c1d0,CSprite::GetNumSeqs,0x7342c,anchor-global,one-sided,0,CSprite::CSprite,,3,0
0x7c430,CSpriteFrame::~CSpriteFrame,0x7483c,anchor-bracket,no-signal,0,,,1,0
0x7c460,CSpriteFrame::SetPixelFormat,0x74918,anchor-global,no-signal,0,,,1,0
0x89500,SCampaign::SCampaign,0xbcd90,unique-name,corroborated,1,,SavedGameHeader::SavedGameHeader,1,2
0x897d0,SCampaign::CampaignComplete,0xe6ef8,unique-name,no-signal,0,,,1,0
0x90b20,CTextDialog::ExitDialog,0x81f98,anchor-global,no-signal,0,,,7,0
0x93710,combatManager::ResetLimitCreature,0x83db0,anchor-global,corroborated,4,combatManager::AddArmy;combatManager::CycleCombatScreen;combatManager::MakeCreaturesVanish;combatManager::PowEffect,,16,4
0x93930,combatManager::UpdateGrid,0x84420,anchor-global,corroborated,1,,,7,1
0x94440,combatManager::DrawFrame,0x84e2c,anchor-global,corroborated,5,army::cast_spell;combatManager::AddArmy;combatManager::CombatSystemOptions;combatManager::CycleCombatScreen;combatManager::LowerDoor;combatManager::MakeCreaturesVanish,,47,5
0x95bf0,combatManager::ComputeMaxExtent,0x86380,anchor-global,corroborated,5,combatManager::AddArmy;combatManager::CycleCombatScreen;combatManager::DrawFrame,,12,5
0x960d0,combatManager::CycleCombatScreen,0x867bc,anchor-global,no-signal,0,,,1,0
0x9d160,game::SetVisibility,0x8e33c,anchor-global,one-sided,0,advManager::DispatchEvent;advManager::do_event_lith_one_way;advManager::do_event_lith_two_way;game::ClaimGarrison;game::ClaimGenerator;game::ClaimMine,,16,0
0x9d3d0,game::ResetVisibility,0x8e54c,anchor-global,no-signal,0,,,2,0
0x9e170,advManager::EraseAndFizzle,0x90348,anchor-global,one-sided,0,advManager::DispatchEvent,,19,0
0x9f040,advManager::get_treasure_data,0x90d10,anchor-global,no-signal,0,,,6,0
0xa0c20,advManager::get_black_box,0x91bfc,anchor-global,corroborated,1,,,1,1
0xa5960,game::GetTeam,0x37fbc,unique-name,disjoint-callers,0,ExtraInfoUnion::SetCellVisited;VictoryConditionStruct::CheckForArtifactTransportWin;VictoryConditionStruct::CheckForArtifactWin;VictoryConditionStruct::CheckForFlaggedGeneratorWin;VictoryConditionStruct::CheckForFlaggedMineWin;VictoryConditionStruct::CheckForTotalCreatures,advManager::do_event_whirlpool,15,1
0xa75c0,advManager::get_like_modifier,0x97144,anchor-global,corroborated,1,,,2,1
0xa76c0,advManager::get_force_modifier,0x97228,anchor-global,one-sided,0,advManager::DoWanderingMonsterResult,,2,0
0xa7740,advManager::DoWanderingMonsterResult,0x97364,linkorder,corroborated,1,,advManager::do_event_whirlpool,1,2
0xa79c0,advManager::DoEventWanderingMonster,0x975a0,linkorder,one-sided,0,advManager::DispatchEvent,,2,0
0xa7a40,advManager::DoEventWarSchool,0x97628,linkorder,disjoint-callers,0,advManager::DispatchEvent,advManager::do_event_whirlpool,1,1
0xa7c30,advManager::do_event_warrior_tomb,0x9784c,linkorder,disjoint-callers,0,advManager::DispatchEvent,advManager::do_event_whirlpool,1,1
0xa7de0,advManager::do_event_water_wheel,0x97a9c,linkorder,disjoint-callers,0,advManager::DispatchEvent,advManager::do_event_whirlpool,1,1
0xa7ea0,advManager::do_event_watering_hole,0x97b7c,linkorder,disjoint-callers,0,advManager::DispatchEvent,advManager::do_event_whirlpool,1,1
0xa7fc0,advManager::do_event_windmill,0x97cac,linkorder,disjoint-callers,0,advManager::DispatchEvent,advManager::do_event_whirlpool,1,1
0xa8080,advManager::do_event_witch_hut,0x97dc8,linkorder,disjoint-callers,0,advManager::DispatchEvent,advManager::do_event_whirlpool,1,1
0xa8230,advManager::do_event_lith_one_way,0x97fa4,linkorder,disjoint-callers,0,advManager::DispatchEvent,advManager::do_event_whirlpool,1,1
0xa8390,advManager::do_event_lith_two_way,0x980e8,linkorder,disjoint-callers,0,advManager::DispatchEvent,advManager::do_event_whirlpool,1,1
0xa84f0,advManager::do_event_whirlpool,0x981ec,linkorder,disjoint-callers,0,advManager::DispatchEvent,advManager::DoEvent,1,1
0xaaa40,advManager::DispatchEvent,0x9824c,linkorder,one-sided,0,advManager::DoEvent,,2,0
0xaaaa0,advManager::DoEvent,0x99abc,linkorder,corroborated,1,,,3,1
0xaabb0,advManager::EraseObj,0x99bac,anchor-global,corroborated,1,,,5,1
0xaadf0,advManager::HeroSwap,0x99d98,linkorder,no-signal,0,,,2,0
0xaafd0,advManager::TownEvent,0x99eb0,linkorder,disjoint-callers,0,advManager::DispatchEvent,advManager::do_event_whirlpool,2,1
0xab410,advManager::EventSound,0x9a288,anchor-bracket,disjoint-callers,0,advManager::EventSound,advManager::DoEvent,1,1
0xacbb0,advManager::FizzleCenter,0x9b564,anchor-global,disjoint-callers,0,advManager::EraseAndFizzle,advManager::do_event_whirlpool,6,1
0xb0660,executive::executive,0x9e510,anchor-bracket,one-sided,0,executive::DoDialog,,2,0
0xb0a10,executive::DoDialog,0x9e66c,anchor-global,corroborated,1,advManager::DispatchEvent,advManager::do_event_whirlpool,9,2
0xb0b20,executive::AddManager,0x9e778,anchor-global,corroborated,2,,,4,2
0xb0bf0,executive::RemoveManager,0x9e838,anchor-global,corroborated,2,,,5,2
0xb0c70,executive::CallManager,0x9e898,anchor-global,corroborated,1,,,2,1
0xb1090,type_point::is_valid,0x9ed40,anchor-bracket,one-sided,0,advManager::GetCell;searchArray::BuildPath,,20,0
0xb1370,searchArray::searchArray,0x9ed88,anchor-global,no-signal,0,,,4,0
0xb13e0,searchArray::~searchArray,0x9ee08,anchor-global,no-signal,0,,,4,0
0xb2da0,searchArray::SeedCombatPosition,0xa03fc,anchor-global,corroborated,2,combatManager::GetCommand,,9,2
0xb3400,searchArray::FindCombatPath,0xa0b18,anchor-global,corroborated,3,,army::ValidPath,4,4
0xb3f20,searchArray::get_travel_time,0xa10c4,anchor-global,no-signal,0,,,2,0
0xb4420,army::ValidFlight,0xa1430,anchor-bracket,one-sided,0,army::simple_move,,1,0
0xb5110,font::~font,0xa1c94,anchor-global,no-signal,0,,,1,0
0xb5180,font::SetPalette,0xa1d14,anchor-global,no-signal,0,,,3,0
0xb51a0,font::DrawCharacter,0xa1d58,anchor-global,one-sided,0,,font::DrawBoundedString,2,1
0xb5490,font::DrawBoundedString,0xa2108,anchor-global,corroborated,1,combatManager::DoVictory,,22,1
0xb57a0,font::GetCharacterWidth,0xa2420,linkorder,one-sided,0,font::DrawBoundedString;font::LineLength;font::LineWidth;font::LongestLineWidth;font::LongestWrappedLineWidth;font::get_string_width,,9,0
0xb57d0,font::get_string_width,0xa2438,linkorder,no-signal,0,,,1,0
0xb5820,font::LineLength,0xa246c,anchor-global,corroborated,1,CChatManager::UpdateWidgetText,,9,1
0xb5920,font::LineWidth,0xa2554,anchor-global,no-signal,0,,,4,0
0xb5990,font::LongestLineWidth,0xa25c8,anchor-global,no-signal,0,,,2,0
0xb5a10,font::longest_word_length,0xa2650,anchor-global,no-signal,0,,,1,0
0xb5a80,font::LongestWrappedLineWidth,0xa26d4,anchor-global,no-signal,0,,,2,0
0xb8550,generator::generator,0xa2da0,anchor-global,no-signal,0,,,4,0
0xb85a0,generator::load,0xa2e48,anchor-global,no-signal,0,,,1,0
0xb86e0,generator::save,0xa2fdc,anchor-global,no-signal,0,,,1,0
0xb87a0,generator::update_bonus,0xa3178,anchor-global,disjoint-callers,0,game::ClaimTown,game::ClaimGenerator,2,1
0xb8860,generator::Initialize,0xa3288,anchor-global,no-signal,0,,,1,0
0xb8a60,generator::Grow,0xa3320,anchor-global,corroborated,1,,,2,1
0xb9df0,playerData::playerData,0xa4cc8,anchor-bracket,corroborated,1,,,2,1
0xb9e20,playerData::Init,0xa4d58,linkorder,one-sided,0,,TCampaignBrief::noexcept,4,1
0xb9f40,playerData::HasCapitol,0xa4e80,anchor-global,corroborated,3,,,5,3
0xb9fc0,playerData::add_garrison_hero,0xa4ee8,anchor-global,no-signal,0,,,2,0
0xba130,playerData::SetName,0xa50ac,anchor-global,no-signal,0,,,1,0
0xba170,playerData::ClearNetInfo,0xa5168,anchor-global,one-sided,0,playerData::Init,,5,0
0xba260,playerData::load,0xa51b0,anchor-global,no-signal,0,,,1,0
0xba670,playerData::save,0xa55a8,anchor-global,no-signal,0,,,1,0
0xba9e0,playerData::FindHero,0xa5c4c,anchor-global,corroborated,3,playerData::NextHero;playerData::add_garrison_hero,,6,3
0xbaa10,playerData::FindTown,0xa5c98,anchor-global,no-signal,0,,,2,0
0xbaa40,playerData::NextHero,0xa5d10,anchor-global,corroborated,2,,,5,2
0xbab40,playerData::NextTown,0xa5e0c,anchor-global,corroborated,1,,,2,1
0xbab90,playerData::HasMobileHero,0xa5eb0,anchor-global,corroborated,1,,,4,1
0xbaba0,GetNumObelisks,0xa5ee8,anchor-global,one-sided,0,game::SetupPuzzlePieces,,2,0
0xbabd0,playerData::NumOfGivenArtifact,0xa5ff0,anchor-global,no-signal,0,,,2,0
0xbad80,playerData::IsLocalHuman,0xa6114,anchor-global,corroborated,2,CTurnDuration::CheckForWarning;CTurnDuration::IsExpired;NewmapCell::HasTriggerableEvent;advManager::CheckDimHero;advManager::CheckDimNextHeroBut;advManager::ForceNewHover,TAdventureMapWindow::UpdateQuestLogButton;TAdventureMapWindow::UpdateSleepButton,74,4
0xbada0,playerData::IsHuman,0xa6144,anchor-global,disjoint-callers,0,advManager::SetHeroContext;advManager::UpdateRadar;game::GetLocalPlayerGamePos;game::IsHuman;playerData::GetName;playerData::IsLocalHuman,TAdventureMapWindow::UpdateHeroLocators;TAdventureMapWindow::UpdateTownLocators,29,2
0xbadb0,playerData::GetName,0xa6180,anchor-global,one-sided,0,game::GetPlayerName,,6,0
0xbae50,playerData::guess_grail_location,0xa6230,linkorder,disjoint-callers,0,ComputeUALoc;type_AI_player::start_turn,find_magus_hut_value,2,1
0xbae70,game::MineTypesOwned,0xa6274,linkorder,corroborated,1,,,1,1
0xbaed0,ComputeUALoc,0xa6328,linkorder,disjoint-callers,0,advManager::DispatchEvent,advManager::do_event_whirlpool,2,1
0xbaf00,game::SetupPuzzlePieces,0xa6350,linkorder,no-signal,0,,,3,0
0xbb160,game::GetWorldMapData,0xa65c4,linkorder,corroborated,1,,,1,1
0xbb170,game::get_new_boat_id,0xa65d4,anchor-global,corroborated,1,game::CreateBoat,,2,1
0xbb250,game::CreateBoat,0xa6690,anchor-global,no-signal,0,,,7,0
0xbb400,game::GetStartingHeroId,0xa68d8,anchor-global,corroborated,1,,,2,1
0xbb5e0,game::GetNewHeroId,0xa6cd4,anchor-global,no-signal,0,,,2,0
0xbb870,game::GetTownId,0xa6fd4,anchor-global,corroborated,1,VictoryConditionStruct::CheckForTownCaptureWin;VictoryConditionStruct::CheckForUpgradedTown;VictoryConditionStruct::IsTownCaptureTarget;game::CreateTownHeroes;hero::Deallocate,,24,1
0xbb900,game::GetGeneratorId,0xa71b4,anchor-global,no-signal,0,,,4,0
0xbc0e0,SavedGameHeader::SavedGameHeader,0xbceb4,unique-name,no-signal,0,,,2,0
0xbc340,VictoryConditionStruct::VictoryConditionStruct,0xbccdc,unique-name,disjoint-callers,0,game::game,SavedGameHeader::SavedGameHeader,3,1
0xc61e0,game::ClaimTown,0xb1230,anchor-global,corroborated,2,,,6,2
0xc66e0,game::ClaimMine,0xb1748,anchor-global,one-sided,0,,advManager::do_event_whirlpool,7,1
0xc67b0,game::ClaimGenerator,0xb1828,anchor-global,no-signal,0,,,5,0
0xc6960,game::ClaimGarrison,0xb1988,anchor-global,disjoint-callers,0,advManager::DispatchEvent,advManager::do_event_whirlpool,5,1
0xc6a30,game::ClaimShipyard,0xb1a50,anchor-global,no-signal,0,,,5,0
0xc92c0,game::GetRandomMonster,0xb4b58,anchor-global,corroborated,1,,,1,1
0xc94d0,game::GetRandomArtifactId,0xb4c84,anchor-global,corroborated,1,,,10,1
0xc95a0,game::GetRandomSpell,0xb4e04,anchor-global,no-signal,0,,,1,0
0xc9890,game::InsertObject,0xb52fc,anchor-global,no-signal,0,,,2,0
0xc9990,game::ConvertObject,0xb54f8,anchor-global,corroborated,2,,,4,2
0xc9dd0,game::ProcessRandomObjects,0xb5910,linkorder,no-signal,0,,,1,0
0xca040,game::CreateTownHeroes,0xb5cdc,linkorder,no-signal,0,,,1,0
0xca240,game::MakeTerrainVisible,0xb5f80,anchor-global,disjoint-callers,0,advManager::DispatchEvent,advManager::do_event_whirlpool,1,1
0xcdb80,game::get_random_lith,0xbb0e4,anchor-bracket,corroborated,3,,,3,3
0xcddc0,game::get_random_lith_exit,0xbb3e0,anchor-global,corroborated,1,,,1,1
0xcddf0,game::get_random_lith,0xbb41c,anchor-bracket,corroborated,1,,,1,1
0xcde20,game::get_random_whirlpool,0xbb45c,anchor-global,corroborated,1,advManager::do_event_witch_hut,,2,1
0xcde40,game::get_underground_gate_exit,0xbb490,anchor-global,disjoint-callers,0,advManager::DispatchEvent,advManager::do_event_whirlpool,2,1
0xcdf20,game::game,0xbb62c,anchor-global,one-sided,0,,TCampaignBrief::noexcept,3,1
0xce570,playerData::~playerData,0xbd630,unique-name,corroborated,1,,game::game,2,2
0xce5b0,game::~game,0xbbd28,anchor-global,one-sided,0,,TCampaignBrief::~TCampaignBrief,1,1
0xce900,game::GetHeroBoat,0xbbe68,anchor-global,one-sided,0,hero::Deallocate;hero::find_summonable_boat,,10,0
0xce940,game::IsHuman,0xbbee4,anchor-global,corroborated,3,advManager::HeroSwap;combatManager::is_computer_action;game::IsLastHuman;hero::GetMobility;hero::GiveResource,,35,3
0xce970,game::IsLocalHuman,0xbbfcc,anchor-global,one-sided,0,combatManager::CycleCombatScreen;combatManager::DoVictory;hero::GiveExperience,,21,0
0xce9b0,game::GetLocalPlayer,0xbc010,anchor-global,corroborated,2,advManager::DeactivateCurrHero;advManager::DeactivateCurrTown;advManager::DoAdvCommand;advManager::MobilizeCurrHero;advManager::SetHeroContext;advManager::SetRolloverText,TAdventureMapWindow::DoHeroKnob;TAdventureMapWindow::DoTownKnob;TAdventureMapWindow::UpdateHeroLocators;TAdventureMapWindow::UpdateTownLocators,60,6
0xcea20,game::GetLocalPlayerGamePos,0xbc038,anchor-global,disjoint-callers,0,SaveGame;TResourceDisplay::TResourceDisplay;advManager::DispatchEvent;advManager::DrawAdventureMapGems;advManager::RedrawAdvScreen;advManager::SetHeroContext,TAdventureMapWindow::SetElevationToggleImage;TAdventureMapWindow::SetSleepImage;TAdventureMapWindow::UpdateButtons;TAdventureMapWindow::UpdateQuestLogButton,107,4
0xcea70,game::get_puzzle_origin,0xbc0c0,linkorder,no-signal,0,,,2,0
0xceb60,game::GetPlayerName,0xbc1fc,anchor-global,no-signal,0,,,13,0
0xcec20,game::GetGamePosFromDPID,0xbc23c,linkorder,no-signal,0,,,9,0
0xcec50,game::IsLastHuman,0xbc2b8,linkorder,corroborated,1,,,3,1
0xcec90,game::IsMultiplayer,0xbc300,anchor-global,no-signal,0,,,5,0
0xd7470,type_obscuring_object::type_obscuring_object,0xcaaa0,anchor-global,disjoint-callers,0,hero::hero,game::CreateBoat;game::get_new_boat_id,2,2
0xd7490,type_obscuring_object::get_obscured_town,0xcab04,anchor-global,corroborated,1,,,2,1
0xd74d0,type_obscuring_object::initialize,0xcab3c,anchor-global,corroborated,1,type_obscuring_object::type_obscuring_object,,3,1
0xd74f0,type_obscuring_object::load,0xcab54,linkorder,corroborated,1,,,2,1
0xd75d0,type_obscuring_object::obscure_cell,0xcac58,anchor-global,one-sided,0,,advManager::DemobilizeCurrHero;advManager::SetRolloverText,4,2
0xd76e0,type_obscuring_object::restore_cell,0xcacfc,anchor-global,corroborated,1,game::ClaimShipyard;hero::Deallocate;playerData::add_garrison_hero;town::SwapHeroes,advManager::SetRolloverText,26,2
0xd77b0,type_obscuring_object::save,0xcad80,linkorder,corroborated,1,,,2,1
0xd7890,hero::hire,0xcae60,linkorder,no-signal,0,,,1,0
0xd7900,hero::PlaceInMap,0xcaedc,linkorder,corroborated,1,,town::SwapHeroes;town::remove_garrison_hero,2,3
0xd7a20,hero::load,0xcaf98,linkorder,no-signal,0,,,1,0
0xd80c0,hero::save,0xcb698,linkorder,no-signal,0,,,1,0
0xd85f0,hero::hero,0xcbdb8,anchor-bracket,corroborated,1,SCampaign::SCampaign,advManager::HeroSwap,6,2
0xd9070,hero::get_equipped_artifacts,0xcc0e4,anchor-global,no-signal,0,,,4,0
0xd90c0,hero::get_number_in_backpack,0xcc138,anchor-bracket,one-sided,0,advManager::do_event_warrior_tomb,,34,0
0xd9110,hero::GetStandSequence,0xcc1b0,anchor-global,corroborated,1,,,10,1
0xd9160,boat::GetStandSequence,0xcc1e8,linkorder,no-signal,0,,,5,0
0xd91b0,hero::HasArtifact,0xcc220,anchor-global,corroborated,1,VictoryConditionStruct::CheckForArtifactTransportWin;VictoryConditionStruct::CheckForArtifactWin,,15,1
0xd91f0,hero::IsWieldingArtifact,0xcc26c,anchor-global,corroborated,1,ValueOfSpell;army::SetLuck;army::range_attack;armyGroup::GetArmyMorale;armyGroup::GetLuck;combatManager::ShotIsNotOptimal,advManager::DoAdvCommand,66,2
0xd9ec0,hero::Deallocate,0xcc800,anchor-global,one-sided,0,,advManager::TownEvent,5,1
0xda3a0,hero::GetExperience,0xccb80,anchor-global,disjoint-callers,0,hero::GetExperienceIncrement,game::CreateTownHeroes,5,1
0xda420,hero::GetExperienceIncrement,0xccc68,anchor-bracket,disjoint-callers,0,hero::GetExperienceIncrement,advManager::DoEventWarSchool,1,1
0xdb350,type_artifact::get_rollover_text,0xcd86c,anchor-global,no-signal,0,,,3,0
0xe2340,hero::CreatureTypeCount,0xd3830,anchor-global,no-signal,0,,,2,0
0xe23a0,hero::GetNthSS,0xd38b0,anchor-global,no-signal,0,,,9,0
0xe23d0,hero::TransferArtifacts,0xd38ec,anchor-global,corroborated,1,,,1,1
0xe2bd0,hero::remove_artifact,0xd3ad0,anchor-bracket,one-sided,0,hero::TransferArtifacts;hero::remove_artifact;hero::reset_artifacts,,13,0
0xe2d50,hero::remove_backpack_artifact,0xd3b74,anchor-global,one-sided,0,hero::TransferArtifacts;hero::remove_artifact;hero::reset_artifacts,,12,0
0xe2dd0,hero::remove_artifact,0xd3bec,anchor-bracket,corroborated,2,,,6,2
0xe2f90,hero::add_to_backpack,0xd3cfc,anchor-global,one-sided,0,hero::GiveArtifact;hero::TransferArtifacts,,10,0
0xe3070,hero::GiveArtifact,0xd3de4,anchor-global,one-sided,0,advManager::do_event_warrior_tomb,,31,0
0xe33b0,hero::GiveExperience,0xd3e88,anchor-global,corroborated,2,,,12,2
0xe3600,hero::GiveResource,0xd3fb8,anchor-global,one-sided,0,advManager::do_event_water_wheel;advManager::do_event_windmill,,17,0
0xe36c0,hero::GetLuck,0xd4070,anchor-global,corroborated,1,,,18,1
0xe39b0,hero::GetMorale,0xd41fc,anchor-global,no-signal,0,,,27,0
0xe3cd0,hero::GetNecromancyFactor,0xd4390,anchor-global,corroborated,1,,,3,1
0xe3f40,hero::GetMysticismBonus,0xd44a4,anchor-global,no-signal,0,,,1,0
0xe4070,hero::GetVisibility,0xd4560,anchor-global,no-signal,0,,,4,0
0xe4160,hero::GetArcheryFactor,0xd45d8,anchor-global,one-sided,0,army::ComputeAttackerDamageBonuses,,2,0
0xe42b0,hero::GetOffenseFactor,0xd4664,anchor-global,one-sided,0,army::ComputeAttackerDamageBonuses,,1,0
0xe4310,hero::GetDefenseFactor,0xd46a8,anchor-global,corroborated,1,,army::adjust_damage;army::get_unit_combat_value,1,3
0xe4390,hero::GetEstatesBonus,0xd46f8,anchor-global,no-signal,0,,,1,0
0xe4420,hero::GetEagleEyeChance,0xd4768,anchor-global,no-signal,0,,,1,0
0xe4580,hero::GetSurrenderCostFactor,0xd482c,anchor-global,corroborated,1,,,1,1
0xe46e0,hero::GetMagicResistanceFactor,0xd48c8,anchor-global,corroborated,1,,,1,1
0xe4840,hero::GetExperienceBonusFactor,0xd4960,anchor-global,corroborated,3,,,13,3
0xe48b0,hero::GetIntelligenceFactor,0xd4a88,anchor-global,no-signal,0,,,1,0
0xe4920,hero::GetFirstAidFactor,0xd4b08,anchor-global,corroborated,1,,,2,1
0xe4990,hero::GetMobility,0xd4b50,corroborates,corroborated,1,,hero::Deallocate,2,2
0xe4d90,hero::GetMobility,0xd4d60,corroborates,one-sided,0,hero::Deallocate,,11,0
0xe4db0,hero::GetSpellDurationBonus,0xd4db0,anchor-global,corroborated,3,,,5,3
0xe4fa0,hero::get_special_terrain,0xd4df0,anchor-global,one-sided,0,hero::GetManaCost;hero::GetSpellSchoolLevel;hero::get_spell_level,,8,0
0xe5080,hero::get_spell_level,0xd4e4c,anchor-bracket,corroborated,1,hero::can_summon_boat;hero::get_spell_level;type_AI_spellcaster::cast_spell;type_AI_spellcaster::get_protection_value,,13,1
0xe5100,hero::GetSpellSchoolLevel,0xd4e68,anchor-bracket,corroborated,2,hero::GetSpellSchoolLevel;hero::reset_artifacts,hero::can_summon_boat,11,3
0xe51c0,hero::GetHighestSchool,0xd4ed0,anchor-global,no-signal,0,,,1,0
0xe5240,hero::GetManaCost,0xd4f64,anchor-bracket,one-sided,0,hero::GetManaCost;type_AI_combat_data::cast_spell;type_AI_spellcaster::cast_spell;type_AI_spellcaster::get_protection_value;type_spellvalue::get_raw_spell_value,,9,0
0xe5330,hero::GetMobilityFrame,0xd4fe0,linkorder,one-sided,0,,TAdventureMapWindow::UpdateHeroLocator,1,1
0xe5380,hero::GetManaFrame,0xd5024,linkorder,one-sided,0,,TAdventureMapWindow::UpdateHeroLocator,1,1
0xe53c0,hero::VisitedArena,0xd5060,linkorder,no-signal,0,,,2,0
0xe53e0,hero::SetVisitedArena,0xd5074,linkorder,no-signal,0,,,1,0
0xe5400,hero::get_combat_value_modifier,0xd50a0,linkorder,corroborated,1,,,3,1
0xe54a0,hero::find_summonable_boat,0xd519c,anchor-global,corroborated,1,,,2,1
0xe5550,hero::can_summon_boat,0xd524c,anchor-global,one-sided,0,,searchArray::?,2,1
0xe56b0,hero::get_player,0xd52b0,linkorder,no-signal,0,,,16,0
0xe56e0,hero::is_in_patrol_radius,0xd52d0,anchor-global,no-signal,0,,,3,0
0xe5760,hero::modify_spell_damage,0xd53a0,anchor-global,corroborated,1,type_spellvalue::get_damage_spell_value,type_AI_combat_data::cast_area_effect;type_AI_combat_data::cast_chain_lightning;type_AI_combat_data::get_area_value;type_AI_combat_data::get_damage_spell_value;type_AI_combat_data::get_next_chain_lightning_target,4,6
0xe5960,hero::get_primary_skill_total,0xd544c,linkorder,corroborated,1,,,13,1
0xe59a0,hero::Fly,0xd5488,linkorder,no-signal,0,,,1,0
0xe5aa0,hero::get_combat_speed_bonus,0xd54ac,anchor-global,no-signal,0,,,2,0
0xe5b80,hero::get_hit_point_bonus,0xd5508,anchor-global,no-signal,0,,,3,0
0xe5e10,hero::IsInIdentifyRange,0xd55c0,anchor-global,no-signal,0,,,2,0
0xe5f30,hero::IsMobile,0xd5644,anchor-global,corroborated,1,advManager::CheckDimHero,advManager::DoAdvCommand,3,2
0xe5ff0,hero::GetHeroSpellBonus,0xd5710,anchor-global,corroborated,4,army::ComputeAttackerDamageBonuses,,9,4
0xe6120,hero::reset_artifacts,0xd5800,linkorder,no-signal,0,,,1,0
0xe64c0,type_obscuring_object::obscures_town,0xd58cc,linkorder,one-sided,0,,hero::GiveArtifact,1,1
0xe64e0,hero::HasArmy,0xd58f8,linkorder,one-sided,0,hero::GetManaCost,,1,0
0xe64f0,hero::GetSpellSchoolLevel,0xd5914,linkorder,one-sided,0,hero::IsInIdentifyRange;type_spellvalue::get_raw_spell_value,,2,0
0xe6500,SCampaign::GetExpCap,0xd5944,linkorder,one-sided,0,hero::GiveExperience,,1,0
0xe66c0,CMCDeadHero::CMCDeadHero,0xd5964,linkorder,one-sided,0,hero::Deallocate,,1,0
0xe66f0,type_artifact::`default constructor closure',0xd59b8,linkorder,one-sided,0,hero::hero,,1,0
0xe6750,THeroScreenWindow::`scalar deleting destructor',0xd59d0,linkorder,one-sided,0,,hero::GetLuck,0,1
0xe6780,"std::bitset<48,unsigned long>::reference::operator=",0xd5a04,linkorder,one-sided,0,hero::load,,4,0
0xe67a0,InitializeHeroTraitsTable,0xd5a40,linkorder,no-signal,0,,,1,0
0xe6920,InitializeHeroClassTraitsTable,0xd5ab4,linkorder,no-signal,0,,,1,0
0xe6b10,InitializeSSkillTraitsTable,0xd5b28,linkorder,no-signal,0,,,1,0
0xe6d60,InitializeHeroTraits,0xd5bc0,linkorder,one-sided,0,InitializeHeroTraitsTable,,1,0
0xe6d80,$E436,0xd5ccc,linkorder,one-sided,0,InitializeHeroTraits,,1,0
0xe6de0,InitializeHeroClassTraits,0xd5d28,linkorder,one-sided,0,InitializeHeroClassTraitsTable,,1,0
0xe6e40,$E438,0xd5ed0,linkorder,one-sided,0,InitializeHeroClassTraits,,1,0
0xe6eb0,InitializeSSkillTraits,0xd5ee8,linkorder,one-sided,0,InitializeSSkillTraitsTable,,1,0
0xe6f10,$E441,0xd607c,linkorder,one-sided,0,InitializeSSkillTraits,,1,0
0xe6f70,$E440,0xd6094,linkorder,one-sided,0,InitializeSSkillTraits,,1,0
0xe6fd0,`anonymous namespace'::TAutoStrPtr::TAutoStrPtr,0xd60d4,linkorder,one-sided,0,InitializeHeroClassTraits;InitializeHeroTraits;InitializeSSkillTraits,,3,0
0xe7030,`anonymous namespace'::TAutoStrPtr::~TAutoStrPtr,0xd60dc,linkorder,one-sided,0,$E436;$E438;$E440;$E441,,4,0
0xe7090,`anonymous namespace'::TAutoStrPtr::set,0xd60f4,linkorder,one-sided,0,InitializeHeroClassTraits;InitializeHeroTraits;InitializeSSkillTraits,,3,0
0xe70f0,`anonymous namespace'::TAutoStrPtr::get,0xd60f8,linkorder,one-sided,0,InitializeHeroClassTraits;InitializeHeroTraits;InitializeSSkillTraits,,3,0
0xe7150,hexcell::hexcell,0xd60fc,anchor-global,corroborated,1,,,1,1
0xe7170,hexcell::get_army,0xd6138,anchor-global,corroborated,1,army::DrawToBuffer;army::ValidAttack;army::add_aura;army::attack_hex;army::can_cast_spell;army::do_attack,,46,1
0xe71b0,hexcell::get_dead_army,0xd6178,anchor-global,one-sided,0,,combatManager::DrawFrame,1,1
0xea7b0,iconWidget::~iconWidget,0xd9464,anchor-global,no-signal,0,,,7,0
0xeaff0,iconWidget::SetIconFrame,0xd9c7c,anchor-global,one-sided,0,iconWidget::NextRandomFrame;iconWidget::NextRandomSiegeEngineFrame,,27,0
0xeb030,iconWidget::SetSprite,0xd9d64,anchor-global,no-signal,0,,,3,0
0xeb060,iconWidget::NextRandomFrame,0xd9d90,anchor-global,no-signal,0,,,3,0
0xeb250,iconWidget::NextRandomSiegeEngineFrame,0xd9ee8,anchor-global,no-signal,0,,,2,0
0xec460,inputManager::inputManager,0xdd97c,anchor-bracket,no-signal,0,,,1,0
0xec570,inputManager::Flush,0xdda54,anchor-global,corroborated,1,,Bitmap16Bit::Bitmap16Bit,15,2
0xec6f0,inputManager::AsciiConvert,0xddd60,anchor-global,no-signal,0,,,3,1
0xec8c0,inputManager::MakeScanCodeTable,0xdde74,linkorder,no-signal,0,,,1,0
0xecc00,inputManager::ForceMouseMove,0xde044,anchor-bracket,corroborated,2,,combatManager::DoCommand;combatManager::RightClick,4,4
0xed490,PollSound,0xdf330,anchor-global,corroborated,1,TSubWindow::SaveBackground;WaitEndSample;combatManager::DrawFrame;heroWindowManager::DoQuickView;heroWindowManager::UpdateScreen,Bitmap16Bit::Bitmap16Bit,51,2
0xf3940,combatManager::~combatManager,0xe71b0,unique-name,no-signal,0,,,1,0
0xf39f0,advManager::~advManager,0xe7204,unique-name,no-signal,0,,,1,0
0xf7690,extended_dialog,0xe6cf0,anchor-global,corroborated,3,,,12,3
0xf79b0,GetMapExtra,0xe6e2c,anchor-bracket,corroborated,1,GetMapExtra;advManager::UpdateRadar,advManager::get_normal_cursor,25,2
0xf79e0,GetMapExtraPtr,0xe6e50,anchor-global,corroborated,3,,,6,3
0xf7fb0,Process1WindowsMessage,0xe7fd0,anchor-bracket,corroborated,1,WaitEndSample;advManager::UpdateScreen;heroWindowManager::DoQuickView;inputManager::Flush,,23,1
0xf8060,AppCommand,0xe8014,linkorder,no-signal,0,,,1,0
0xf8140,UpdateDfltMenu,0xe8018,linkorder,one-sided,0,,AppCommand,0,1
0xf8180,KBChangeMenu,0xe801c,anchor-global,corroborated,1,,,8,1
0xf81e0,SetNoDialogMenus,0xe8020,anchor-global,one-sided,0,,heroWindowManager::int32_t,7,1
0xfa610,LODFile::getItemIndex,0xe9154,anchor-global,one-sided,0,,GetBitmapResourceSize;GetFont;GetSprite,7,3
0xfa660,LODFile::Find,0xe91c0,anchor-global,corroborated,1,,LODFile::pointAt,3,2
0xfa800,LODFile::~LODFile,0xe9374,anchor-global,no-signal,0,,,2,0
0xfa8a0,LODFile::open,0xe941c,anchor-bracket,no-signal,0,,,1,0
0xfaa70,LODFile::pointAt,0xe9690,anchor-global,one-sided,0,,GetBitmap16;GetBitmap816;GetFont;GetPalette24,12,4
0xfab20,LODFile::read,0xe96e0,anchor-global,one-sided,0,,GetBitmap16;GetBitmap816;GetSprite;ReadFromBitmapResource,12,4
0xfbf90,ExtraInfoUnion::SetCellVisited,0xeb6a4,anchor-global,one-sided,0,advManager::do_event_warrior_tomb;advManager::do_event_water_wheel;advManager::do_event_windmill;advManager::do_event_witch_hut,,12,0
0xfcaa0,NewmapCell::get_trigger_cell,0xebf98,anchor-global,corroborated,1,,,3,1
0xfcbd0,NewmapCell::get_map_object,0xec098,anchor-global,corroborated,1,NewmapCell::is_diggable;game::ConvertObject,advManager::FindAdjacentMonster,8,2
0xfcc30,NewmapCell::get_map_extraInfo,0xec114,anchor-global,corroborated,2,,,4,2
0xfcc80,NewmapCell::cell_is_trigger,0xec1c8,anchor-global,one-sided,0,,advManager::FindAdjacentMonster,3,1
0xfccf0,NewmapCell::is_diggable,0xec254,anchor-global,no-signal,0,,,5,0
0xfcdc0,NewmapCell::HasTriggerableEvent,0xec324,anchor-global,no-signal,0,,,1,0
0xfce20,NewmapCell::get_special_terrain,0xec3b4,anchor-global,corroborated,3,hero::get_special_terrain,,8,3
0xfd060,NewfullMap::NewfullMap,0xec4fc,anchor-global,corroborated,1,,,1,1
0xfd1e0,NewfullMap::~NewfullMap,0xec6a4,anchor-global,corroborated,1,,,1,1
0xfd4c0,NewmapCell::~NewmapCell,0xf4bdc,unique-name,no-signal,0,,,1,0
0xfd650,NewmapCell::NewmapCell,0xf49a4,unique-name,no-signal,0,,,1,0
0xfec10,CObject::get_object_type_ptr,0xeda1c,anchor-global,one-sided,0,NewmapCell::get_special_terrain,,2,0
0xfec30,CObject::FindTrigger,0xedab8,anchor-global,one-sided,0,,NewmapCell::get_trigger_cell,10,1
0x105b20,NewfullMap::PlaceObject,0xf43e8,anchor-global,corroborated,1,,,3,1
0x10b1d0,SafeRandom,0xfd81c,anchor-global,corroborated,1,,,1,1
0x10b230,Random,0xfd868,anchor-global,one-sided,0,AI_auto_combat;AI_quick_combat;SafeRandom;advManager::FizzleCenter;army::GoBerserk;army::do_post_attack,,77,0
0x10c6e0,TPickANumber::TPickANumber,0xfe150,anchor-global,corroborated,1,,,10,1
0x10c740,TPickANumber::Pick,0xfe190,anchor-global,corroborated,1,,,10,1
0x10cb50,mouseManager::mouseManager,0xfe9d4,anchor-global,no-signal,0,,,1,0
0x10cca0,mouseManager::SetPointer,0xfeb1c,anchor-global,corroborated,2,CHeroWindowEx::ProcessHover;SaveGame;advManager::DispatchEvent;combatManager::DoCommand;combatManager::DoVictory;combatManager::RightClick,,76,2
0x10cd90,mouseManager::Update,0xfec54,anchor-global,corroborated,4,,,5,4
0x10d500,mouseManager::MouseCoords,0xff22c,anchor-global,corroborated,1,inputManager::ForceMouseMove,advManager::DoAdvCommand,5,2
0x10d540,mouseManager::HidePointer,0xff3a8,anchor-global,corroborated,1,advManager::FizzleCenter;heroWindowManager::DoQuickView;heroWindowManager::FadeScreen;mouseManager::ShowSystemCursor,Bitmap16Bit::Bitmap16Bit;advManager::EraseAndFizzle,13,3
0x10d5b0,mouseManager::ShowPointer,0xff3e0,anchor-global,corroborated,2,advManager::DispatchEvent;advManager::FizzleCenter;do_monster_join_dialog;heroWindowManager::DoQuickView;heroWindowManager::FadeScreen;mouseManager::ShowSystemCursor,Bitmap16Bit::Bitmap16Bit,27,3
0x10d680,mouseManager::CheckUpdate,0xff484,anchor-global,corroborated,1,,,2,1
0x10d8b0,mouseManager::LoadFrame,0xff610,anchor-global,corroborated,2,,,3,2
0x10da20,mouseManager::ShowSystemCursor,0xff708,anchor-global,disjoint-callers,0,mouseManager::CheckUpdate,AppCommand,1,1
0x122940,TPalette16::~TPalette16,0x10a8e0,anchor-global,corroborated,4,,Bitmap816::~Bitmap816,7,5
0x122950,TPalette16::Cycle,0x10aa98,anchor-global,corroborated,1,,,2,1
0x122a10,TPalette16::AdjustSaturation,0x10b1ec,anchor-global,corroborated,1,,,1,1
0x122b50,TPalette16::AdjustHSV,0x10b484,anchor-global,corroborated,1,,,1,1
0x122d50,TPalette16::Gray,0x10b7ac,anchor-global,corroborated,1,,,1,1
0x122f60,TPalette24::~TPalette24,0x10baac,anchor-global,corroborated,1,,Bitmap816::~Bitmap816;GetBitmap816;GetSprite,5,4
0x122f80,TPalette24::AdjustHSV,0x10bfd4,anchor-global,one-sided,0,,GetBitmap816;GetPalette24;GetSprite,5,3
0x123190,RGBToHSV,0x10c370,anchor-bracket,corroborated,3,,,5,3
0x1232f0,HSVToRGB,0x10c564,anchor-bracket,corroborated,3,,,5,3
0x1239d0,army::FindPath,0x10c918,anchor-bracket,corroborated,1,army::ValidPath,,2,1
0x123a70,army::ValidPath,0x10c9a4,anchor-bracket,corroborated,1,,,1,1
0x123b20,army::GetAttackMask,0x10c9ec,anchor-global,corroborated,1,army::attack_hex,,3,1
0x123bb0,army::ValidAttack,0x10ca6c,anchor-global,corroborated,1,,,1,1
0x123d90,army::GetAdjacentCellIndex,0x10cbf8,anchor-global,corroborated,3,army::CanFit;army::ValidAttack;army::WalkTo;army::get_adjacent_hex;searchArray::FindCombatPath,,12,3
0x123df0,army::get_adjacent_hex,0x10cc80,anchor-bracket,one-sided,0,army::get_adjacent_hex;army::get_attack_direction,,8,0
0x124550,get_artifact_purchase_price,0x10d7b8,anchor-global,corroborated,1,,,2,1
0x126d40,type_spellvalue::type_spellvalue,0x10f37c,anchor-global,one-sided,0,AI_get_spell_value,,7,0
0x1270e0,type_spellvalue::get_damage_spell_value,0x10f404,anchor-global,corroborated,2,,,2,2
0x1271c0,type_spellvalue::get_mass_damage_spell_value,0x10f648,anchor-global,corroborated,1,,,1,1
0x127290,type_spellvalue::get_enchantment_value,0x10f810,anchor-global,corroborated,1,,,1,1
0x1273d0,type_spellvalue::get_raw_spell_value,0x10fa84,anchor-global,corroborated,2,,,4,2
0x1275b0,type_spellvalue::get_best_spell_value,0x10fcf0,anchor-global,corroborated,1,,,6,1
0x127640,AI_get_spell_value,0x10fd78,anchor-global,corroborated,2,,,2,2
0x127aa0,ValueOfSpell,0x110574,anchor-global,one-sided,0,,TSeerReward::getValue,2,1
0x129690,ExtraInfoUnion::PlayerKnowsCell,0x1fa40,unique-name,one-sided,0,advManager::SetRolloverText;advManager::do_event_warrior_tomb,,17,0
0x1296d0,game::OnSameTeam,0x1febc,unique-name,one-sided,0,VictoryConditionStruct::CheckForFlaggedGeneratorWin;VictoryConditionStruct::CheckForFlaggedMineWin;VictoryConditionStruct::CheckForGrailBuildingWin;advManager::DispatchEvent;advManager::SetRolloverText;advManager::TownEvent,,43,0
0x129750,get_artifact_purchase_value,0x10d91c,unique-name,no-signal,0,,,2,0
0x12bbd0,AI_choose_secondary_skill,0x114a5c,anchor-global,no-signal,0,,,1,0
0x14e750,get_upgrade_cost,0x118adc,anchor-global,no-signal,0,,,6,0
0x14e7c0,GetMonsterCost,0x118b38,anchor-global,no-signal,0,,,8,0
0x1503a0,recruitUnit::Update,0x119dcc,anchor-global,no-signal,0,,,3,0
0x153d00,CChatManager::UpdateWidget,0x11c6bc,anchor-global,corroborated,1,,,5,1
0x153db0,CChatManager::HasOldChat,0x11c754,anchor-global,no-signal,0,,,1,0
0x153df0,CChatManager::KillOldChat,0x11c7b0,anchor-global,corroborated,1,,,1,1
0x153ee0,CChatManager::UpdateWidgetText,0x11c8d0,anchor-global,corroborated,1,,,1,1
0x154050,CChatManager::PauseTimeOuts,0x11c9fc,anchor-global,no-signal,0,,,1,0
0x154060,CChatManager::ResumeTimeOuts,0x11ca14,anchor-global,no-signal,0,,,1,0
0x1540b0,CChatManager::ClearChat,0x11ca70,anchor-bracket,disjoint-callers,0,CChatManager::SetMaxLines,advManager::CompleteDraw,3,1
0x1540d0,CChatManager::SetMaxLines,0x11cabc,anchor-global,no-signal,0,,,1,0
0x154170,CChatManager::SetPosition,0x11cb24,anchor-global,no-signal,0,,,2,0
0x157a80,CTurnDuration::IsOn,0x11f070,anchor-global,corroborated,1,CTurnDuration::CheckForWarning;CTurnDuration::IsClose;CTurnDuration::IsExpired;CTurnDuration::Start,,7,1
0x157aa0,CTurnDuration::IsExpired,0x11f090,anchor-global,no-signal,0,,,9,0
0x157af0,CTurnDuration::CheckForWarning,0x11f108,anchor-global,corroborated,1,,,1,1
0x157d00,CTurnDuration::IsClose,0x11f2fc,anchor-global,no-signal,0,,,3,0
0x157d60,CTurnDuration::Clear,0x11f39c,anchor-global,no-signal,0,,,4,0
0x157d70,CTurnDuration::SetDuration,0x11f3a8,anchor-global,no-signal,0,,,1,0
0x157d90,CTurnDuration::Start,0x11f3b0,anchor-global,no-signal,0,,,3,0
0x157dd0,CTurnDuration::Pause,0x11f3fc,anchor-global,no-signal,0,,,2,0
0x157df0,CTurnDuration::Resume,0x11f41c,anchor-global,no-signal,0,,,2,0
0x158720,resource::resource,0x120934,anchor-global,corroborated,2,CSprite::CSprite;TPalette16::TPalette16;TPalette24::TPalette24;TSpreadsheetResource::TSpreadsheetResource;TTextResource::TTextResource;font::font,,14,3
0x1587a0,resource::~resource,0x12099c,anchor-global,corroborated,3,TPalette16::~TPalette16;TPalette24::~TPalette24;TSpreadsheetResource::~TSpreadsheetResource;TTextResource::~TTextResource,,13,4
0x158ba0,TResourceDisplay::TResourceDisplay,0x120c54,anchor-global,corroborated,1,,,7,1
0x158e80,TResourceDisplay::~TResourceDisplay,0x120ee8,anchor-bracket,no-signal,0,,,1,0
0x158f20,TResourceDisplay::Update,0x120fa0,anchor-global,corroborated,1,,,13,1
0x159020,TResourceDisplay::Clear,0x1210b4,anchor-global,no-signal,0,,,1,0
0x1629b0,widget::set_visible,0x56df8,unique-name,no-signal,0,,,20,0
0x166e60,sample::~sample,0x129b4c,anchor-bracket,no-signal,0,,,0,0
0x16a0d0,searchArray::BuildPath,0x12b2e0,anchor-global,corroborated,2,,,3,2
0x196180,slider::~slider,0x149ba4,anchor-global,no-signal,0,,,2,0
0x1971b0,VideoSoundOnOff,0x14ac30,anchor-global,one-sided,0,,ShowVideo,0,1
0x1971f0,VideoRealignBuffers,0x14ac34,anchor-global,no-signal,0,,,1,0
0x1972d0,VideoPlay,0x14ac38,anchor-global,no-signal,0,,,0,0
0x197570,VideoOpen,0x14ac3c,anchor-global,no-signal,0,,,0,0
0x1975f0,VideoClose,0x14ac40,anchor-global,no-signal,0,,,6,0
0x1976e0,VideoNextFrame,0x14ac44,anchor-global,one-sided,0,,Delay;Process1WindowsMessage,0,2
0x197740,VideoDrawCurrentFrame,0x14ac48,anchor-global,no-signal,0,,,3,0
0x1977a0,VideoPause,0x14ac4c,anchor-global,no-signal,0,,,8,0
0x197850,VideoResume,0x14ac50,anchor-global,no-signal,0,,,8,0
0x197900,VideoRestart,0x14ac54,anchor-global,no-signal,0,,,3,0
0x197930,VideoNeedsUpdate,0x14ac58,anchor-global,one-sided,0,,Bitmap16Bit::Bitmap16Bit,4,1
0x197990,VideoPlaying,0x14ac5c,anchor-global,no-signal,0,,,2,0
0x1979d0,VideoDrawRects,0x14ac60,anchor-global,one-sided,0,,Bitmap16Bit::Bitmap16Bit,5,1
0x197c70,VideoShutDown,0x14ac64,anchor-global,no-signal,0,,,1,0
0x199760,soundManager::soundManager,0x14b1ec,anchor-global,no-signal,0,,,1,0
0x199d90,soundManager::StopAllSamples,0x14b2a8,anchor-global,one-sided,0,soundManager::StartMP3,,11,0
0x199e80,soundManager::StopSample,0x14b2c0,anchor-global,corroborated,3,soundManager::MemorySample,army::Walk;army::WalkTo,13,5
0x199f40,soundManager::ModifySample,0x14b37c,anchor-global,corroborated,1,,soundManager::AdjustSoundVolumes,1,2
0x19a0c0,soundManager::AdjustSoundVolumes,0x14b42c,anchor-global,no-signal,0,,,3,0
0x19a1b0,soundManager::AdjustMusicVolumes,0x14b4d4,anchor-global,no-signal,0,,,2,0
0x19a1e0,soundManager::SwitchAmbientMusic,0x14b500,anchor-global,corroborated,2,TCampaignBrief::~TCampaignBrief;advManager::SetHeroContext,,17,2
0x19a210,soundManager::MemorySample,0x14b528,anchor-global,corroborated,3,LoadPlaySample;launch_sample,army::Walk;army::WalkTo;army::animate_missile,13,6
0x19a3f0,soundManager::MusicPlaying,0x14b644,anchor-global,no-signal,0,,,1,0
0x19a410,ClearMemSample,0x14b65c,anchor-global,one-sided,0,WaitEndSample,,4,0
0x19a470,LoadPlaySample,0x14b698,anchor-global,one-sided,0,army::ComputeAttackerDamageBonuses;army::ResetRound;army::do_fire_shield;army::do_post_attack;army::new_turn;combatManager::LowerDoor,,32,0
0x19a4c0,WaitEndSample,0x14b6ec,anchor-global,corroborated,1,army::ComputeAttackerDamageBonuses;army::ResetRound;army::do_post_attack;army::new_turn;combatManager::LowerDoor;combatManager::RaiseDoor,,29,1
0x19a590,launch_sample,0x14b780,anchor-global,corroborated,1,advManager::EventSound;advManager::FizzleCenter;combatManager::show_eagle_eye;combatManager::show_looted_artifacts,army::do_attack,14,2
0x19a7d0,soundManager::service_sounds,0xe6ef4,unique-name,no-signal,0,,,1,0
0x19ac00,soundManager::ResumeStream,0x14b8e8,anchor-global,corroborated,1,,,2,1
0x19acb0,soundManager::StartMP3,0x14b924,anchor-global,corroborated,1,soundManager::SwitchAmbientMusic,,15,1
0x19b010,soundManager::StopMP3,0x14b974,anchor-global,no-signal,0,,,4,0
0x1a9360,get_elemental_type,0x158090,anchor-global,one-sided,0,,type_AI_spellcaster::consider_spell,2,1
0x1aa410,TSubWindow::~TSubWindow,0x158e14,anchor-global,one-sided,0,TResourceDisplay::~TResourceDisplay,,6,0
0x1aa470,TSubWindow::initialize,0x158e60,anchor-global,corroborated,1,TResourceDisplay::TResourceDisplay,,2,1
0x1aa4a0,TSubWindow::AddWidget,0x158e7c,anchor-global,disjoint-callers,0,TResourceDisplay::TResourceDisplay,type_bottom_view_window::type_bottom_view_window,13,1
0x1aa4f0,TSubWindow::Draw,0x158ed0,anchor-global,corroborated,1,TResourceDisplay::Clear;TResourceDisplay::Update,,7,1
0x1aa560,TSubWindow::SaveBackground,0x158f4c,anchor-global,no-signal,0,,,2,0
0x1aa610,TSubWindow::RestoreBackground,0x158fa4,anchor-global,no-signal,0,,,2,0
0x1baae0,textEntryWidget::~textEntryWidget,0x162af8,anchor-global,no-signal,0,,,7,0
0x1bab50,textEntryWidget::SetFocus,0x162b50,linkorder,no-signal,0,,,2,0
0x1baba0,textEntryWidget::GetCharPressed,0x162bbc,anchor-global,no-signal,0,,,5,0
0x1bbdd0,TTextResource::~TTextResource,0x1639a4,anchor-global,no-signal,0,,,1,0
0x1bc170,TSpreadsheetResource::~TSpreadsheetResource,0x163c30,anchor-global,no-signal,0,,,1,0
0x1bc3b0,textWidget::~textWidget,0x164d24,anchor-global,corroborated,1,bitmapBackedTextWidget::~bitmapBackedTextWidget,,5,1
0x1bc6d0,bitmapBackedTextWidget::~bitmapBackedTextWidget,0x1653b0,anchor-global,no-signal,0,,,1,1
0x1bde80,town::town,0x166408,anchor-global,no-signal,0,,,3,0
0x1bdf60,town::initialize_hordes,0x1664b0,linkorder,no-signal,0,,,1,0
0x1bdfe0,town::HasGarrison,0x16654c,anchor-global,no-signal,0,,,3,0
0x1be030,town::GiveSpells,0x1665a0,linkorder,corroborated,3,,,11,3
0x1be210,town::View,0x166688,linkorder,corroborated,2,,,4,2
0x1be2d0,town::Deallocate,0x166720,linkorder,corroborated,1,,,1,1
0x1be390,town::remove_garrison_hero,0x16682c,anchor-global,no-signal,0,,,2,0
0x1be450,town::SwapHeroes,0x166864,anchor-global,no-signal,0,,,2,0
0x1bede0,town::BuildBuilding,0x166fc8,anchor-global,corroborated,1,,,7,1
0x1bf210,town::update_shipyard,0x1671cc,linkorder,no-signal,0,,,1,0
0x1bf3c0,town::buy_building,0x167274,anchor-global,no-signal,0,,,9,0
0x1bf4e0,town::CanBuildDock,0x167378,linkorder,one-sided,0,town::can_build;town::can_ever_build;town::get_buildable_mask,,5,0
0x1bf4f0,town::CalcNumLevelArchers,0x167388,linkorder,no-signal,0,,,3,0
0x1bf570,town::get_castle_growth_bonus,0x1673dc,anchor-global,no-signal,0,,,3,0
0x1bf600,town::get_gold_income,0x167458,anchor-global,one-sided,0,,type_bottom_view_window::type_bottom_view_window,6,1
0x1c0d20,town::can_build,0x168504,anchor-global,one-sided,0,town::buy_building,,9,0
0x1c0e60,town::can_ever_build,0x16865c,anchor-global,no-signal,0,,,1,0
0x1c0f20,town::get_buildable_mask,0x168714,anchor-global,corroborated,1,,,4,1
0x1c1080,town::get_build_cost_array,0x1688a0,anchor-global,corroborated,1,total_artifact_value;town::buy_building;town::get_build_cost,,10,1
0x1c10f0,town::get_build_cost,0x1688f0,corroborates,no-signal,0,,,6,0
0x1c1180,town::get_build_cost,0x168910,linkorder,no-signal,0,,,1,0
0x1c1230,town::get_horde_effect,0x168970,linkorder,no-signal,0,,,2,0
0x1c1280,town::get_silo_income,0x1689dc,linkorder,disjoint-callers,0,town::get_gold_income,type_bottom_view_window::type_bottom_view_window,6,1
0x1c12a0,town::is_legal_building,0x1689ec,anchor-global,corroborated,1,town::CalcNumLevelArchers;town::can_build;town::can_ever_build,,15,1
0x1c14a0,town::UpgradedDwellingID,0x168c20,anchor-global,no-signal,0,,,1,0
0x1d2a40,GetBuildingInfo,0x174f78,anchor-global,no-signal,0,,,2,0
0x1f15a0,VictoryConditionStruct::applies_to_player,0x18fdc4,anchor-global,corroborated,1,,,3,1
0x1f1610,VictoryConditionStruct::CheckForArtifactWin,0x18fdf8,anchor-global,corroborated,1,,,2,1
0x1f1b10,VictoryConditionStruct::CheckForTotalCreatures,0x18fe98,anchor-global,corroborated,2,,,6,2
0x1f1c80,VictoryConditionStruct::CheckForTotalResources,0x18ff84,anchor-global,corroborated,2,,,7,2
0x1f1d40,VictoryConditionStruct::CheckForUpgradedTown,0x190038,anchor-global,corroborated,1,,,2,1
0x1f1ef0,VictoryConditionStruct::CheckForGrailBuildingWin,0x190124,anchor-global,no-signal,0,,,3,0
0x1f2100,VictoryConditionStruct::CheckForHeroDefeatWin,0x190244,anchor-global,no-signal,0,,,1,0
0x1f2160,VictoryConditionStruct::IsGrailTarget,0x1902c4,anchor-global,no-signal,0,,,1,0
0x1f2260,VictoryConditionStruct::IsTownCaptureTarget,0x190340,anchor-global,corroborated,1,,,1,1
0x1f22a0,VictoryConditionStruct::CheckForTownCaptureWin,0x19037c,anchor-global,corroborated,1,,,1,1
0x1f2390,VictoryConditionStruct::CheckForDefeatedMonsterWin,0x19040c,anchor-global,corroborated,1,,,3,1
0x1f2600,VictoryConditionStruct::CheckForFlaggedGeneratorWin,0x190488,anchor-global,corroborated,1,,,1,1
0x1f2720,VictoryConditionStruct::CheckForFlaggedMineWin,0x190538,anchor-global,corroborated,1,,,1,1
0x1f2860,VictoryConditionStruct::CheckForArtifactTransportWin,0x190620,anchor-global,corroborated,1,,,1,1
0x1f2a40,LossConditionStruct::CheckForDefeatedHeroLoss,0x1906d4,anchor-global,one-sided,0,,LossConditionStruct::HeroKilled,1,1
0x1f2e40,LossConditionStruct::CheckForDefeatedTownLoss,0x19074c,anchor-bracket,corroborated,1,,,1,1
0x1f2f20,LossConditionStruct::CheckForTimeLimitExpired,0x1907bc,anchor-global,no-signal,0,,,2,0
0x1fe7c0,widget::send_message,0x196f88,anchor-global,disjoint-callers,0,widget::set_visible,TAdventureMapWindow::HighlightLocators;TAdventureMapWindow::UpdateHeroLocator;TAdventureMapWindow::UpdateHeroLocators,32,3
0x1fe800,widget::Dim,0x196fc8,linkorder,no-signal,0,,,0,0
0x1fe840,widget::set_help_text,0x196ffc,anchor-global,one-sided,0,CHeroWindowEx::SetHelpText,,28,0
0x1fe9f0,heroWindow::heroWindow,0x197138,anchor-global,corroborated,1,CHeroWindowEx::CHeroWindowEx;TDialogBox::TDialogBox,TCampaignBrief::noexcept,18,2
0x1fea80,heroWindow::~heroWindow,0x1971d0,anchor-global,corroborated,3,,CAdvPopup::~CAdvPopup,19,4
0x1fecb0,heroWindow::AddWidget,0x197324,anchor-global,corroborated,1,TSplitWindow::TSplitWindow;TSubWindow::AddWidget,SplitSliderCallback;TCampaignBrief::noexcept,66,3
0x1fed60,heroWindow::RemoveWidget,0x1973b4,anchor-global,no-signal,0,,,8,0
0x1feed0,heroWindow::WidgetSetStatus,0x197570,anchor-global,disjoint-callers,0,advManager::CheckDimNextHeroBut;advManager::EnableButtons,TAdventureMapWindow::SetElevationToggleImage;TAdventureMapWindow::SetSleepImage;TAdventureMapWindow::UpdateHeroLocator;TAdventureMapWindow::UpdateHeroLocators;TAdventureMapWindow::UpdateTownLocator;TAdventureMapWindow::UpdateTownLocators,21,6
0x1fef60,heroWindow::WidgetClearStatus,0x19758c,anchor-global,disjoint-callers,0,advManager::CheckDimNextHeroBut;advManager::DisableButtons,TAdventureMapWindow::UpdateHeroLocator;TAdventureMapWindow::UpdateHeroLocators;TAdventureMapWindow::UpdateTownLocator;TAdventureMapWindow::UpdateTownLocators,14,4
0x1feff0,heroWindow::GetWidget,0x1975a8,anchor-global,corroborated,1,CHeroWindowEx::ProcessRightSelect;CHeroWindowEx::SetHelpText;heroWindow::BroadcastMessage;heroWindow::SetFocus,TAdventureMapWindow::SetSleepImage;TAdventureMapWindow::UpdateButtons;TAdventureMapWindow::UpdateQuestLogButton,104,4
0x1ff100,heroWindow::SaveBackground,0x19776c,anchor-global,no-signal,0,,,1,0
0x1ff1c0,heroWindow::RestoreBackground,0x1977dc,anchor-global,no-signal,0,,,1,0
0x1ff240,heroWindow::CenterWindow,0x19797c,anchor-global,disjoint-callers,0,advManager::DispatchEvent,advManager::do_event_whirlpool,4,1
0x1ff3b0,heroWindow::findWidget,0x197ad0,anchor-global,corroborated,1,,,11,1
0x1ff3e0,heroWindow::findWidgetPtr,0x197aec,anchor-global,corroborated,1,CHeroWindowEx::ProcessHover,CHeroWindowEx::ProcessRightSelect,2,2
0x1ff490,heroWindow::SetFocus,0x197c24,anchor-global,no-signal,0,,,20,0
0x1ff510,heroWindow::delete_widgets,0x197c8c,anchor-global,corroborated,1,,,9,1
0x1ff640,CHeroWindowEx::CHeroWindowEx,0x197d48,anchor-global,corroborated,1,,,5,1
0x1ff6b0,CHeroWindowEx::ProcessHover,0x197d9c,linkorder,no-signal,0,,,0,0
0x1ff6e0,CHeroWindowEx::ProcessRightSelect,0x197e58,linkorder,no-signal,0,,,2,0
0x1ff790,CHeroWindowEx::WindowHandler,0x197eb4,linkorder,no-signal,0,,,3,0
0x1ff820,CHeroWindowEx::OnWidgetDeselect,0x197f48,linkorder,no-signal,0,,,1,0
0x1ff8d0,CHeroWindowEx::GetRolloverWidget,0x197f4c,linkorder,no-signal,0,,,0,0
0x1ff8e0,CHeroWindowEx::SetHelpText,0x197f50,anchor-global,no-signal,0,,,3,0
0x202370,heroWindowManager::BroadcastMessage,0x19aa20,anchor-global,disjoint-callers,0,advManager::HideRoute;advManager::ShowRoute,advManager::DoAdvCommand;advManager::SetHeroContext;advManager::SetTownContext,10,3
0x202a40,heroWindowManager::DoQuickView,0x19b0fc,anchor-global,corroborated,1,,,9,1
0x202c50,heroWindowManager::FadeScreen,0x19b428,anchor-global,disjoint-callers,0,combatManager::DoVictory;executive::CallManager,Bitmap16Bit::Bitmap16Bit,15,1
