# MANUALLY MANAGED - reviewed rows; hand-owned after admission.
# Every verified function span in the pinned PEF code section; names
# come from source MAC_ADDRESS claims, the runtime maps and glue map.
# exe: Heroes PEF sha256=650be8880cfda81ffa7704ce3bcdb9c5a6528f67afdf77c0c0c63e8259250d86 size=3418835
# Offsets are relative to PEF code section 0; lowercase 0x hex.
offset	size
0x0	0x26c
0x26c	0x20
0x28c	0x20
0x2ac	0x69c
0x948	0x10
0x958	0xdc
0xa34	0x15e0
0x2014	0x6c
0x2080	0x60
0x20e0	0x7c
0x215c	0x4
0x2160	0x94
0x21f4	0x4c
0x2240	0x80
0x22c0	0x3c
0x22fc	0x220
0x251c	0x204
0x2720	0x2ec
0x2a0c	0x10
0x2a1c	0x94
0x2ab0	0x94
0x2b44	0x204
0x2d48	0x208
0x2f50	0x3a4
0x32f4	0x1ac
0x34a0	0x174
0x3614	0x2b0
0x38c4	0x80
0x3944	0x94
0x39d8	0xcc
0x3aa4	0xf4
0x3b98	0x54
0x3bec	0x30
0x3c1c	0x78
0x3c94	0x4c
0x3ce0	0xfc
0x3ddc	0x20
0x3dfc	0x78
0x3e74	0x118
0x3f8c	0x74
0x4000	0xd4
0x40d4	0x68
0x413c	0x78
0x41b4	0x8
0x41bc	0x8
0x41c4	0x154
0x4318	0x84
0x439c	0x78
0x4414	0x48
0x445c	0x64
0x44c0	0xa8
0x4568	0xdc
0x4644	0x84
0x46c8	0xe8
0x47b0	0x10c
0x48bc	0x8
0x48c4	0x8
0x49bc	0x78
0x4d90	0x1c0
0x4f50	0xc
0x4f5c	0xf8
0x5054	0x828
0x587c	0xac
0x5928	0x84
0x59ac	0x220
0x5bcc	0x4c
0x5c18	0x2c
0x5c44	0x1c0
0x5e04	0xe8
0x5eec	0x8
0x5ef4	0xa0
0x5f94	0x2c
0x5fc0	0x24
0x5fe4	0x20
0x6004	0x498
0x649c	0x1ac
0x6648	0x5c
0x66a4	0x8
0x66ac	0x1e4
0x6890	0x794
0x7024	0x3a8
0x73cc	0x84
0x7450	0x4
0x7454	0x4
0x7458	0x4
0x745c	0x5c
0x74b8	0x8
0x74c0	0x84c
0x7d0c	0x3f4
0x8100	0x8
0x8108	0x78
0x8180	0x78
0x81f8	0x60
0x8258	0xa44
0x8c9c	0x4a8
0x9144	0x8ec
0x9a30	0x23c
0x9c6c	0x5d4
0xa240	0x59c
0xa7dc	0x648
0xae24	0x6c
0xae90	0x98
0xaf28	0xf0
0xb018	0x290
0xb2a8	0x19c
0xb444	0x184
0xb5c8	0x1c0
0xb788	0x1c0
0xb948	0x100
0xba48	0x100
0xbb48	0x114
0xbc5c	0x114
0xbd70	0x1a4
0xbf14	0x14
0xbf28	0x54
0xbf7c	0x158
0xc0d4	0x80
0xc154	0x94
0xc1e8	0x1eb4
0xe09c	0x368
0xe404	0xd4
0xe4d8	0x110
0xe5e8	0xa94
0xf07c	0xc
0xf088	0x668
0xf6f0	0xb8
0xf7a8	0x1a0
0xf948	0x5e0
0xff28	0x4c
0xff74	0x31c
0x10290	0x13c
0x103cc	0x70
0x1043c	0x130
0x1056c	0x560
0x10acc	0x57c
0x11048	0x2a8
0x112f0	0x2a8
0x11598	0xa08
0x11fa0	0x680
0x12620	0x1cc
0x127ec	0x1d8
0x129c4	0x19c
0x12b60	0x198
0x12cf8	0x2d0
0x12fc8	0x40c
0x133d4	0x324
0x136f8	0x78
0x13770	0xbc
0x1382c	0xd74
0x145a0	0x48
0x145e8	0x1fe0
0x165c8	0x38
0x16600	0xb0
0x166b0	0x1b4
0x16864	0x88
0x168ec	0xa4
0x16990	0x8c
0x16a1c	0x94
0x16ab0	0x74
0x16b24	0x8c
0x16bb0	0x98
0x16c48	0x88
0x16cd0	0x88
0x16d58	0xcc
0x16e24	0x1e8
0x1700c	0x638
0x17644	0x16c
0x177b0	0x388
0x17b38	0x18c
0x17cc4	0x54
0x17d18	0x60
0x17d78	0xe0
0x17e58	0x14c
0x17fa4	0x27c
0x18220	0x594
0x187b4	0x288
0x18a3c	0x290
0x18ccc	0x6c
0x18d38	0x55c
0x19294	0x1ec
0x19480	0x3c8
0x19848	0x110
0x19958	0xc8
0x19a20	0x78
0x19a98	0x148
0x19be0	0x68
0x19c48	0x208
0x19e50	0x1a0
0x19ff0	0x84
0x1a074	0x2d4
0x1a348	0x170
0x1a4b8	0x39c
0x1a854	0xcc
0x1a920	0x378
0x1ac98	0x11c
0x1adb4	0x11c
0x1aed0	0x300
0x1b1d0	0x160
0x1b330	0xd8
0x1b408	0x2b0
0x1b6b8	0xe0
0x1b798	0x12c
0x1b8c4	0x1f0
0x1bab4	0x244
0x1bcf8	0x34
0x1bd2c	0x34
0x1bd60	0xa0
0x1be00	0x60
0x1be60	0x9c
0x1befc	0x30
0x1bf2c	0x108
0x1c034	0x60
0x1c094	0x250
0x1c388	0xf8
0x1c480	0x80
0x1c500	0x128
0x1c628	0xc8
0x1c6f0	0xa0
0x1c790	0x38
0x1c7c8	0x64
0x1c82c	0xe4
0x1c910	0x350
0x1cc60	0xf8
0x1cd58	0x14
0x1cd6c	0x218
0x1cf84	0x224
0x1d1a8	0x1bc
0x1d364	0x650
0x1d9b4	0x310
0x1dcc4	0x404
0x1e0c8	0x6c0
0x1e788	0x10
0x1e798	0x138
0x1e8d0	0x128
0x1e9f8	0xc8
0x1eac0	0x160
0x1ec20	0x4d4
0x1f0f4	0x1c0
0x1f2b4	0x3b0
0x1f664	0x210
0x1f874	0x7e4
0x20058	0x128
0x20180	0x114
0x20294	0x84
0x20318	0x2ac
0x205c4	0x3cc
0x20990	0x124
0x20ab4	0xe0
0x20b94	0x2b4
0x20e48	0x14c
0x20f94	0x15c
0x210f0	0x3cc
0x214bc	0xd8
0x21594	0x254
0x217e8	0x78
0x21860	0x23c
0x21a9c	0x124
0x21bc0	0x100
0x21cc0	0x27c
0x21f3c	0x84
0x21fc0	0x424
0x223e4	0x1ec
0x225d0	0x1ac
0x2277c	0x248
0x229c4	0x28c
0x22c50	0x68
0x22cb8	0x1ac
0x22e64	0x130
0x22f94	0x2e4
0x23278	0x148
0x233c0	0x160
0x23520	0xdc
0x235fc	0x128
0x23724	0xbb0
0x242d4	0x124
0x243f8	0x1ec
0x245e4	0x110
0x246f4	0x1f0
0x248e4	0x120
0x24a04	0xc4
0x24ac8	0x1f0
0x24cb8	0x140
0x24df8	0x22c
0x25024	0xdc
0x25100	0x2d4
0x253d4	0x170
0x25544	0x4bc
0x25a00	0x64
0x25a64	0x184
0x25be8	0xbc
0x25ca4	0x3c
0x25ce0	0x1c0
0x25ea0	0xcc
0x25f6c	0x10c
0x26078	0x15c
0x261d4	0x54
0x26228	0x140
0x26368	0x48
0x263b0	0x218
0x265c8	0x5c
0x26624	0x8
0x2662c	0x48c
0x26ab8	0x138
0x26bf0	0x64
0x26c54	0x130
0x26d84	0x64
0x26de8	0x110
0x26ef8	0xb4
0x26fac	0xb8
0x27064	0x12c
0x27190	0xc4
0x27254	0xc8
0x2731c	0x130
0x2744c	0x4c
0x27498	0xa0
0x27538	0x84
0x275bc	0xbc
0x27678	0xa8
0x27720	0x160
0x27880	0xd8
0x27958	0x114
0x27a6c	0xb8
0x27b24	0x64
0x27b88	0x3c0
0x27f48	0xa8
0x27ff0	0x140
0x28130	0x120
0x28250	0x74
0x282c4	0xf4
0x283b8	0x13c
0x284f4	0x84
0x28578	0x8c
0x28604	0x84
0x28688	0x124
0x287ac	0x2d0
0x28a7c	0x60
0x28adc	0x8
0x28ae4	0x14
0x28af8	0x4
0x28afc	0xf4
0x28bf0	0xdc
0x28ccc	0x130
0x28dfc	0x204
0x29000	0x158
0x29158	0x144
0x2929c	0x450
0x296ec	0x24
0x29710	0x80
0x29790	0x280
0x29a10	0xc4
0x29ad4	0xd0
0x29ba4	0x64
0x29c08	0x3a4
0x2a348	0x418
0x2a760	0x20
0x2a780	0x12c
0x2a8ac	0x128
0x2a9d4	0x14
0x2a9e8	0x38
0x2aa20	0x1c0
0x2abe0	0x238
0x2ae18	0x10
0x2ae28	0x1d0
0x2aff8	0x44
0x2b03c	0x1ac
0x2b1e8	0x8
0x2b1f0	0x10
0x2b200	0x38
0x2b238	0x4
0x2b23c	0x8
0x2b244	0xc0
0x2b304	0x68
0x2b36c	0x78
0x2b3e4	0x58
0x2b43c	0x704
0x2bb40	0x5c
0x2bb9c	0x8
0x2bba4	0x3a8
0x2bf4c	0x6e0
0x2c62c	0x1c4
0x2c7f0	0x1b0
0x2c9a0	0x38
0x2c9d8	0x2ac
0x2cc84	0x138
0x2cdbc	0x190
0x2cf4c	0xf0
0x2d03c	0x3a8
0x2d3e4	0x94
0x2d478	0x1bc
0x2d634	0x40
0x2d674	0x124
0x2d798	0x17c
0x2d914	0x1b8
0x2dacc	0x290
0x2dd5c	0x10c
0x2de68	0xf4
0x2df5c	0x13c
0x2e098	0x11c
0x2e1b4	0x284
0x2e438	0x148
0x2e580	0x424
0x2e9a4	0x124
0x2eac8	0x290
0x2ed58	0x420
0x2f178	0x94
0x2f20c	0x60
0x2f26c	0x3f4
0x2f660	0x214
0x2f874	0x100
0x2f974	0x1c
0x2f990	0x78
0x2fa08	0xc8
0x2fad0	0xe0
0x2fbb0	0x190
0x2fd40	0x5c
0x2fd9c	0xc4
0x2fe60	0x19c
0x2fffc	0x11c
0x30118	0x198
0x302b0	0x3d4
0x30684	0xe8
0x3076c	0x5c
0x307c8	0x8
0x307d0	0x90
0x30860	0x94
0x308f4	0xa8
0x3099c	0x6c
0x30a08	0x2a0
0x30ca8	0xa4
0x30d4c	0x194
0x30ee0	0x94
0x30f74	0x1dc
0x31150	0xf8
0x31248	0x258
0x314a0	0x60
0x31500	0x1f4
0x316f4	0x118
0x3180c	0x4b4
0x31cc0	0x2bc
0x31f7c	0x558
0x324d4	0x5bc
0x32a90	0x454
0x32ee4	0x414
0x332f8	0x71c
0x33a14	0x5c
0x33a70	0x8
0x33a78	0x80
0x33af8	0x300
0x33df8	0x1a8
0x33fa0	0x104
0x340a4	0x574
0x34618	0xbc
0x346d4	0x938
0x3500c	0x5c
0x35068	0x8
0x35070	0x770
0x357e0	0x84
0x35864	0xa8
0x3590c	0x528
0x35e34	0x84
0x35eb8	0xc4
0x35f7c	0x14c
0x360c8	0x12c
0x361f4	0x240
0x36434	0x314
0x36748	0x4b4
0x36bfc	0xc
0x36c08	0x48
0x36c50	0x48
0x36c98	0x28
0x36cc0	0x48
0x36d08	0x50
0x36d58	0x38
0x36d90	0x60
0x36df0	0x60
0x36e50	0x38
0x36e88	0x20
0x36ea8	0x38
0x36ee0	0x20
0x36f00	0x38
0x36f38	0xfc
0x37034	0x38
0x3706c	0x6c
0x370d8	0x34
0x3710c	0x38
0x37144	0x54
0x37198	0x38
0x371d0	0x78
0x37248	0x38
0x37280	0xc4
0x37344	0x38
0x3737c	0xc4
0x37440	0x38
0x37478	0x6c
0x374e4	0x20
0x37504	0x4c
0x37550	0x1e4
0x37734	0x48
0x3777c	0x110
0x3788c	0x38
0x378c4	0xe4
0x379a8	0x38
0x379e0	0xe4
0x37ac4	0x4c
0x37b10	0x130
0x37c40	0x58
0x37c98	0x64
0x37cfc	0x58
0x37d54	0x278
0x37fcc	0x48
0x38014	0xd4
0x380e8	0x38
0x38120	0x70
0x38190	0x3c
0x381cc	0x6c
0x38238	0x26c
0x384a4	0x3c
0x384e0	0x104
0x385e4	0x58
0x3863c	0x160
0x3879c	0x428
0x38bc4	0x130
0x38cf4	0xc4
0x38db8	0x244
0x38ffc	0x100
0x390fc	0x248
0x39344	0xb8
0x393fc	0x164
0x39560	0xc4
0x39624	0x64
0x39688	0x88
0x39710	0x60
0x39770	0x60
0x397d0	0x78
0x39848	0x78
0x398c0	0x6c
0x3992c	0x60
0x3998c	0x60
0x399ec	0x60
0x39a4c	0x6c
0x39ab8	0x60
0x39b18	0x60
0x39b78	0x60
0x39bd8	0x78
0x39c50	0x78
0x39cc8	0x6c
0x39d34	0x6c
0x39da0	0x6c
0x39e0c	0x6c
0x39e78	0x78
0x39ef0	0x6c
0x39f5c	0x60
0x39fbc	0x228
0x3a1e4	0x1d0
0x3a3b4	0x408
0x3a7bc	0xcc
0x3a888	0x394
0x3ac1c	0xb0
0x3accc	0x98
0x3ad64	0xa8
0x3ae0c	0xf0
0x3aefc	0xb0
0x3afac	0xc0
0x3b06c	0x3c
0x3b0a8	0x64
0x3b10c	0x3c
0x3b148	0x64
0x3b1ac	0x64
0x3b210	0xe4
0x3b2f4	0xe4
0x3b3d8	0x1dc
0x3b5b4	0x1bc
0x3b770	0xcc
0x3bd98	0x2b0
0x3c048	0x20
0x3c068	0x7c
0x3c0e4	0xb8
0x3c19c	0xb8
0x3c254	0x108
0x3c35c	0x14
0x3c370	0x100
0x3c470	0x14
0x3c484	0x148
0x3c5cc	0x14
0x3c5e0	0x118
0x3c6f8	0x14
0x3c70c	0x38
0x3c744	0x1f0
0x3c934	0x30
0x3c964	0x84
0x3c9e8	0x40
0x3ca28	0x4
0x3ca2c	0xd8
0x3cb04	0x1a0
0x3cca4	0x28
0x3cccc	0x28
0x3ccf4	0x184
0x3ce78	0x160
0x3cfd8	0x44
0x3d01c	0xc0
0x3d0dc	0x19c
0x3d278	0x108
0x3d380	0x7c
0x3d3fc	0x1dc
0x3d5d8	0x144
0x3d71c	0x290
0x3d9ac	0xe4
0x3da90	0x1f0
0x3dc80	0x6c
0x3dcec	0x384
0x3e070	0x1a0
0x3e210	0x1c
0x3e22c	0x28
0x3e254	0x58
0x3e2ac	0x48
0x3e2f4	0x3c
0x3e330	0xec
0x3e41c	0x84
0x3e4a0	0x88
0x3e528	0xd8
0x3e600	0x1d4
0x3e7d4	0x234
0x3ea08	0x84
0x3ea8c	0x98
0x3eb24	0xc4
0x3ebe8	0x100
0x3ece8	0x100
0x3ede8	0x148
0x3ef30	0xe8
0x3f018	0xc0
0x3f0d8	0x58
0x3f130	0x148
0x3f278	0x9c
0x3f314	0xe8
0x3f3fc	0x174
0x3f570	0x598
0x3fb08	0x74
0x3fb7c	0x68
0x3fbe4	0x68
0x3fc4c	0xd0
0x3fd1c	0x14c
0x3fe68	0x1e8
0x40050	0x1a0
0x401f0	0x1d0
0x403c0	0x5a0
0x40960	0x174
0x40ad4	0xcc
0x40ba0	0xd0
0x40c70	0xd4
0x40d44	0xd4
0x40e18	0xe8
0x40f00	0x50
0x40f50	0x1c4
0x41114	0x114
0x41228	0x1c0
0x413e8	0x1d8
0x415c0	0x8c
0x4164c	0x330
0x4197c	0x8c
0x41a08	0x16c
0x41b74	0x64
0x41bd8	0x2d8
0x41eb0	0x58
0x41f08	0x58
0x41f60	0x6c
0x41fcc	0x6c
0x42038	0x94
0x420cc	0x18c
0x42258	0x4f0
0x42748	0x61c
0x42d64	0x538
0x4329c	0x520
0x437bc	0x20c
0x439c8	0x1ac
0x43b74	0xf0
0x43c64	0xdc
0x43d40	0x228
0x43f68	0x2cc
0x44234	0x1dc
0x44410	0x218
0x44628	0x2e0
0x44908	0x274
0x44b7c	0x134
0x44cb0	0xe4
0x44d94	0x1f8
0x44f8c	0x1e0
0x4516c	0x8
0x45174	0x500
0x45674	0x330
0x459a4	0xb0
0x45a54	0x22c
0x45c80	0x190
0x45e10	0x84
0x45e94	0xa0
0x45f34	0x244
0x46178	0xd8
0x46250	0x140
0x46390	0x198
0x46528	0xb0
0x465d8	0x8c
0x46664	0x350
0x469b4	0x54
0x46a08	0x1e8
0x46bf0	0x1c
0x46c0c	0x10
0x46c1c	0x240
0x46e5c	0x3c
0x46e98	0x60
0x46ef8	0x5c
0x46f54	0x100
0x47054	0x278
0x472cc	0x204
0x474d0	0x18c
0x4765c	0xdc
0x47738	0x114
0x4784c	0xdc
0x47928	0x1c
0x47944	0x10
0x47954	0x114
0x47a68	0x1c8
0x47c30	0x28
0x47c58	0x348
0x47fa0	0x9c4
0x48964	0x14
0x48978	0x1c0
0x48b38	0x1ac
0x48ce4	0xc
0x48cf0	0x140
0x48e30	0x2c
0x48e5c	0x68
0x48ec4	0x68
0x48f2c	0x6c
0x48f98	0x70
0x49008	0x100
0x49108	0x1d8
0x492e0	0x13c
0x4941c	0x774
0x49b90	0x150
0x49ce0	0x1f4
0x49ed4	0x810
0x4a6e4	0xcc
0x4a7b0	0xdc
0x4a88c	0x78
0x4a904	0x180
0x4aa84	0xa8
0x4ab2c	0xc4
0x4abf0	0x118
0x4ad08	0x8c
0x4ad94	0x20c
0x4afa0	0x68c
0x4b62c	0x6e4
0x4bd10	0x1a0
0x4beb0	0x60
0x4bf10	0x60
0x4bf70	0x1fc
0x4c16c	0x440
0x4c5ac	0x258
0x4c804	0xa84
0x4d288	0x638
0x4d8c0	0x36c
0x4dc2c	0x44
0x4dc70	0x3a4
0x4e014	0x160
0x4e174	0x160
0x4e2d4	0x48
0x4e31c	0x17c
0x4e498	0x50
0x4e4e8	0x34
0x4e51c	0x1c
0x4e538	0xe4
0x4e61c	0xd8
0x4e6f4	0xdc
0x4e7d0	0x70
0x4e840	0x118
0x4e958	0x94
0x4e9ec	0x30c
0x4ecf8	0x12c
0x4ee24	0x114
0x4ef38	0x68
0x4efa0	0x5c
0x4effc	0x30
0x4f02c	0x204
0x4f230	0x530
0x4f760	0x358
0x4fab8	0x8
0x4fac0	0x244
0x4fd04	0x88
0x4fd8c	0xf4
0x4fe80	0x134
0x4ffb4	0x98
0x5004c	0xac
0x500f8	0x338
0x50430	0x7c
0x504ac	0xd4
0x50580	0x3b4
0x50934	0x188
0x50abc	0xdc
0x50b98	0x8c
0x50c24	0x68
0x50c8c	0x7a8
0x51434	0x98
0x514cc	0x1d0
0x5169c	0x118
0x517b4	0xac
0x51860	0x108
0x51968	0x16c
0x51ad4	0x1b4
0x51c88	0x20
0x51ca8	0xac
0x51d54	0x13c
0x51e90	0x114
0x51fa4	0x64c
0x525f0	0x164
0x52754	0x2c
0x52780	0x24
0x527a4	0x1c
0x527c0	0x48
0x52808	0x6c
0x52874	0x38
0x528ac	0x8c
0x52938	0x174
0x52aac	0x15c
0x52c08	0x420
0x53028	0x374
0x5339c	0x300
0x5369c	0x15c
0x537f8	0x100
0x538f8	0x144
0x53a3c	0x18c
0x53bc8	0x338
0x53f00	0xc4
0x53fc4	0x70
0x54034	0x134
0x54168	0x134
0x5429c	0x54
0x542f0	0x17c
0x5446c	0xac
0x54518	0x44
0x5455c	0x68
0x545c4	0xd8
0x5469c	0x64
0x54700	0x1f4
0x548f4	0x4f0
0x54de4	0x5c
0x54e40	0xd8
0x54f18	0xa0
0x54fb8	0x70
0x55028	0x6c
0x55094	0x120
0x551b4	0x758
0x5590c	0x3c
0x55948	0x9c
0x55c88	0x28
0x55cb0	0x34
0x55ce4	0x54
0x55ffc	0x268
0x56264	0x18
0x5627c	0x8
0x56284	0x10
0x56294	0x1c0
0x56454	0x94
0x564e8	0xf4
0x565dc	0x50
0x5662c	0xb2c
0x57158	0xac
0x57204	0x318
0x5751c	0x118
0x57634	0x280
0x578b4	0x108
0x579bc	0x574
0x57f30	0x90
0x57fc0	0x90
0x58050	0x30
0x58080	0x8c
0x5810c	0x40
0x5814c	0x48
0x58194	0x48
0x581dc	0x1c
0x581f8	0x94
0x5828c	0x17c
0x58408	0xcc
0x584d4	0x54
0x58528	0x7c
0x585a4	0x16c
0x58710	0x3c
0x5874c	0x94
0x587e0	0x94
0x58874	0xd0
0x58944	0x21c
0x58b60	0x270
0x58dd0	0x178
0x58f48	0x178
0x590c0	0x140
0x59200	0x3c4
0x595c4	0x170
0x59734	0x714
0x59e48	0x3a8
0x5a1f0	0x90
0x5a280	0xc
0x5a28c	0xe8
0x5a374	0x1c0
0x5a534	0xdc
0x5a610	0xfc
0x5a70c	0x7ec
0x5aef8	0x60
0x5af58	0x74
0x5afcc	0x1c
0x5afe8	0xc
0x5aff4	0x20
0x5b014	0xe4
0x5b0f8	0xe8
0x5b1e0	0xe8
0x5b2c8	0x93c
0x5bc04	0x5c
0x5bc60	0x1c0
0x5be20	0xc4
0x5bee4	0xc0
0x5bfa4	0x7c
0x5c020	0xc
0x5c02c	0x68
0x5c094	0x64
0x5c0f8	0x158
0x5c250	0xf8
0x5c348	0xec
0x5c434	0x11c
0x5c550	0x1a8
0x5c6f8	0x10c
0x5c804	0x1b0
0x5c9b4	0x328
0x5ccdc	0x1c0
0x5ce9c	0xc4
0x5cf60	0x70
0x5cfd0	0x3c
0x5d00c	0x210
0x5d21c	0xc
0x5d228	0x2f8
0x5d520	0x1c8
0x5d6e8	0x248
0x5d930	0x1c0
0x5daf0	0xc4
0x5dbb4	0x88
0x5dc3c	0xf8
0x5dd34	0x21c
0x5df50	0x44
0x5df94	0x40
0x5dfd4	0xc
0x5dfe0	0x34
0x5e014	0x24
0x5e038	0x4c
0x5e084	0x1c0
0x5e244	0x38
0x5e27c	0x50
0x5e2cc	0x60
0x5e32c	0x20
0x5e34c	0x230
0x5e57c	0x8
0x5e584	0x4
0x5e588	0x4
0x5e58c	0x88
0x5e614	0x4
0x5e618	0xa4
0x5e6bc	0xe4
0x5e7a0	0x9c
0x5e83c	0x7c
0x5e8b8	0x7c
0x5e934	0x70
0x5e9a4	0x1c
0x5e9c0	0x1c
0x5e9dc	0x6c
0x5ea48	0x74
0x5eabc	0x50
0x5eb0c	0xd8
0x5ebe4	0x9c
0x5ec80	0x7c
0x5ecfc	0x4
0x5ed00	0x8c
0x5ed8c	0x78
0x5ee04	0x1c
0x5ee20	0x1c
0x5ee3c	0x74
0x5eeb0	0xb0
0x5ef60	0x4
0x5ef64	0x4
0x5ef68	0x60
0x5efc8	0x1c0
0x5f188	0x68
0x5f1f0	0xcc
0x5f2bc	0x4
0x5f2c0	0x400
0x5f6c0	0xe4
0x5f7a4	0x41c
0x5fbc0	0x214
0x5fdd4	0x9b4
0x60788	0xcac
0x61434	0x8a4
0x61cd8	0x5fc
0x622d4	0x98
0x6236c	0x2ec
0x62658	0x60
0x626b8	0x60
0x62718	0x60
0x62778	0x60
0x627d8	0x60
0x62838	0x60
0x62898	0x60
0x628f8	0x1c0
0x62ab8	0xb0
0x62b68	0x84
0x62bec	0x80
0x62c6c	0x12c
0x62d98	0x9c
0x62e34	0x60
0x62e94	0xd4
0x62f68	0x554
0x634bc	0x124
0x635e0	0xd8
0x636b8	0xc
0x636c4	0xc
0x636d0	0x4
0x636d4	0x110
0x637e4	0x4
0x637e8	0x54
0x6383c	0x20
0x6385c	0xd4
0x63930	0x74
0x639a4	0xf4
0x63a98	0x6c
0x63b04	0x90
0x63b94	0x60
0x63bf4	0x1c0
0x63db4	0x290
0x64044	0x228
0x6426c	0x8
0x64274	0x94
0x64308	0x94
0x6439c	0xb0
0x6444c	0x88
0x644d4	0xb0
0x64584	0x19c
0x64720	0x984
0x650a4	0x2f0
0x65394	0x3c
0x653d0	0x148
0x65518	0x1b5c
0x67074	0x24
0x67098	0x24
0x670bc	0x10
0x670cc	0x60
0x6712c	0x68
0x67194	0x80
0x67214	0x8
0x6721c	0x5c
0x67278	0x58
0x672d0	0x14
0x672e4	0xa0
0x67384	0xac
0x67430	0x168
0x67598	0xb0
0x67648	0x104
0x6774c	0x24
0x67770	0x5c
0x677cc	0x8
0x677d4	0x164
0x67938	0x68
0x679a0	0x50
0x679f0	0x838
0x68228	0x24
0x6824c	0x94
0x682e0	0x1c
0x682fc	0x19c
0x68498	0x1f0
0x68688	0x80
0x68708	0xcc
0x687d4	0x28
0x687fc	0x118
0x68914	0x16c
0x68a80	0x300
0x68d80	0x14
0x68d94	0x4
0x68d98	0x8
0x68da0	0x4
0x68da4	0x64
0x68e08	0x64
0x68e6c	0x64
0x68ed0	0x70
0x68f40	0x38
0x68f78	0x50
0x69074	0x8c
0x69284	0x58
0x692dc	0xa8
0x694f0	0x14
0x69504	0x70
0x69574	0x1c0
0x69734	0x424
0x69b58	0x74
0x69bcc	0x1c0
0x69d8c	0x60
0x69dec	0x190
0x69f7c	0xb58
0x6aad4	0x8
0x6aadc	0x8
0x6aae4	0x8
0x6aaec	0x8
0x6aaf4	0xc8
0x6abbc	0x18c
0x6ad48	0x58
0x6ada0	0x318
0x6b0b8	0x29c
0x6b354	0x29c
0x6b5f0	0x20c
0x6b7fc	0x64
0x6b860	0x64
0x6b8c4	0x64
0x6b928	0x3c
0x6b964	0x74
0x6b9d8	0x74
0x6ba4c	0x94
0x6bae0	0x1b4
0x6bd4c	0x3e4
0x6c680	0x64
0x6c6e4	0x64
0x6c748	0x70
0x6c7b8	0x38
0x6c7f0	0x1c0
0x6c9b0	0x70
0x6ca20	0x108
0x6cb28	0xa14
0x6d53c	0x74c
0x6dc88	0x1c0
0x6de48	0x150
0x6df98	0x94
0x6e02c	0x10
0x6e03c	0x5c
0x6e098	0x8
0x6e0a0	0x64
0x6e104	0x38
0x6e13c	0x4
0x6e140	0xe0
0x6e220	0x5c4
0x6e7e4	0x154
0x6e938	0x1d0
0x6eb08	0x164
0x6ec6c	0x420
0x6f08c	0x2c
0x6f0b8	0x330
0x6f3e8	0x484
0x6f86c	0x6c
0x6f8d8	0x1fc
0x6fad4	0x128
0x6fbfc	0x108
0x6fd04	0x2c4
0x6ffc8	0x110
0x700d8	0x2fc
0x703d4	0x204
0x705d8	0x1d8
0x707b0	0x208
0x709b8	0x1bc
0x70b74	0x328
0x70e9c	0x508
0x713a4	0x170
0x71514	0x264
0x71778	0xac
0x71824	0x164
0x71988	0x408
0x71d90	0xc0
0x71e50	0xd8
0x71f28	0x88
0x71fb0	0x294
0x72244	0x10
0x72254	0x64
0x722b8	0x818
0x72ad0	0x1d0
0x72ca0	0xb8
0x72d58	0x130
0x72e88	0x234
0x730bc	0x26c
0x73328	0xa8
0x733d0	0xdc
0x734ac	0xd0
0x7357c	0x94
0x73610	0x34
0x73644	0x38
0x7367c	0xfc
0x73778	0x114
0x7388c	0x134
0x739c0	0x284
0x73c44	0x488
0x740cc	0x588
0x74654	0x5c4
0x74c18	0x7c
0x74c94	0x7c
0x74d10	0xbc
0x74dcc	0x120
0x74eec	0xb30
0x75a1c	0xc0
0x75adc	0x160
0x75c3c	0x9c
0x75cd8	0x138
0x75e10	0x108
0x75f18	0x214
0x7612c	0x60
0x7618c	0x78
0x76204	0x2c0
0x764c4	0xd4
0x76598	0x144
0x766dc	0x114
0x767f0	0xf0
0x768e0	0x8
0x768e8	0x8
0x768f0	0x1a4
0x76a94	0xdc
0x76b70	0x58
0x76bc8	0xac
0x76c74	0x7c
0x76cf0	0x15c
0x76e4c	0x50
0x76e9c	0x54
0x76ef0	0x64
0x76f54	0x28
0x76f7c	0xc0
0x7703c	0xa0
0x770dc	0x3c
0x77118	0x64
0x7717c	0x118
0x77294	0x14
0x772a8	0xf8
0x773a0	0x14
0x773b4	0x2a8
0x7765c	0x894
0x77ef0	0xcc
0x77fbc	0x4
0x77fc0	0x4
0x77fc4	0xdc
0x780a0	0x3f8
0x78498	0x84
0x7851c	0x60
0x7857c	0x4
0x78580	0x5c
0x785dc	0x20
0x785fc	0x2d8
0x788d4	0x60
0x78934	0x50
0x78984	0xd0c
0x79690	0xb0
0x79740	0x29c
0x799dc	0xd0
0x79aac	0x80
0x79b2c	0x10ec
0x7ac18	0xb0
0x7acc8	0x3b4
0x7b07c	0xcc
0x7b148	0x80
0x7b1c8	0x28
0x7b1f0	0x1c0
0x7b3b0	0x2068
0x7d418	0xb4
0x7d4cc	0x40
0x7d50c	0x60
0x7d56c	0x78
0x7d5e4	0x34
0x7d618	0x34
0x7d64c	0x34
0x7d680	0x6f4
0x7dd74	0x4c
0x7ddc0	0x1c0
0x7df80	0x1aec
0x7fa6c	0xb4
0x7fb20	0x98
0x7fbb8	0x44
0x7fbfc	0x34
0x7fc30	0x104
0x7fd34	0x1c0
0x7fef4	0x198
0x8008c	0x52c
0x805b8	0x84
0x8063c	0x6c
0x806a8	0x1ec
0x80894	0xe0
0x80974	0xb4
0x80a28	0x4c
0x80a74	0x68
0x80adc	0x6c
0x80b48	0x110
0x80c58	0x58
0x80cb0	0x4c
0x80cfc	0x4c
0x80d48	0x400
0x81148	0xc0
0x81208	0x8c
0x81294	0x84
0x81318	0x98
0x813b0	0x44
0x813f4	0x78
0x8146c	0x118
0x81584	0xb0
0x81634	0x78
0x816ac	0x78
0x81724	0xf8
0x8181c	0x60
0x8187c	0x148
0x81b44	0x1c0
0x81d04	0x3f8
0x820fc	0x1b8
0x822b4	0xd0
0x82384	0x78
0x823fc	0x39c
0x82798	0x1c
0x827b4	0x5c
0x82810	0x4a0
0x82cb0	0x1e8
0x82e98	0x24
0x82ebc	0x64
0x82f20	0x28c
0x831ac	0xc64
0x83e10	0x274
0x84084	0x238
0x842bc	0x15c
0x84418	0x98
0x844b0	0x84
0x84534	0x5a4
0x84ad8	0x200
0x84cd8	0x308
0x84fe0	0x2a0
0x85280	0x14c
0x853cc	0x6e4
0x85ab0	0x5c
0x85b0c	0x8
0x85b14	0x184
0x85c98	0xd4
0x85d6c	0xcc
0x85e38	0xf0
0x85f28	0x258
0x86180	0xfc
0x8627c	0x10c
0x86388	0x3c4
0x8674c	0x5ac
0x86cf8	0xb4
0x86dac	0x1f8
0x86fa4	0x22c
0x871d0	0xb3c
0x87d0c	0x164
0x87e70	0xa4
0x87f14	0x44
0x87f58	0xec
0x88044	0x2f0
0x88334	0xe0
0x88414	0x190
0x885a4	0x16c
0x88710	0x1c0
0x888d0	0x70
0x88940	0x3c
0x8897c	0x24
0x889a0	0x6c
0x88a0c	0x64
0x88a70	0x37c
0x88dec	0x320
0x8910c	0x30
0x8913c	0x30
0x8916c	0x30
0x8919c	0x54
0x891f0	0xc
0x891fc	0x1c0
0x893bc	0x19c
0x89558	0x1ac
0x89704	0x9c
0x897a0	0x348
0x89ae8	0x98
0x89b80	0xf0
0x89c70	0x14
0x89c84	0x64
0x89ce8	0x38
0x89d20	0x1e8
0x89f08	0x30
0x89f38	0x58
0x89f90	0x54
0x89fe4	0x30
0x8a014	0x118
0x8a12c	0x5c
0x8a188	0x34
0x8a1bc	0x1c0
0x8a37c	0xd4
0x8a450	0x108
0x8a558	0x7c
0x8a5d4	0x30
0x8a604	0x80
0x8a684	0xa8
0x8a72c	0x1c
0x8a748	0x24
0x8a76c	0xa4
0x8a810	0x8
0x8a818	0xb4
0x8a8cc	0x94
0x8a960	0x94
0x8a9f4	0x84
0x8aa78	0x8c
0x8ab04	0x94
0x8ab98	0x94
0x8ac2c	0x94
0x8acc0	0xe4
0x8ada4	0xac
0x8ae50	0x9c
0x8aeec	0xac
0x8af98	0xa4
0x8b03c	0x50
0x8b08c	0x1c0
0x8b24c	0xc8
0x8b314	0xd4
0x8b3e8	0x70
0x8b458	0x2ac
0x8b704	0xc
0x8b710	0x430
0x8bb40	0x6f4
0x8c234	0x460
0x8c694	0x450
0x8cae4	0x440
0x8cf24	0x834
0x8d758	0x7a0
0x8def8	0x44c
0x8e344	0x1d0
0x8e514	0x60
0x8e574	0xc4
0x8e638	0x37c
0x8e9b4	0x198
0x8eb4c	0x404
0x8ef50	0x28
0x8ef78	0xd0
0x8f048	0x268
0x8f2b0	0x108
0x8f3b8	0x1e8
0x8f5a0	0x1578
0x90b18	0x1a4
0x90cbc	0x130
0x90dec	0x3f8
0x911e4	0x1bc
0x913a0	0x64
0x91404	0x64
0x91468	0x68
0x914d0	0x84
0x91554	0x6c
0x915c0	0x148
0x91708	0xa0
0x917a8	0xb4
0x9185c	0x34
0x91890	0x34
0x918c4	0x34
0x918f8	0x54
0x9194c	0xa4
0x919f0	0x4c
0x91a3c	0x1c0
0x91bfc	0x30
0x91c2c	0x30
0x91c5c	0xdc
0x91d38	0xbc
0x91df4	0x48
0x91e3c	0x158
0x91f94	0x4
0x91f98	0x84
0x9201c	0x8
0x92024	0x8
0x9202c	0x8
0x92034	0x40
0x92074	0x70
0x920e4	0x70
0x92154	0x58
0x921ac	0x218
0x923c4	0xb8
0x9247c	0x8
0x92484	0x8
0x9248c	0xc
0x92498	0xac
0x92544	0x4c
0x92590	0x8
0x92598	0x20
0x925b8	0x1d0
0x92788	0x8
0x92790	0x70
0x92800	0x28
0x92828	0x8
0x92830	0x8
0x92838	0x8
0x92840	0x6c
0x928ac	0x58
0x92904	0x8c
0x92990	0x8
0x92998	0x8
0x929a0	0x6c
0x92a0c	0x19c
0x92ba8	0xf0
0x92c98	0x7c
0x92d14	0x8
0x92d1c	0x8
0x92d24	0x18
0x92d3c	0x80
0x92dbc	0x6c
0x92e28	0xa8
0x92ed0	0x8
0x92ed8	0x8
0x92ee0	0x24
0x92f04	0xd4
0x92fd8	0xc4
0x9309c	0x84
0x93120	0x48
0x93168	0xc4
0x9322c	0xd4
0x93300	0x8
0x93308	0xd0
0x933d8	0x8
0x933e0	0x8
0x933e8	0x260
0x93648	0x60
0x936a8	0x58
0x93700	0x8c
0x9378c	0x38
0x937c4	0x38
0x937fc	0x38
0x93834	0x44
0x93878	0x4c
0x938c4	0x8
0x938cc	0x8
0x938d4	0x48
0x9391c	0x8
0x93924	0x1cc
0x93af0	0x20
0x93b10	0xc0
0x93bd0	0x4
0x93bd4	0x4
0x93bd8	0x34
0x93c0c	0x90
0x93c9c	0x8
0x93ca4	0x8
0x93cac	0x3c
0x93ce8	0x8
0x93cf0	0xa4
0x93d94	0x10
0x93da4	0xe0
0x93e84	0x14
0x93e98	0x4
0x93e9c	0x4
0x93ea0	0xa8
0x93f48	0xe8
0x94030	0xa8
0x940d8	0x8
0x940e0	0x5c
0x9413c	0x10c
0x94248	0x290
0x944d8	0x170
0x94648	0xaf4
0x9513c	0x10
0x9514c	0x64
0x951b0	0xa4
0x95254	0x300
0x95554	0x450
0x959a4	0x8
0x959ac	0x5c
0x95a08	0x8
0x95a10	0x4
0x95a14	0x5c
0x95a70	0x8
0x95a78	0xd8
0x95b50	0x1d0
0x95d20	0x8
0x95d28	0x9c
0x95dc4	0x54
0x95e18	0x48
0x95e60	0x14
0x95e74	0x34
0x95ea8	0x108
0x95fb0	0xb0
0x96060	0x50
0x960b0	0x6f4
0x967a4	0x14
0x967b8	0x14
0x967cc	0x14
0x967e0	0xc
0x967ec	0xc
0x967f8	0x13c
0x96934	0xb0
0x969e4	0x84
0x96a68	0x94
0x96afc	0x78
0x96b74	0x6c
0x96c64	0x74
0x96cd8	0x8c
0x96d64	0x8c
0x96df0	0x5ac
0x97548	0x44
0x9758c	0x90
0x9761c	0xa8
0x976c4	0x3c
0x97700	0x6bc
0x97dbc	0x64
0x97e20	0x30
0x97e50	0x20
0x97e70	0x104
0x97f74	0xf0
0x98064	0xe8
0x9814c	0x5c
0x981a8	0x58
0x98200	0x8
0x98208	0x5c
0x98264	0x58
0x982bc	0x8
0x982c4	0x5c
0x98320	0x58
0x98378	0x8
0x98380	0xc8
0x98448	0x3c
0x98484	0x4b0
0x98934	0x248
0x98b7c	0x74
0x98bf0	0x34
0x98c24	0x8c
0x98cb0	0x218
0x98ec8	0x6d4
0x9959c	0x70
0x9960c	0x3b4
0x999c0	0x74
0x99a34	0x44
0x99a78	0xc8
0x99b40	0x7c
0x99bbc	0x7c
0x99c38	0x60
0x99c98	0x60
0x99cf8	0x60
0x99d58	0x60
0x99db8	0x60
0x99e18	0x60
0x99e78	0x6c
0x99ee4	0x1c
0x99f00	0x1c
0x99f1c	0x1c
0x99f38	0x10
0x99f48	0x70
0x99fb8	0x30
0x99fe8	0x98
0x9a080	0x2c
0x9a0ac	0x11c
0x9a1c8	0x14
0x9a21c	0x14
0x9a230	0x8
0x9a238	0x8
0x9a240	0x58
0x9a298	0x8
0x9a2a0	0x8
0x9a2a8	0x49c
0x9a744	0x400
0x9ab44	0x3b0
0x9aef4	0xa4
0x9af98	0x110
0x9b0a8	0x110
0x9b270	0x24
0x9b294	0xc8
0x9ba34	0xcc
0x9bf68	0x10
0x9bf78	0xf4
0x9c1ac	0xa0
0x9c24c	0x7c
0x9c2c8	0x78
0x9c340	0x158
0x9c588	0xa8
0x9c720	0xa8
0x9c7c8	0xb8
0x9c880	0x9c
0x9c91c	0x98
0x9c9b4	0x60
0x9ca14	0x70
0x9ca84	0xf8
0x9cb7c	0xb8
0x9cfa0	0x14
0x9cfb4	0xac
0x9d060	0x58
0x9d0b8	0x98
0x9d150	0xa0
0x9d1f0	0x64
0x9d254	0x38
0x9d28c	0x64
0x9d2f0	0x64
0x9d354	0x8c
0x9d3e0	0x60
0x9d440	0xe4
0x9d524	0xe8
0x9d60c	0xe8
0x9d6f4	0xe4
0x9d7d8	0xe8
0x9d9c8	0xc8
0x9da90	0x22c
0x9dcbc	0x1a8
0x9de64	0xcc
0x9df30	0xd4
0x9e004	0x154
0x9e158	0x48
0x9e1a0	0x14c
0x9e2ec	0x19c
0x9e488	0x170
0x9e71c	0xf4
0x9e810	0x50
0x9ed7c	0x14
0x9eed8	0xf4
0x9efcc	0x50
0x9f538	0x14
0x9f694	0x1b0
0x9f844	0x3d0
0x9fc14	0x14
0x9fc28	0x110
0x9fd38	0x108
0x9fe40	0x2bc
0xa00fc	0x14
0xa0110	0xf0
0xa0200	0x150
0xa0350	0x304
0xa0654	0xf0
0xa0744	0x14
0xa0758	0xf8
0xa0850	0x14
0xa0864	0x38
0xa089c	0x38
0xa08d4	0x1dc
0xa0ab0	0xd0
0xa0b80	0x288
0xa0e08	0xd0
0xa0ed8	0x318
0xa11f0	0x64
0xa1254	0x8
0xa125c	0xe4
0xa1340	0x1c0
0xa1500	0x74
0xa1574	0x4c
0xa15c0	0xac
0xa166c	0xa48
0xa20b4	0x40
0xa20f4	0x17c
0xa2270	0xd4
0xa2344	0x2c
0xa2370	0x38
0xa23a8	0x60
0xa2408	0x1c0
0xa25c8	0x8
0xa25d0	0xcc
0xa269c	0x14
0xa26b0	0x5c
0xa270c	0x108
0xa2814	0x1c0
0xa29d4	0x1c0
0xa2b94	0x160
0xa2cf4	0xac
0xa2da0	0x26c
0xa300c	0x2c
0xa3038	0x160
0xa3198	0xac
0xa3244	0x248
0xa348c	0x2c
0xa34b8	0x1c0
0xa3678	0x624
0xa3c9c	0xe0
0xa3d7c	0x208
0xa3f84	0x724
0xa46a8	0x7c4
0xa4e6c	0x84
0xa4ef0	0x7c
0xa4f6c	0x1c8
0xa5134	0x4b8
0xa55ec	0x230
0xa581c	0x5d8
0xa5df4	0x178
0xa5f6c	0x758
0xa66c4	0xb4
0xa6778	0x36c
0xa6ae4	0x84
0xa6b68	0x194
0xa6cfc	0x1bc
0xa6eb8	0x19c
0xa7054	0x198
0xa71ec	0x1f8
0xa73e4	0x1f4
0xa75d8	0x14c
0xa7724	0x9c
0xa77c0	0x1bc
0xa797c	0x1b0
0xa7b2c	0x28c
0xa7db8	0x408
0xa81c0	0x1e8
0xa83a8	0x8ec
0xa8c94	0x29c
0xa8f30	0x278
0xa91a8	0x1c0
0xa9368	0x48
0xa93b0	0xa0
0xa9450	0xa0
0xa94f0	0x90
0xa9580	0x400
0xa9980	0x104
0xa9a84	0x2c
0xa9ab0	0x1cc
0xa9c7c	0xac
0xa9d28	0xa4
0xa9dcc	0x290
0xaa05c	0x260
0xaa2bc	0xb0
0xaa36c	0x20
0xaa38c	0x590
0xaa91c	0x260
0xaab7c	0x7c
0xaabf8	0x88
0xaac80	0xab0
0xab730	0x1c
0xab74c	0x268
0xab9b4	0x1f0
0xabba4	0x148
0xabcec	0x138
0xabe24	0x9c
0xabec0	0x130
0xabff0	0x1f0
0xac1e0	0x1fc
0xac3dc	0x124
0xac500	0x324
0xac824	0x154
0xac978	0x274
0xacbec	0x7c8
0xad3b4	0x224
0xad5d8	0x18c
0xad764	0x200
0xad964	0x234
0xadb98	0x318
0xadeb0	0x24c
0xae0fc	0x224
0xae320	0x6dc
0xae9fc	0x5c
0xaea58	0x58
0xaeab0	0x8
0xaeab8	0x1c0
0xaec78	0x170
0xaede8	0x2ac
0xaf094	0x114
0xaf1a8	0x330
0xaf4d8	0x330
0xaf808	0x304
0xafb0c	0x224
0xafd30	0x200
0xaff30	0x368
0xb0298	0x168
0xb0400	0x24c
0xb064c	0x224
0xb0870	0x348
0xb0bb8	0x368
0xb0f20	0x280
0xb11a0	0x194
0xb1334	0x300
0xb1634	0x128
0xb175c	0x238
0xb1994	0x228
0xb1bbc	0x174
0xb1d30	0x244
0xb1f74	0x3fc
0xb2370	0x18c
0xb24fc	0x328
0xb2824	0x190
0xb29b4	0x23c
0xb2bf0	0x280
0xb2e70	0x274
0xb30e4	0x174
0xb3258	0x164
0xb33bc	0x480
0xb383c	0x204
0xb3a40	0x1d8
0xb3c18	0x10c
0xb3d24	0x18c
0xb3eb0	0x1fc
0xb40ac	0x330
0xb43dc	0x154
0xb4530	0x70
0xb45a0	0x2e4
0xb4884	0xd0
0xb4954	0x39c
0xb4cf0	0x274
0xb4f64	0x128
0xb508c	0x24c
0xb52d8	0x140
0xb5418	0x334
0xb574c	0x1a8
0xb58f4	0x1b0
0xb5aa4	0x80
0xb5b24	0x1f6c
0xb7a90	0x98
0xb7b28	0x194
0xb7cbc	0x230
0xb7eec	0x164
0xb8050	0x74
0xb80c4	0x4e4
0xb85a8	0x36c
0xb8914	0xa8
0xb89bc	0x2ec
0xb8ca8	0x618
0xb92c0	0x5c
0xb931c	0x8
0xb9324	0x15c
0xb9480	0xb98
0xba018	0xd8
0xba0f0	0x16c
0xba25c	0x10c
0xba368	0x134
0xba49c	0x330
0xba7cc	0x90
0xba85c	0x58
0xba8b4	0x290
0xbab44	0x228
0xbad6c	0x1770
0xbc4dc	0x6c
0xbc548	0xb8
0xbc600	0xc0
0xbc6c0	0xc54
0xbd314	0xbe4
0xbdef8	0x5dc
0xbe4d4	0xac
0xbe580	0x98
0xbe618	0xcc
0xbe6e4	0x64
0xbe748	0x64
0xbe7ac	0x234
0xbe9e0	0xf8
0xbebe0	0x14
0xbebf4	0xf0
0xbece4	0x14
0xbecf8	0x6c
0xbed64	0x38
0xbed9c	0x1c0
0xbef5c	0x1c
0xbef78	0x48
0xbefc0	0x48
0xbf008	0x48
0xbf050	0xa8
0xbf0f8	0x4
0xbf0fc	0x4
0xbf100	0xa8
0xbf1a8	0x48
0xbf1f0	0x8
0xbf1f8	0x148
0xbf340	0xe4
0xbf424	0x15c
0xbf580	0x9c
0xbf61c	0x44
0xbf660	0x60
0xbf6c0	0x50
0xbf710	0x8
0xbf718	0x60
0xbf778	0x78
0xbf7f0	0x48
0xbf838	0x8
0xbf840	0xec
0xbf92c	0xbc
0xbf9e8	0xc4
0xbfaac	0x24
0xbfad0	0x84
0xbfb54	0x60
0xbfbb4	0x50
0xbfc04	0x8
0xbfc0c	0xac
0xbfcb8	0x28
0xbfce0	0x80
0xbfd60	0x48
0xbfda8	0x8
0xbfdb0	0x1c0
0xbff70	0x11c
0xc008c	0x78
0xc0104	0x44
0xc0148	0x94
0xc01dc	0x60
0xc023c	0x50
0xc028c	0x8
0xc0294	0xa8
0xc033c	0x88
0xc03c4	0xf8
0xc04bc	0x78
0xc0534	0x74
0xc05a8	0x48
0xc05f0	0x8
0xc05f8	0x118
0xc0710	0xd8
0xc07e8	0x144
0xc092c	0xc0
0xc09ec	0x70
0xc0a5c	0x48
0xc0aa4	0x8
0xc0aac	0x150
0xc0bfc	0xdc
0xc0cd8	0x130
0xc0e08	0x44
0xc0e4c	0xb8
0xc0f04	0x60
0xc0f64	0x50
0xc0fb4	0x8
0xc0fbc	0x100
0xc10bc	0xc0
0xc117c	0x178
0xc12f4	0xe0
0xc13d4	0x48
0xc141c	0x8
0xc1424	0x94
0xc14b8	0x84
0xc153c	0xf4
0xc1630	0x4
0xc1634	0x5c
0xc1690	0x8
0xc1698	0x40
0xc16d8	0x8
0xc16e0	0xf4
0xc17d4	0xcc
0xc18a0	0x60
0xc1900	0xe4
0xc19e4	0xa4
0xc1a88	0x124
0xc1bac	0x124
0xc1cd0	0xec
0xc1dbc	0xdc
0xc1e98	0xdc
0xc1f74	0xe4
0xc2058	0xe4
0xc213c	0xf4
0xc2230	0xe4
0xc2314	0x3bc
0xc26d0	0x7c
0xc274c	0x39c
0xc2ae8	0x90
0xc2b78	0x12c
0xc2ca4	0x2f4
0xc2f98	0x50
0xc2fe8	0x19c
0xc3184	0xf4
0xc3278	0x60
0xc32d8	0x6c
0xc3344	0x60
0xc33a4	0x6c
0xc3410	0x6c
0xc347c	0x6c
0xc34e8	0xb0
0xc3598	0x108
0xc36a0	0x14
0xc36b4	0x38
0xc36ec	0x64
0xc3750	0x1c0
0xc3910	0x18
0xc3928	0xdc
0xc3a04	0xf0
0xc3af4	0x2c0
0xc3db4	0x14c
0xc3f00	0xc8
0xc3fc8	0x258
0xc4220	0x198
0xc43b8	0x1c0
0xc4578	0x1c
0xc4594	0xc8
0xc465c	0xa8
0xc4704	0x128
0xc482c	0x4
0xc4830	0xb0
0xc48e0	0x198
0xc4a78	0x204
0xc4c7c	0x4c
0xc4cc8	0x204
0xc4ecc	0x65c
0xc5528	0x4
0xc552c	0xf80
0xc64ac	0x2c0
0xc676c	0x29c
0xc6a08	0x1d0
0xc6bd8	0x170
0xc6d48	0x58
0xc6da0	0xd8
0xc6e78	0x720
0xc7598	0x194
0xc772c	0x18
0xc7744	0x64
0xc77a8	0x554
0xc7cfc	0x1dc
0xc7ed8	0x44
0xc7f1c	0xcc
0xc7fe8	0x88
0xc8070	0x14c
0xc81bc	0xe4
0xc82a0	0x5dc
0xc887c	0xe4
0xc8960	0x1bc
0xc8b1c	0x1c0
0xc8cdc	0xb8
0xc8d94	0x7c
0xc8e10	0x3c
0xc8e4c	0x24
0xc8e70	0xd0
0xc8f40	0x44
0xc8f84	0xc
0xc8f90	0x2a8
0xc9238	0x3c8
0xc9600	0x28
0xc9628	0x68
0xc9690	0x14c
0xc97dc	0xac
0xc9888	0xc4
0xc994c	0xd4
0xc9a20	0x158
0xc9b78	0x270
0xc9de8	0x1c0
0xc9fa8	0xa0
0xca048	0xd4
0xca11c	0x88
0xca1a4	0x200
0xca3a4	0x188
0xca52c	0xf8
0xca624	0xf8
0xca71c	0x5c
0xca778	0xf4
0xca86c	0xa8
0xca914	0x64
0xca978	0x878
0xcb1f0	0x118
0xcb308	0xfc
0xcb404	0x2a4
0xcb6a8	0x214
0xcb8bc	0x1f8
0xcbab4	0x1c8
0xcbc7c	0x28c
0xcbf08	0x260
0xcc168	0x9c
0xcc204	0x9c
0xcc2a0	0x5c
0xcc2fc	0x5c
0xcc358	0x8
0xcc360	0x10c
0xcc46c	0x90
0xcc4fc	0x1bc
0xcc6b8	0x28
0xcc6e0	0x4c
0xcc72c	0x5c
0xcc788	0x78
0xcc800	0x78
0xcc878	0x74
0xcc8ec	0x490
0xccd7c	0x4fc
0xcd278	0x80
0xcd2f8	0x70
0xcd368	0xb4
0xcd41c	0xb8
0xcd4d4	0x70
0xcd544	0x7c
0xcd5c0	0x44
0xcd604	0x48
0xcd64c	0x128
0xcd774	0x94
0xcd808	0x2c
0xcd834	0x128
0xcd95c	0x120
0xcda7c	0x128
0xcdba4	0x4c
0xcdbf0	0x18
0xcdc08	0xd0
0xcdcd8	0x38
0xcdd10	0x54
0xcdd64	0x3c
0xcdda0	0x220
0xcdfc0	0xc
0xcdfcc	0xa4
0xce070	0x158
0xce1c8	0x1d0
0xce398	0x78c
0xceb24	0x5c
0xceb80	0x5c
0xcebdc	0x5c
0xcec38	0x104
0xced3c	0xf0
0xcee2c	0x194
0xcefc0	0x1b8
0xcf178	0xb0
0xcf228	0xc8
0xcf2f0	0xf0
0xcf3e0	0xb0
0xcf490	0x260
0xcf6f0	0x330
0xcfa20	0x214
0xcfc34	0x3a4
0xcffd8	0x2d0
0xd02a8	0x274
0xd051c	0x1eac
0xd23c8	0x140
0xd2508	0x228
0xd2730	0x224
0xd2954	0x1ba8
0xd44fc	0x2e8
0xd47e4	0x3fc
0xd4be0	0x14c
0xd4d2c	0x2d4
0xd5000	0x13c
0xd513c	0x960
0xd5a9c	0x8b4
0xd6350	0xc0
0xd6410	0xbc
0xd64cc	0xb4
0xd6580	0x50
0xd65d0	0x5c
0xd662c	0x9c
0xd66c8	0x64
0xd672c	0x118
0xd6844	0x60
0xd68a4	0xe8
0xd698c	0xa0
0xd6a2c	0x118
0xd6b44	0x13c
0xd6c80	0x16c
0xd6dec	0x270
0xd705c	0x104
0xd7160	0x180
0xd72e0	0xebc
0xd819c	0x68
0xd8204	0x5c
0xd8260	0x58
0xd82b8	0x14
0xd82cc	0xbcc
0xd8e98	0x8
0xd8ea0	0x8
0xd8ea8	0xc
0xd8eb4	0xc
0xd8ec0	0x460
0xd9320	0x588
0xd98a8	0x4cc
0xd9d74	0x500
0xda274	0x16c
0xda3e0	0x138
0xda518	0x19c
0xda6b4	0x478
0xdab2c	0x58
0xdab84	0xa60
0xdb5e4	0x60
0xdb644	0x48
0xdb68c	0xc
0xdb698	0xc
0xdb6a4	0xc
0xdb6b0	0x154
0xdb804	0x6f0
0xdbef4	0x8b8
0xdc7ac	0xcc
0xdc878	0x114
0xdc98c	0x3dc
0xdcd68	0x10c
0xdce74	0x11c
0xdcf90	0xfc
0xdd08c	0x298
0xdd324	0x3e8
0xdd70c	0x38
0xdd744	0x54
0xdd798	0x30
0xdd7c8	0x14
0xdd7dc	0x89c
0xde078	0x308
0xde380	0xb8
0xde438	0x3e0
0xde818	0x6e4
0xdeefc	0x9c
0xdef98	0x114
0xdf0ac	0x238
0xdf2e4	0x164
0xdf448	0x90
0xdf4d8	0x6bc
0xdfb94	0x340
0xdfed4	0x398
0xe026c	0xc
0xe0278	0x398
0xe0610	0x1e4
0xe07f4	0x68
0xe085c	0xb4
0xe0910	0x1c4
0xe0ad4	0x114
0xe0be8	0x448
0xe1030	0x3c0
0xe13f0	0x1dc
0xe15cc	0x1bc
0xe1788	0x50
0xe17d8	0x138
0xe1910	0xc4
0xe19d4	0x50
0xe1a24	0x1d8
0xe1bfc	0x100
0xe1cfc	0x21c
0xe1f18	0x80
0xe1f98	0x8c
0xe2024	0x1bc
0xe21e0	0x230
0xe2410	0x4
0xe2414	0xd20
0xe3134	0x7c
0xe31b0	0xc0c
0xe3dbc	0x4f0
0xe42ac	0x40
0xe42ec	0xc4
0xe43b0	0x38
0xe43e8	0xa0
0xe4488	0xe4
0xe456c	0x1a4
0xe4710	0x12c
0xe483c	0x4fc
0xe4d38	0x64
0xe4d9c	0x2a8
0xe5044	0x84
0xe50c8	0x10c
0xe51d4	0x10c
0xe52e0	0x2cc
0xe55ac	0x38
0xe55e4	0x3c
0xe5620	0x30
0xe5650	0x134
0xe5784	0x97c
0xe6100	0x5c
0xe615c	0x8
0xe6164	0x84
0xe61e8	0x40
0xe6228	0x4
0xe622c	0x5c
0xe6288	0x8
0xe6290	0x5c
0xe62ec	0x8
0xe62f4	0x5c
0xe6350	0x8
0xe6358	0x5c
0xe63b4	0x8
0xe63bc	0x5c
0xe6418	0x8
0xe6420	0x5c
0xe647c	0x8
0xe6484	0x5c
0xe64e0	0x8
0xe64e8	0x5c
0xe6544	0x8
0xe654c	0x5c
0xe65a8	0x8
0xe65b0	0x68
0xe6618	0x5c
0xe6674	0x8
0xe667c	0x58
0xe66d4	0x74
0xe6748	0x5c
0xe67a4	0x8
0xe67ac	0x3f4
0xe6ba0	0x54
0xe6bf4	0x48
0xe6c3c	0x4c
0xe6c88	0x3c
0xe6cc4	0x90
0xe6d54	0xe0
0xe6e34	0x48
0xe6e7c	0xe4
0xe6f60	0x64
0xe6fc4	0x30
0xe6ff4	0x60
0xe7054	0xc4
0xe7118	0x3c
0xe7154	0x78
0xe71cc	0x18
0xe71e4	0xc
0xe71f0	0xc
0xe71fc	0x1c
0xe7218	0x30
0xe7248	0x1c
0xe7264	0xc
0xe7270	0x1c
0xe728c	0xc
0xe7298	0x1c
0xe72b4	0x20
0xe72d4	0xc
0xe72e0	0x28
0xe7308	0x70
0xe7378	0x14
0xe738c	0x1c
0xe73a8	0x10
0xe73b8	0x48
0xe7400	0x94
0xe7494	0xbc
0xe7550	0x9c
0xe75ec	0x9c
0xe7688	0x9c
0xe7724	0xa0
0xe77c4	0x9c
0xe7860	0x9c
0xe78fc	0x9c
0xe7998	0x9c
0xe7a34	0xbc
0xe7af0	0xbc
0xe7bac	0xbc
0xe7c68	0xbc
0xe7d24	0xac
0xe7dd0	0xb4
0xe7e84	0xc0
0xe7f44	0xcc
0xe8010	0xa0
0xe80b0	0xa8
0xe8158	0xc8
0xe8220	0xa0
0xe82c0	0x98
0xe8358	0xb0
0xe8408	0x58
0xe8460	0xc4
0xe8524	0xe8
0xe860c	0x1d8
0xe87e4	0x4cc
0xe8cb0	0x14
0xe8cc4	0x4c
0xe8d10	0xdc
0xe8dec	0xb0
0xe9044	0x14
0xe9058	0x8
0xe9060	0x14
0xe9074	0x4
0xe9078	0x9c
0xe9114	0x58
0xe916c	0xa8
0xe9214	0x38
0xe924c	0x64
0xe92b0	0x64
0xe9314	0x3c
0xe9350	0x64
0xe93b4	0x64
0xe9418	0x64
0xe947c	0x64
0xe94e0	0x64
0xe9544	0x64
0xe95a8	0x64
0xe960c	0x64
0xe9670	0x64
0xe96d4	0x64
0xe9738	0x38
0xe9770	0x64
0xe97d4	0xe4
0xe98b8	0xe8
0xe99a0	0xe4
0xe9a84	0xe8
0xe9b6c	0x60
0xe9bcc	0xe4
0xe9cb0	0xe8
0xe9d98	0xe4
0xe9e7c	0xe4
0xe9f60	0xe8
0xea048	0xe4
0xea12c	0xe8
0xea214	0x60
0xea274	0xe4
0xea358	0xe8
0xea440	0xe4
0xea524	0xe8
0xea60c	0x3c
0xea648	0x12c
0xea774	0x60
0xea7d4	0x108
0xea8dc	0x8c
0xeab04	0x60
0xeac6c	0x14
0xeac80	0x118
0xead98	0x14
0xeadac	0x2ec
0xeb098	0x14
0xeb0ac	0xf8
0xeb1a4	0xd8
0xeb27c	0x28
0xeb640	0x14
0xeb654	0x208
0xeb85c	0x454
0xebcb0	0x14
0xebcc4	0x120
0xebde4	0xf0
0xebed4	0x278
0xec4b4	0x14
0xec4c8	0x270
0xec738	0xd8
0xecbac	0x14
0xecbc0	0x240
0xece00	0x740
0xed540	0x14
0xed554	0x9c
0xed5f0	0x240
0xed830	0x710
0xedf40	0x14
0xedf54	0x108
0xee05c	0x14
0xee070	0x88
0xee2f0	0x14
0xee304	0xb8
0xee3bc	0xd8
0xee834	0x14
0xee848	0x100
0xee948	0x14
0xee95c	0x70
0xee9cc	0x70
0xeea3c	0x70
0xeeaac	0x38
0xeeae4	0x3c
0xeeb20	0x38
0xeeb58	0x38
0xeeb90	0x78
0xeec08	0x70
0xeec78	0x220
0xeee98	0x84
0xeef1c	0x84
0xeefa0	0x108
0xef0a8	0x2bc
0xef364	0xf0
0xef454	0x338
0xef78c	0x14
0xef7a0	0xdc
0xef87c	0x160
0xef9dc	0x380
0xefd5c	0x1b0
0xeff0c	0x50
0xf09d0	0x64
0xf0a34	0x64
0xf0a98	0x19c
0xf0c34	0x70
0xf0ca4	0x3c
0xf0ce0	0x1e8
0xf0ec8	0x30
0xf0ef8	0x74
0xf0f6c	0x38
0xf0fa4	0x590
0xf1534	0xb4
0xf15e8	0x58
0xf1640	0x2c0
0xf1900	0x1c0
0xf1ac0	0x1ec
0xf1cac	0xec
0xf1d98	0x1c
0xf1db4	0x294
0xf2048	0x1cc
0xf2214	0x30
0xf2244	0x60
0xf22a4	0x3c
0xf22e0	0x194
0xf2474	0x170
0xf25e4	0x104
0xf26e8	0x194
0xf287c	0xac
0xf2928	0x18c
0xf2ab4	0xa04
0xf34b8	0x974
0xf3e2c	0x1b8
0xf3fe4	0x568
0xf454c	0x528
0xf4a74	0x84
0xf4af8	0xc8
0xf4bc0	0x5c
0xf4c1c	0x68
0xf4c84	0x6c
0xf4cf0	0x50
0xf4d40	0x54
0xf4d94	0x68
0xf4dfc	0xc4
0xf4ec0	0x8c
0xf4f4c	0xa0
0xf4fec	0x1c
0xf5008	0xb4
0xf50bc	0x214
0xf52d0	0x298
0xf5568	0xb4
0xf561c	0x9c
0xf56b8	0x240
0xf58f8	0xd0
0xf59c8	0x124
0xf5aec	0x104
0xf5bf0	0x14c
0xf5d3c	0x554
0xf6290	0xb8
0xf6348	0x48
0xf6390	0xd0
0xf6460	0x220
0xf6680	0x20
0xf66a0	0x50
0xf66f0	0x3d0
0xf6ac0	0x664
0xf7124	0xc8
0xf71ec	0x124
0xf7310	0x50
0xf7360	0x38
0xf7398	0x13c
0xf74d4	0x7c
0xf7550	0x15c
0xf76ac	0x7b8
0xf7e64	0x42c
0xf8290	0x38
0xf82c8	0x94
0xf835c	0x90
0xf83ec	0xc8
0xf84b4	0x184
0xf8638	0xb4
0xf86ec	0x1e0
0xf88cc	0x5dc
0xf8ea8	0x5d4
0xf947c	0x208
0xf9684	0x2c
0xf96b0	0xf40
0xfa5f0	0x78b4
0x101ea4	0xfc
0x101fa0	0x110
0x1020b0	0x5c
0x10210c	0x224
0x102330	0x27c
0x1025ac	0x918
0x102ec4	0x98
0x102f5c	0x4c
0x102fa8	0x38
0x102fe0	0x38
0x103018	0x20
0x103038	0x198
0x1031d0	0x308
0x1034d8	0x124
0x1035fc	0x258
0x103854	0x200
0x103a54	0xb0
0x103b04	0xd4
0x103bd8	0x9c
0x103c74	0x134
0x103da8	0x2f0
0x104098	0x18c
0x104224	0x128
0x10434c	0x300
0x10464c	0x2b8
0x104904	0x84
0x104988	0x280
0x104c08	0x138
0x104d40	0x11c
0x104e5c	0x114
0x104f70	0x90
0x105000	0xa8
0x1050a8	0xf8
0x1051a0	0x124
0x1052c4	0x128
0x1053ec	0x128
0x105514	0x98
0x1055ac	0x98
0x105644	0x8c
0x1056d0	0x98
0x105768	0x98
0x105800	0x98
0x105898	0x348
0x105be0	0x38
0x105c18	0x94
0x105cac	0x1b0
0x105e5c	0x1b0
0x10600c	0x84
0x106090	0xf8
0x106188	0x94
0x10621c	0xec
0x106308	0x70
0x106378	0x60
0x1063d8	0x28
0x106400	0x1c
0x10641c	0xec
0x106508	0x10c
0x106614	0xd0
0x1066e4	0x38
0x10671c	0xd0
0x1067ec	0x15c
0x106948	0x88
0x1069d0	0x50
0x106a20	0x9c
0x106abc	0xdc
0x106b98	0x140
0x106cd8	0x8
0x106ce0	0x54
0x106d34	0x138
0x106e6c	0x12c
0x106f98	0x108
0x1070a0	0x3b0
0x107450	0x34
0x107484	0x34
0x1074b8	0x68
0x107520	0x60
0x107580	0x278
0x1077f8	0xd4
0x1078cc	0xd4
0x1079a0	0xd4
0x107a74	0x134
0x107ba8	0x30
0x107bd8	0x54
0x107c2c	0xc
0x107c38	0x1d8
0x107e10	0x30
0x107e40	0x16c
0x107fac	0x30
0x107fdc	0x30
0x10800c	0x1c0
0x1081cc	0x2c
0x1081f8	0x40
0x108238	0x44
0x10827c	0x1c0
0x10843c	0xe20
0x10925c	0xb4
0x109310	0x48
0x109358	0xb0
0x109408	0x734
0x109b3c	0x260
0x109d9c	0x11c
0x109eb8	0x210
0x10a0c8	0x32c
0x10a3f4	0xb4
0x10a4a8	0x1c0
0x10a668	0xe4
0x10a74c	0x40
0x10a78c	0x48
0x10a7d4	0xa4
0x10a878	0x4
0x10a87c	0x8
0x10a884	0x38
0x10a8bc	0xc4
0x10a980	0x5b8
0x10af38	0x78
0x10afb0	0x20
0x10afd0	0x54
0x10b024	0x60
0x10b084	0x684
0x10b708	0x44
0x10b74c	0xd4
0x10b820	0x474
0x10bc94	0xe8
0x10bd7c	0x300
0x10c07c	0x60
0x10c0dc	0x34
0x10c110	0x40
0x10c150	0x40
0x10c190	0x90
0x10c220	0x8
0x10c228	0x8
0x10c230	0x1c0
0x10c3f0	0xa8
0x10c498	0x7c
0x10c514	0x33c
0x10c850	0x8
0x10c858	0xc
0x10c864	0xc
0x10c870	0x4
0x10c874	0x6ec
0x10cf60	0x50
0x10cfb0	0x10
0x10cfc0	0x60
0x10d020	0x54
0x10d074	0x5c
0x10d0d0	0x210
0x10d2e0	0x190
0x10d470	0x1c0
0x10d630	0x88
0x10d6b8	0xdc
0x10d794	0x94
0x10d828	0xc4
0x10d8ec	0xc4
0x10d9b0	0x28
0x10d9d8	0x1c0
0x10db98	0x2c8
0x10de60	0x208
0x10e068	0x7c
0x10e0e4	0x28
0x10e10c	0x78
0x10e184	0x24
0x10e1a8	0x8
0x10e1b0	0x38
0x10e1e8	0x15c
0x10e344	0x154
0x10e498	0x80
0x10e518	0x44
0x10e55c	0xc
0x10e568	0xe8
0x10e650	0x1c0
0x10e810	0x40
0x10e850	0xb8
0x10e908	0x90
0x10e998	0xd8
0x10ea70	0x80
0x10eaf0	0x1e0
0x10ecd0	0x1ac
0x10ee7c	0x248
0x10f0c4	0x30
0x10f0f4	0x158
0x10f24c	0x208
0x10f454	0x430
0x10f884	0xdc
0x10f960	0x19c
0x10fafc	0x1a4
0x10fca0	0xc8
0x10fd68	0x12b8
0x111020	0x8
0x111028	0x264
0x11128c	0x490
0x11171c	0xec
0x111808	0x58
0x111860	0x25c
0x111abc	0x60
0x111b1c	0x84
0x111ba0	0xc4
0x111c64	0xd4
0x111d38	0x184
0x111ebc	0x6c
0x111f28	0x4dc
0x112404	0x25c
0x112660	0x20
0x112680	0x36c
0x1129ec	0x3e8
0x112dd4	0x294
0x113068	0xc4
0x11312c	0xdc
0x113208	0x154c
0x114754	0x1d0
0x114924	0x3b8
0x114cdc	0x380
0x11505c	0xe0
0x11513c	0x1dc
0x115318	0x130
0x115448	0x1c4
0x11560c	0x88
0x115694	0x458
0x115aec	0xd0
0x115bbc	0x78
0x115c34	0x2a8
0x115edc	0x8c
0x115f68	0x4
0x115f6c	0x484
0x1163f0	0xcc
0x1164bc	0x2c4
0x116780	0x20
0x1167a0	0xa80
0x117220	0xa8c
0x117cac	0xec
0x117d98	0x6c
0x117e04	0x64
0x117e68	0x48
0x117eb0	0x8
0x117eb8	0x58
0x117f10	0x224
0x118134	0xac
0x1181e0	0x12f8
0x1194d8	0x254
0x11972c	0x38
0x119764	0x38
0x11979c	0x6c
0x119808	0x1ac
0x1199b4	0x1c0
0x119b74	0x1280
0x11adf4	0x68
0x11ae5c	0x57c
0x11b3d8	0x1c0
0x11b598	0x5c
0x11b5f4	0x8c
0x11b680	0x70
0x11b6f0	0x148
0x11b838	0x1c
0x11b854	0x7c
0x11b8d0	0x5c
0x11b92c	0x8
0x11b934	0x7c
0x11b9b0	0x50
0x11ba00	0x174
0x11bb74	0x80
0x11bbf4	0x174
0x11bd68	0x9c
0x11be04	0x38
0x11be3c	0x64
0x11bea0	0x180
0x11c020	0x480
0x11c4a0	0x14
0x11c4b4	0x1c0
0x11c674	0x550
0x11cbc4	0xb4
0x11cc78	0x58
0x11ccd0	0x574
0x11d244	0x1c0
0x11d404	0x130
0x11d534	0xbc
0x11d5f0	0x284
0x11d874	0xc4
0x11d938	0x1e4
0x11db1c	0xbc
0x11dbd8	0x1f0
0x11ddc8	0x148
0x11df10	0xbc
0x11dfcc	0xc0
0x11e08c	0xb0
0x11e13c	0xc0
0x11e1fc	0x20
0x11e21c	0x130
0x11e34c	0x98
0x11e3e4	0x70
0x11e454	0xc0
0x11e514	0xe4
0x11e5f8	0xb4
0x11e6ac	0x14c
0x11e7f8	0x88
0x11e880	0x19c
0x11ea1c	0x40
0x11ea5c	0x4
0x11ea60	0x5c
0x11eabc	0x8
0x11eac4	0x84
0x11eb48	0x8
0x11eb50	0x5c
0x11ebac	0x8
0x11ebb4	0x5c
0x11ec10	0x8
0x11ec18	0x5c
0x11ec74	0x8
0x11ec7c	0x5c
0x11ecd8	0x8
0x11ece0	0x5c
0x11ed3c	0x8
0x11ed44	0x5c
0x11eda0	0x8
0x11eda8	0x5c
0x11ee04	0x8
0x11ee0c	0x84
0x11ee90	0x5c
0x11eeec	0x8
0x11eef4	0x5c
0x11ef50	0x8
0x11ef58	0x22c
0x11f184	0xa0
0x11f224	0x68
0x11f28c	0xc8
0x11f354	0x80
0x11f3d4	0x8
0x11f3dc	0x1f0
0x11f5cc	0xb0
0x11f67c	0x11c
0x11f798	0x9c
0x11f834	0x114
0x11f948	0x274
0x11fbbc	0x164
0x11fd20	0x394
0x1200b4	0x334
0x1203e8	0x2d8
0x1206c0	0x354
0x120a14	0x84
0x120a98	0x20
0x120ab8	0x80
0x120b38	0x114
0x120c4c	0x148
0x120d94	0xdc
0x120e70	0xa4
0x120f14	0x180
0x121094	0xc4
0x121158	0x90
0x1211e8	0xc4
0x1212ac	0xa0
0x12134c	0x118
0x121464	0x58
0x1214bc	0x168
0x121624	0x17c
0x1217a0	0x6c
0x12180c	0x6c
0x121878	0x570
0x121de8	0x180
0x121f68	0xb4
0x12201c	0x14
0x122030	0x5c
0x12208c	0x58
0x1220e4	0x14
0x1220f8	0xc4
0x1221bc	0x4b0
0x12266c	0xb4
0x122720	0x49c
0x122bbc	0x3b0
0x122f6c	0x318
0x123284	0x5c
0x1232e0	0x8
0x1232e8	0x264
0x12354c	0xa4
0x1235f0	0x154
0x123744	0x2e0
0x123a24	0xec
0x123b10	0x3dc
0x123eec	0x58
0x123f44	0xc4
0x124008	0xc4
0x1240cc	0xd8
0x1241a4	0xd4
0x124278	0x700
0x124978	0x5c
0x1249d4	0x58
0x124a2c	0x58
0x124a84	0x998
0x12541c	0x1d4
0x1255f0	0xe8
0x1256d8	0xe4
0x1257bc	0x74
0x125830	0x134
0x125964	0x110
0x125a74	0x104
0x125b78	0x280
0x125df8	0xc4
0x125ebc	0x3ac
0x126268	0x108
0x126370	0x108
0x126478	0x528
0x1269a0	0x3a0
0x126d40	0x380
0x1270c0	0x1b8
0x127278	0x440
0x1276b8	0x138
0x1277f0	0x2a8
0x127a98	0x1a0
0x127c38	0x14
0x127c4c	0x320
0x127f6c	0x48c
0x1283f8	0x8
0x128400	0x8
0x128408	0x104
0x12850c	0x1fc
0x128708	0x5c
0x128764	0x70
0x1287d4	0x88
0x12885c	0xb4
0x128910	0x58
0x128968	0x60
0x1289c8	0x14
0x1289dc	0x50
0x128a2c	0x158
0x128b84	0x64
0x128be8	0x1c4
0x128dac	0xc
0x128db8	0x6c
0x128e24	0x78
0x128e9c	0x60
0x128efc	0x108
0x129004	0x2bc
0x1292c0	0x14
0x1292d4	0x98
0x12936c	0xbc
0x129558	0xc0
0x129618	0xf8
0x129710	0xa4
0x129860	0x270
0x129ad0	0x8
0x129ad8	0x4
0x129adc	0x8
0x129ae4	0x4
0x129ae8	0x8
0x129af0	0x4
0x129af4	0x124
0x129c18	0xc8
0x129ce0	0x9c
0x129d7c	0xa0
0x129e1c	0x9c
0x129eb8	0x9c
0x12a044	0x9c
0x12a0e0	0xa8
0x12a188	0xb0
0x12a238	0xb0
0x12a394	0x144
0x12a590	0x130
0x12a6c0	0x98
0x12a758	0x128
0x12a880	0x98
0x12a918	0x64
0x12a97c	0x38
0x12a9b4	0x64
0x12aa18	0x64
0x12aa7c	0x70
0x12aaec	0x64
0x12ab50	0x70
0x12abc0	0x64
0x12ac24	0xb4
0x12acd8	0x64
0x12ad3c	0x3c
0x12ad78	0x64
0x12addc	0x3c
0x12ae18	0x64
0x12ae7c	0x70
0x12aeec	0x64
0x12af50	0x74
0x12afc4	0x64
0x12b028	0x38
0x12b060	0x64
0x12b0c4	0x64
0x12b128	0xe4
0x12b20c	0xe8
0x12b2f4	0x38
0x12b32c	0x94
0x12b3c0	0x8c
0x12b44c	0x150
0x12b59c	0x304
0x12b8a0	0x14
0x12b8b4	0x108
0x12b9bc	0x2bc
0x12bc78	0xf8
0x12bd70	0xbc
0x12c198	0x1c0
0x12c358	0x3e0
0x12c738	0x148
0x12cfa4	0x14
0x12d138	0x130
0x12d7dc	0x14
0x12d938	0x13c
0x12da74	0x20c
0x12dfec	0x14
0x12e108	0x1d8
0x12e2e0	0x440
0x12e720	0x14
0x12e734	0x120
0x12e854	0x178
0x12e9cc	0x314
0x12ece0	0x14
0x12ecf4	0xf8
0x12edec	0xf0
0x12eedc	0xa4
0x12f594	0x14
0x12f5a8	0x12c
0x12fc00	0x14
0x12fd54	0x108
0x12fe5c	0x14
0x12fe70	0x108
0x12ff78	0x14
0x130094	0x14
0x1301b8	0x184
0x13033c	0xf4
0x130430	0x17c
0x1305ac	0xf0
0x13069c	0x14
0x1306b0	0x3c
0x1306ec	0x38
0x130724	0x19c
0x1308c0	0x1b4
0x130a74	0x1f4
0x130c68	0x8c
0x130cf4	0x6c
0x130d60	0x100
0x130e60	0x21c
0x13107c	0xc8
0x131144	0x3c
0x131180	0x3c
0x1311bc	0x10c
0x1312c8	0xb4
0x13137c	0x114
0x131490	0x24
0x1314b4	0x6c
0x131520	0x70
0x131590	0x60
0x1315f0	0xcc
0x1316bc	0x4c
0x131708	0x1c0
0x1318c8	0x1c0
0x131a88	0x37c
0x131e04	0x194
0x131f98	0x1c0
0x132158	0xc4
0x13221c	0x184
0x1323a0	0x3bc
0x13275c	0x94
0x1327f0	0x278
0x132a68	0x820
0x133288	0x1c0
0x133448	0x290c
0x135d54	0x3d4
0x136128	0x188
0x1362b0	0x74
0x136324	0xc0
0x1363e4	0x8cc
0x136cb0	0x1cc
0x136e7c	0x90
0x136f0c	0x84
0x136f90	0x84
0x137014	0xe8
0x1370fc	0xd90
0x137e8c	0x44
0x137ed0	0x1e48
0x139d18	0x84
0x139d9c	0x5c
0x139df8	0x8
0x139e00	0xe4
0x139ee4	0xa0
0x139f84	0x94
0x13a018	0xc18
0x13ac30	0x74
0x13aca4	0x690
0x13b334	0xa0
0x13b3d4	0x64
0x13b438	0xf8
0x13b530	0x14
0x13b544	0x38
0x13b57c	0x1c0
0x13b73c	0x40
0x13b77c	0x68
0x13b7e4	0x88
0x13b86c	0x84
0x13b8f0	0x120
0x13ba10	0x68
0x13ba78	0x48
0x13bac0	0x60
0x13bb20	0xa0
0x13bbc0	0xe0
0x13bca0	0x160
0x13be00	0x8
0x13be08	0x274
0x13c07c	0x170
0x13c1ec	0x40
0x13c22c	0x68
0x13c294	0x124
0x13c3b8	0x68
0x13c420	0x48
0x13c468	0x60
0x13c4c8	0x8
0x13c4d0	0x2c4
0x13c794	0x1c8
0x13c95c	0x248
0x13cba4	0x1c0
0x13cd64	0xe8
0x13ce4c	0x9c
0x13cee8	0xa8
0x13cf90	0x240
0x13d1d0	0x90
0x13d260	0x8c
0x13d2ec	0x68
0x13d354	0x40
0x13d394	0x1c0
0x13d554	0x64
0x13d5b8	0xc8
0x13d680	0x4
0x13d684	0x4
0x13d688	0x9c
0x13d724	0x64
0x13d788	0x7c
0x13d804	0xd4
0x13d8d8	0x1d0
0x13daa8	0x140
0x13dbe8	0xfc
0x13dce4	0x108
0x13ddec	0xac
0x13de98	0x24
0x13debc	0x1e0
0x13e09c	0xbc
0x13e158	0x7ac
0x13e904	0x178
0x13ea7c	0x9c
0x13eb18	0xe4
0x13ebfc	0x40
0x13ec3c	0x114
0x13ed50	0x324
0x13f074	0x160
0x13f1d4	0x80
0x13f254	0x118
0x13f36c	0x48
0x13f3b4	0x274
0x13f628	0xb0
0x13f6d8	0xac
0x13f784	0x158
0x13f8dc	0x368
0x13fc44	0x110
0x13fd54	0x2ec
0x140040	0x198
0x1401d8	0x3a4
0x14057c	0x374
0x1408f0	0x270
0x140b60	0xcc
0x140c2c	0x114
0x140d40	0x78
0x140db8	0x38
0x140df0	0x2c
0x140e1c	0x174
0x140f90	0x180
0x141110	0x144
0x141254	0x158
0x1413ac	0xb0
0x14145c	0x1fc
0x141658	0xd0
0x141728	0xd8
0x141800	0x100
0x141900	0x90
0x141990	0xa0
0x141a30	0x1c8
0x141bf8	0x1a0
0x141d98	0xb8
0x141e50	0xc4
0x141f14	0x7c
0x141f90	0x80
0x142010	0x1d8
0x1421e8	0x6c
0x142254	0x50
0x1422a4	0x20
0x1422c4	0x2d8
0x14259c	0x12c
0x1426c8	0x6c
0x142734	0x318
0x142a4c	0xc8
0x142b14	0x84
0x142b98	0xdc
0x142c74	0x164
0x142dd8	0x184
0x142f5c	0x28
0x142f84	0x28
0x142fac	0x34
0x142fe0	0x308
0x1432e8	0x2e8
0x1435d0	0x298
0x143868	0x23c
0x143aa4	0xb0
0x143b54	0x80
0x143bd4	0x20
0x143bf4	0xc4
0x143cb8	0x84
0x143d3c	0x184
0x143ec0	0x108
0x143fc8	0xd8
0x1440a0	0x64
0x144104	0xdc
0x1441e0	0x104
0x1442e4	0x14
0x1442f8	0x28
0x144320	0xa0
0x1443c0	0x144
0x144504	0x140
0x144644	0xd4
0x144718	0x2c
0x144744	0xd4
0x144818	0xfc
0x144914	0x8c
0x1449a0	0xb4
0x144a54	0xe8
0x144b3c	0x2c
0x144b68	0xf0
0x144c58	0x170
0x144dc8	0x98
0x144e60	0x1a0
0x145000	0x390
0x145390	0x500
0x145890	0xe0
0x145970	0xac
0x145a1c	0x124
0x145b40	0x20c
0x145d4c	0xc0
0x145e0c	0xb8
0x145ec4	0x140
0x146004	0x130
0x146134	0xa58
0x146b8c	0x2f4
0x146e80	0xf4
0x146f74	0xd4
0x147048	0x34
0x14707c	0x1c0
0x14723c	0x40
0x14727c	0x548
0x1477c4	0x10c
0x1478d0	0xfc
0x1479cc	0xec
0x147ab8	0x70
0x147b28	0x1e0
0x147d08	0x178
0x147e80	0xf0
0x147f70	0x148
0x1480b8	0x190
0x148248	0x240
0x148488	0x574
0x1489fc	0x428
0x148e24	0x1c0
0x148fe4	0x54
0x149038	0xfc0
0x149ff8	0xc8
0x14a0c0	0x134
0x14a1f4	0x4c
0x14a240	0x40
0x14a280	0x3e0
0x14a660	0x1c0
0x14a820	0xc04
0x14b424	0xac
0x14b4d0	0x2c
0x14b4fc	0x1c0
0x14b6bc	0x514
0x14bbd0	0x60
0x14bc30	0x2c
0x14bc5c	0x1c0
0x14be1c	0xa90
0x14c8ac	0x234
0x14cae0	0xac
0x14cb8c	0x340
0x14cecc	0xe4
0x14cfb0	0x2c
0x14cfdc	0x1c0
0x14d19c	0x70
0x14d20c	0x7c
0x14d288	0x88
0x14d310	0x186c
0x14eb7c	0xac
0x14ec28	0x2a0
0x14eec8	0x438
0x14f300	0xcc
0x14f3cc	0x50
0x14f41c	0x50
0x14f46c	0x5cc
0x14fa38	0xec
0x14fb24	0x30
0x14fb54	0xb8c
0x1506e0	0xd8
0x1507b8	0xc4
0x15087c	0xc0
0x15093c	0x130
0x150a6c	0x58
0x150ac4	0xac
0x150b70	0x48
0x150bb8	0x688
0x151240	0x1c0
0x151400	0x7c
0x15147c	0x48
0x1514c4	0x1c0
0x151684	0x328
0x1519ac	0x120
0x151acc	0x158
0x151c24	0x110
0x151d34	0x1c0
0x151ef4	0x44
0x151f38	0x8
0x151f40	0xb4
0x151ff4	0x98
0x15208c	0x5c
0x1520e8	0x84
0x152194	0x3c
0x1521d0	0x40
0x152210	0x70
0x152280	0x6c
0x1522ec	0x88
0x152374	0x88
0x1523fc	0x1f4
0x152700	0x224
0x152924	0x210
0x152b34	0x4
0x152b38	0x5c
0x152b94	0x8
0x152b9c	0x60
0x152bfc	0x3c
0x152c38	0x16c
0x152da4	0x54
0x152df8	0x1d0
0x152fc8	0x1b4
0x153204	0x54
0x153258	0x104
0x15335c	0x84
0x1533e0	0x54
0x153434	0xa8
0x1534dc	0x84
0x153560	0x260
0x153848	0x60
0x1538a8	0x9c
0x153944	0x54
0x153998	0xb4
0x153a4c	0x8c
0x153ad8	0x54
0x153b2c	0xb4
0x153be0	0x8c
0x153c6c	0x54
0x153cc0	0x144
0x153e04	0x108
0x153f0c	0x6c
0x153f78	0x54
0x153fcc	0x618
0x1545e4	0x7c
0x154660	0x20
0x154680	0x20
0x1546a0	0x88
0x154728	0x20
0x154748	0x7c
0x1547c4	0x78
0x15483c	0x118
0x154954	0xf0
0x154a44	0x14
0x154a58	0x64
0x154abc	0x38
0x154af4	0x558
0x15504c	0x178
0x1551c4	0x8
0x1551cc	0x4
0x1551d0	0x58
0x155228	0xc4
0x1552ec	0xe0
0x1553cc	0x80
0x15544c	0x40
0x15548c	0x80
0x15550c	0x40
0x15554c	0x6c
0x1555b8	0x40
0x1555f8	0x7c
0x155674	0x44
0x1556b8	0x820
0x155ed8	0x84
0x155f5c	0x5c
0x155fb8	0x8
0x155fc0	0x1468
0x157428	0x14c8
0x1588f0	0x46c
0x158d5c	0x148
0x158ea4	0xf4
0x158f98	0x118
0x1590b0	0xa0
0x159150	0xf8
0x159248	0x144
0x15938c	0x7c
0x159408	0x1d8
0x1595e0	0x34
0x159614	0x3a8
0x1599bc	0x1f4
0x159bb0	0xc4
0x159c74	0xa4
0x159d18	0x1d4
0x159eec	0xb8
0x159fa4	0x13c
0x15a0e0	0x40
0x15a120	0x118
0x15a238	0xd4
0x15a30c	0xd4
0x15a3e0	0xd4
0x15a4b4	0x158
0x15a60c	0xd4
0x15a6e0	0x154
0x15a834	0x2a8
0x15aadc	0xd4
0x15abb0	0x94
0x15ac44	0xb0
0x15acf4	0xc8
0x15adbc	0x110
0x15aecc	0x114
0x15afe0	0x120
0x15b100	0xd0
0x15b1d0	0xd4
0x15b2a4	0x374
0x15b618	0x68
0x15b680	0x60
0x15b6e0	0x8c
0x15b76c	0x5c
0x15b7c8	0x70
0x15b838	0x80
0x15b8b8	0x48
0x15b900	0x99c
0x15c29c	0x84
0x15c320	0xd8
0x15c3f8	0x178
0x15c570	0x3e4
0x15c954	0x294
0x15cbe8	0x5c
0x15cc44	0x2c
0x15cc70	0x8c
0x15ccfc	0x32c
0x15d028	0x84
0x15d0ac	0x11c
0x15d1c8	0xdc
0x15d2a4	0x1e0
0x15d484	0x60
0x15d4e4	0x60
0x15d544	0x60
0x15d5a4	0x60
0x15d604	0x60
0x15d664	0xb0
0x15d714	0x64
0x15d778	0x108
0x15d880	0x14
0x15d894	0x38
0x15d8cc	0x1c0
0x15da8c	0x84
0x15db10	0x58
0x15db68	0x8c
0x15dbf4	0xc
0x15dc00	0x1c0
0x15ddc0	0x2640
0x160400	0x114
0x160514	0x34
0x160548	0x158
0x1606a0	0x390
0x160a30	0x6c
0x160a9c	0x6c
0x160b08	0x6c
0x160b74	0x6c
0x160be0	0xc4
0x160ca4	0x68
0x160d0c	0x60
0x160d6c	0x7c
0x160de8	0x4cc
0x1612b4	0x20
0x1612d4	0x4
0x1612d8	0x1c0
0x161498	0x41c
0x1618b4	0xe4
0x161998	0x3e4
0x161d7c	0x1b8
0x161f34	0xf8
0x16202c	0x35c
0x162388	0x104
0x16248c	0x560
0x1629ec	0x22c
0x162c18	0x45c
0x163074	0x12c
0x1631a0	0xbac
0x163d4c	0x1c0
0x163f0c	0xe8
0x163ff4	0x98
0x16408c	0x78
0x164104	0x8
0x16410c	0x60
0x16416c	0x4
0x164170	0x4
0x164174	0x4
0x164178	0x134
0x1642ac	0xe0
0x16438c	0x180
0x16450c	0x108
0x164614	0x78
0x16468c	0x68
0x1646f4	0x78
0x16476c	0x40
0x1647ac	0x34
0x1647e0	0x9c
0x16487c	0x8
0x164884	0x1c
0x1648a0	0x80
0x164920	0x80
0x1649a0	0x7c
0x164a1c	0x68
0x164a84	0x68
0x164aec	0x14c
0x164c38	0x4c
0x164c84	0x30
0x164cb4	0xb8
0x164d6c	0x8
0x164d74	0xd0
0x164e44	0xc0
0x164f04	0x250
0x165154	0x54
0x1651a8	0x6c
0x165214	0x5c
0x165270	0x5c
0x1652cc	0xc4
0x165390	0x144
0x1654d4	0x4c
0x165520	0x54
0x165574	0xc8
0x16563c	0x8
0x165644	0x38
0x16567c	0x74
0x1656f0	0x74
0x165764	0x30
0x165794	0xc0
0x165854	0x68
0x1658bc	0x8c
0x165948	0x1e4
0x165b2c	0x50
0x165b7c	0x54
0x165bd0	0xc8
0x165c98	0x8
0x165ca0	0x28
0x165cc8	0x80
0x165d48	0x80
0x165dc8	0xb0
0x165e78	0xc0
0x165f38	0x68
0x165fa0	0xac
0x16604c	0x490
0x1664dc	0x5c
0x166538	0x8
0x166540	0x78
0x1665b8	0xb8
0x166670	0xb4
0x166724	0xc0
0x1667e4	0x8
0x1667ec	0x9c
0x166888	0x74
0x1668fc	0x1e8
0x166ae4	0x54
0x166b38	0xa4
0x166bdc	0xac
0x166c88	0xc0
0x166d48	0xac
0x166df4	0x160
0x166f54	0x84
0x166fd8	0x8
0x166fe0	0x100
0x1670e0	0x12c
0x16720c	0xc0
0x1672cc	0x8
0x1672d4	0xa4
0x167378	0xc0
0x167438	0x28c
0x1676c4	0x2b8
0x16797c	0x138
0x167ab4	0x134
0x167be8	0xe4
0x167ccc	0x118
0x167de4	0x4c
0x167e30	0x2c
0x167e5c	0xe0
0x167f3c	0xc0
0x167ffc	0x8
0x168004	0xf0
0x1680f4	0x94
0x168188	0x234
0x1683bc	0xb4
0x168470	0x80
0x1684f0	0x78
0x168568	0x78
0x1685e0	0x1e0
0x1687c0	0x40
0x168800	0x18
0x168818	0x74
0x16888c	0x74
0x168900	0x54
0x168954	0xc8
0x168a1c	0x8
0x168a24	0x7c
0x168aa0	0x64
0x168b04	0x68
0x168b6c	0x184
0x168cf0	0x40
0x168d30	0x1c
0x168d4c	0x74
0x168dc0	0x74
0x168e34	0x24
0x168e58	0xb4
0x168f0c	0x8
0x168f14	0x74
0x168f88	0x64
0x168fec	0x64
0x169050	0x168
0x1691b8	0x10
0x1691c8	0x250
0x169418	0x24
0x16943c	0xc8
0x169504	0x110
0x169614	0x110
0x169724	0x194
0x1698b8	0xb4
0x16996c	0x80
0x1699ec	0xd8
0x169ac4	0x48
0x169b0c	0xf0
0x169bfc	0x2d4
0x169ed0	0x268
0x16a138	0x290
0x16a3c8	0xfc
0x16a4c4	0xc4
0x16a588	0x13c
0x16a6c4	0x108
0x16a7cc	0x150
0x16a91c	0x150
0x16aa6c	0x7c
0x16aae8	0x534
0x16b01c	0x27c
0x16b298	0x60
0x16b2f8	0x60
0x16b358	0x60
0x16b3b8	0x98
0x16b450	0x7c
0x16b4cc	0x60
0x16b52c	0x60
0x16b58c	0x60
0x16b5ec	0x60
0x16b64c	0x98
0x16b6e4	0x64
0x16b748	0xf0
0x16b838	0x14
0x16b84c	0x38
0x16b884	0x1c0
0x16ba44	0x74
0x16bab8	0x1a4
0x16bc5c	0x54
0x16bcb0	0x2a4
0x16bf54	0x25c
0x16c1b0	0x54
0x16c204	0x3e4
0x16c5e8	0x54
0x16c63c	0x52c
0x16cb68	0x64
0x16cbcc	0x2b0
0x16ce7c	0xd4
0x16cf50	0x170
0x16d0c0	0x60
0x16d120	0x20
0x16d140	0x4
0x16d144	0x68
0x16d1ac	0x60
0x16d20c	0x20
0x16d22c	0x4
0x16d230	0x9c
0x16d2cc	0x60
0x16d32c	0x4
0x16d330	0x4
0x16d334	0x1c0
0x16d4f4	0xb0
0x16d5a4	0xb0
0x16d654	0x21c
0x16d870	0x118
0x16d988	0x1fc
0x16db84	0x24
0x16dba8	0x58
0x16dc00	0x84
0x16dc84	0x18c
0x16de10	0x320
0x16e130	0x1ec
0x16e31c	0x3c
0x16e358	0x30
0x16e388	0x24
0x16e3ac	0x34
0x16e3e0	0x40
0x16e420	0x100
0x16e520	0xfc
0x16e61c	0xa4
0x16e6c0	0x88
0x16e748	0x38
0x16e780	0x34
0x16e7b4	0x94
0x16e848	0x94
0x16e8dc	0x94
0x16e970	0x48
0x16e9b8	0x48
0x16ea00	0x40
0x16ea40	0x58
0x16ea98	0x150
0x16ebe8	0x68
0x16ec50	0x28
0x16ec78	0x28
0x16eca0	0x28
0x16ecc8	0xd4
0x16ed9c	0x78
0x16ee14	0x120
0x16ef34	0x38
0x16ef6c	0x14
0x16ef80	0xd4
0x16f054	0x60
0x16f0b4	0x48
0x16f0fc	0x34
0x16f130	0x38
0x16f168	0xa4
0x16f20c	0x34
0x16f240	0x58
0x16f298	0x68
0x16f300	0x68
0x16f368	0x49c
0x16f804	0xb4
0x16f8b8	0x2c0
0x16fb78	0x144
0x16fcbc	0x160
0x16fe1c	0x8
0x16fe24	0xf0
0x16ff14	0xac
0x16ffc0	0x68c
0x17064c	0x2c8
0x170914	0x3c
0x170950	0x240
0x170b90	0x4a20
0x1755b0	0x60
0x175610	0x5c
0x17566c	0x8
0x175674	0x48
0x1756bc	0x1c50
0x17730c	0x480
0x17778c	0x344
0x177ad0	0x98
0x177b68	0x24
0x177b8c	0xb0
0x177c3c	0x328
0x177f64	0x90
0x177ff4	0xf0
0x1780e4	0x5ec
0x1786d0	0x4c4
0x178b94	0x33c
0x178ed0	0x790
0x179660	0x1ac
0x17980c	0x29c
0x179aa8	0x5b4
0x17a05c	0x844
0x17a8a0	0x74
0x17a914	0x204
0x17ab18	0x170
0x17ac88	0x428
0x17b0b0	0x114
0x17b1c4	0x140
0x17b304	0x200
0x17b504	0x3a8
0x17b8ac	0x58
0x17b904	0x60
0x17b964	0xe8
0x17ba4c	0x108
0x17bb54	0xd0
0x17bc24	0x3c
0x17bc60	0x44c
0x17c0ac	0x7b4
0x17c860	0x90
0x17c8f0	0xc0
0x17c9b0	0x384
0x17cd34	0xb4
0x17cde8	0xb8
0x17cea0	0x338
0x17d1d8	0x240
0x17d418	0x708
0x17db20	0x1c
0x17db3c	0x258
0x17dd94	0xec
0x17de80	0x60
0x17dee0	0x428
0x17e308	0x5c
0x17e364	0x30
0x17e394	0x30
0x17e3c4	0x60
0x17e424	0x220
0x17e644	0xd5c
0x17f3a0	0x130
0x17f4d0	0x6a8
0x17fb78	0x2c
0x17fba4	0x44c
0x17fff0	0x7e0
0x1807d0	0x60
0x180830	0x14
0x180844	0x5c
0x1808a0	0x8c
0x18092c	0x84
0x1809b0	0x40
0x1809f0	0x68
0x180a58	0x14c
0x180ba4	0x80
0x180c24	0x668
0x18128c	0x50
0x1812dc	0x168
0x181444	0x108
0x18154c	0x148
0x181694	0x268
0x1818fc	0x14
0x181910	0x12c
0x181a3c	0xac
0x181ae8	0xc4
0x181bac	0xc4
0x181c70	0x110
0x181d80	0x14c
0x181ecc	0x98
0x181f64	0x590
0x1824f4	0xd0
0x1825c4	0x68
0x18262c	0x40
0x18266c	0x38
0x1826a4	0x2c
0x1826d0	0xa0
0x182770	0x138
0x1828a8	0x74
0x18291c	0x104
0x182a20	0x118
0x182b38	0xdc
0x182c14	0x44
0x182c58	0x94
0x182cec	0x8c
0x182d78	0x218
0x182f90	0x140
0x1830d0	0x154
0x183224	0x150
0x183374	0x1c8
0x18353c	0x9c
0x1835d8	0xc0
0x183698	0x51c
0x183bb4	0x1a8
0x183d5c	0x33c
0x184098	0x34
0x1840cc	0x128
0x1841f4	0x190
0x184384	0x184
0x184508	0x30
0x184538	0xac
0x1845e4	0x6c
0x184650	0x14c
0x18479c	0x154
0x1848f0	0x12c
0x184a1c	0xc8
0x184ae4	0xb0
0x184b94	0x200
0x184d94	0xbc
0x184e50	0xb0
0x184f00	0xf0
0x184ff0	0xccc
0x185cbc	0x58
0x185d14	0x98
0x185dac	0x258
0x186004	0x24
0x186028	0x40
0x186068	0x58
0x1860c0	0x164
0x186224	0x1e8
0x18640c	0x3c
0x186448	0xe0
0x186528	0x88
0x1865b0	0x8
0x1865b8	0x6c
0x186624	0x2c
0x186650	0x4c
0x18669c	0x60
0x1866fc	0x38
0x186734	0x60
0x186794	0x60
0x1867f4	0x80
0x186874	0xfc
0x186970	0x60
0x1869d0	0x88
0x186a58	0x64
0x186abc	0x60
0x186b1c	0xec
0x186c08	0x68
0x186cbc	0xdc
0x186d98	0x24
0x186dbc	0x2c
0x186de8	0x38
0x186e20	0x74
0x186e94	0x568
0x1873fc	0x428
0x187824	0x14
0x187838	0x14
0x18784c	0x4
0x187850	0x14
0x187864	0x4
0x187868	0x14
0x18787c	0x4
0x187880	0xc0
0x187940	0x1cc
0x187b0c	0x120
0x187c2c	0xa0
0x187ccc	0x7c
0x187d48	0x64
0x187dac	0x2c
0x187dd8	0x64
0x187e3c	0xfc
0x187f38	0xbc
0x188ce8	0x14
0x188f1c	0xf8
0x189014	0x14
0x189028	0x284
0x1892ac	0xb4
0x189360	0xc8
0x189428	0x88
0x1894b0	0x68
0x189518	0x4
0x18951c	0x3e8
0x189904	0x620
0x189f24	0x264
0x18a188	0x260
0x18a3e8	0xc
0x18a3f4	0xc
0x18a400	0x4
0x18a404	0x5e0
0x18a9e4	0xc4
0x18aaa8	0x54
0x18aafc	0x30
0x18ab2c	0xc
0x18ab38	0xc
0x18ab44	0x74
0x18abb8	0x1c0
0x18ad78	0x2c
0x18ada4	0xec
0x18ae90	0x21c
0x18b0ac	0x1424
0x18c4d0	0xb4
0x18c584	0x34
0x18c5b8	0x20
0x18c5d8	0x5c4
0x18cb9c	0x5c
0x18cbf8	0x8
0x18cc00	0xec
0x18ccec	0xcc
0x18cdb8	0xaa0
0x18d858	0xa8
0x18d900	0x228
0x18db28	0xa8
0x18dbd0	0x100
0x18dcd0	0x14
0x18dce4	0x64
0x18dd48	0x1fc
0x18df44	0x28c
0x18e1d0	0x1c
0x18e1ec	0x284
0x18e470	0xd0
0x18e540	0x3c
0x18e57c	0x1c0
0x18e73c	0x7c
0x18e7b8	0x13c
0x18e8f4	0x3a4
0x18ec98	0x30
0x18ecc8	0x30
0x18ecf8	0x30
0x18ed28	0x54
0x18ed7c	0xc
0x18ed88	0x1c0
0x18ef48	0x368
0x18f2b0	0x288
0x18f538	0x22c
0x18f764	0x48
0x18f7ac	0x9b8
0x190164	0x1f4
0x190358	0x170
0x1904c8	0x78
0x190540	0x29f4
0x192f34	0x304
0x193238	0x70
0x1932a8	0x238
0x1934e0	0x270
0x193750	0x90
0x1937e0	0x148
0x193928	0x2a8
0x193bd0	0x228
0x193df8	0x114
0x193f0c	0x214
0x194120	0xd8
0x1941f8	0x3a4
0x19459c	0x3c
0x1945d8	0x1b0
0x194788	0x100
0x194888	0x1ac
0x194a34	0x114
0x194b48	0x64
0x194bac	0x5c
0x194c08	0xd0
0x194cd8	0x170
0x194e48	0x184
0x194fcc	0xdc
0x1950a8	0x190
0x195238	0x188
0x1953c0	0x64
0x195424	0x21c
0x195640	0x6e0
0x195d20	0x348
0x196068	0x51c
0x196584	0x210
0x196794	0x80c
0x196fa0	0x198
0x197138	0x46c
0x1975a4	0x28
0x1975cc	0xec
0x1976b8	0x588
0x197c40	0x4c4
0x198104	0x2d8
0x1983dc	0x90
0x19846c	0x80
0x1984ec	0x200
0x1986ec	0x3b4
0x198aa0	0xd8
0x198b78	0x144
0x198cbc	0x5c
0x198d18	0x35c
0x199074	0x15c
0x1991d0	0x688
0x199858	0x5a0
0x199df8	0x60
0x199e58	0x384
0x19a1dc	0x7f0
0x19a9cc	0xa0
0x19aa6c	0x50
0x19aabc	0x74
0x19ab30	0x60
0x19ab90	0xbc
0x19ac4c	0x138
0x19ad84	0x1c0
0x19af44	0x6c
0x19afb0	0x40
0x19aff0	0x50
0x19b040	0x15c
0x19b19c	0xa8
0x19b244	0x24c
0x19b490	0x13c
0x19b5cc	0xac
0x19b678	0x1c0
0x19b838	0x90
0x19b8c8	0x94
0x19b95c	0x94
0x19b9f0	0x18
0x19ba08	0x6c
0x19ba74	0xa4
0x19bb18	0x9c
0x19bbb4	0xf8
0x19bcac	0x1c0
0x19be6c	0x9d30
0x1a5b9c	0xb0
0x1a5c4c	0x12c
0x1a5d78	0x13c
0x1a5eb4	0x2c0
0x1a6174	0x64
0x1a61d8	0x478
0x1a6650	0x128
0x1a6778	0x60
0x1a67d8	0x204
0x1a69dc	0xc4
0x1a6aa0	0x17c
0x1a6c1c	0x70
0x1a6c8c	0x108
0x1a6d94	0x160
0x1a6ef4	0x2b0
0x1a71a4	0x450
0x1a75f4	0x1a8
0x1a779c	0x144
0x1a78e0	0x74
0x1a7954	0xdc0
0x1a8714	0x18
0x1a872c	0x5a8
0x1a8cd4	0xa0
0x1a8d74	0x1ac
0x1a8f20	0x2a4
0x1a91c4	0x34
0x1a91f8	0x7a0
0x1a9998	0x234
0x1a9bcc	0x4c
0x1a9c18	0x4c
0x1a9c64	0x40
0x1a9ca4	0x110
0x1a9db4	0x90
0x1a9e44	0x40
0x1a9e84	0x144
0x1a9fc8	0x80
0x1aa048	0x48
0x1aa090	0x25c
0x1aa2ec	0x2534
0x1ac820	0xac
0x1ac8cc	0x98
0x1ac964	0xcc
0x1aca30	0x6a4
0x1ad0d4	0x12c
0x1ad200	0x1c0
0x1ad3c0	0x44
0x1ad404	0xa4
0x1ad4a8	0xa0
0x1ad548	0xa4
0x1ad5ec	0x1f0
0x1ad7dc	0xa0
0x1ad87c	0xa0
0x1ad91c	0xa0
0x1ad9bc	0xa0
0x1ada5c	0xb4
0x1adb10	0xa0
0x1adbb0	0xdc
0x1adc8c	0x13c
0x1addc8	0x118
0x1adee0	0x118
0x1adff8	0xdc
0x1ae0d4	0xa0
0x1ae174	0xa0
0x1ae214	0xa0
0x1ae2b4	0xa0
0x1ae354	0xa0
0x1ae3f4	0xa0
0x1ae494	0xa0
0x1ae534	0xa8
0x1ae5dc	0x84
0x1ae660	0xa0
0x1ae700	0x830
0x1aef30	0x6c0
0x1af5f0	0x1c0
0x1af7b0	0x174
0x1af924	0xa0
0x1af9c4	0x60
0x1afa24	0x7c
0x1afaa0	0xa4
0x1afb44	0x38c
0x1afed0	0x328
0x1b01f8	0x318
0x1b0510	0x230
0x1b0740	0x58
0x1b0798	0x38
0x1b07d0	0x30
0x1b0800	0x30
0x1b0830	0x70
0x1b08a0	0x8c
0x1b092c	0x1c0
0x1b0aec	0x84
0x1b0b70	0x21c
0x1b0d8c	0x8c
0x1b0e18	0xc
0x1b0e24	0x84
0x1b0ea8	0x270
0x1b1118	0xc
0x1b1124	0xe4
0x1b1208	0xd4
0x1b12dc	0x1c0
0x1b149c	0xb4
0x1b1550	0x80
0x1b15d0	0x260
0x1b1830	0x4
0x1b1834	0xfc
0x1b1930	0x4
0x1b1934	0x74
0x1b19a8	0x4
0x1b19ac	0xd0
0x1b1a7c	0x60
0x1b1adc	0x1c0
0x1b1c9c	0x5f4
0x1b2290	0x5e8
0x1b2878	0x74
0x1b28ec	0x29c
0x1b2b88	0x700
0x1b3288	0xd0
0x1b3358	0xbc
0x1b3414	0x4c
0x1b3460	0x204
0x1b3664	0x104
0x1b3768	0x134
0x1b389c	0x74
0x1b3910	0x1ac
0x1b3abc	0x298
0x1b3d54	0xe8
0x1b3e3c	0x3a0
0x1b41dc	0x1c8
0x1b43a4	0x8
0x1b43ac	0x420
0x1b47cc	0x17c
0x1b4948	0x224
0x1b4b6c	0x14
0x1b4b80	0xa0
0x1b4c20	0x8c
0x1b4cac	0x130
0x1b4ddc	0x14c
0x1b4f28	0x138
0x1b5060	0xc0
0x1b5120	0x2f4
0x1b5414	0x1fc
0x1b5610	0xc8
0x1b56d8	0x100
0x1b57d8	0x198
0x1b5970	0x220
0x1b5b90	0x3f4
0x1b5f84	0xc8
0x1b604c	0x440
0x1b648c	0x1ac
0x1b6638	0xbc
0x1b66f4	0x104
0x1b67f8	0x19c
0x1b6994	0xf8
0x1b6a8c	0x180
0x1b6c0c	0x68
0x1b6c74	0x40
0x1b6cb4	0xb4
0x1b6d68	0x60
0x1b6dc8	0x18
0x1b6de0	0x40
0x1b6e20	0x38
0x1b6e58	0xc4
0x1b6f1c	0x88
0x1b6fa4	0x1c
0x1b6fc0	0x1c
0x1b6fdc	0x44
0x1b7020	0x44
0x1b7064	0x28
0x1b708c	0x158
0x1b71e4	0xa4
0x1b7288	0x1c0
0x1b7448	0xfc4
0x1b840c	0x138
0x1b8544	0xc8
0x1b860c	0x94
0x1b86a0	0x214
0x1b88b4	0x8
0x1b88bc	0xc0
0x1b897c	0xac
0x1b8a28	0x154
0x1b8b7c	0x54
0x1b8bd0	0x1c0
0x1b8d90	0x1c4
0x1b8f54	0xcc
0x1b9020	0x70
0x1b9090	0x74
0x1b9104	0x580
0x1b9684	0x154
0x1b97d8	0x174
0x1b994c	0x3a7c
0x1bd3c8	0xcc
0x1bd494	0x1c4
0x1bd658	0x11c
0x1bd774	0x90
0x1bd804	0xcc
0x1bd8d0	0x95c
0x1be22c	0x2f4
0x1be520	0xac
0x1be5cc	0x2bc
0x1be888	0x738
0x1befc0	0x308
0x1bf2c8	0x13c
0x1bf404	0x11c
0x1bf520	0x70
0x1bf590	0x1ec
0x1bf77c	0x454
0x1bfbd0	0x9e0
0x1c05b0	0x154
0x1c0704	0x88
0x1c078c	0xd0
0x1c085c	0x21f4
0x1c2a50	0xd0
0x1c2b20	0x230
0x1c2d50	0x300
0x1c3050	0x351c
0x1c656c	0xb0
0x1c661c	0x2804
0x1c8e20	0xb0
0x1c8ed0	0x21c
0x1c90ec	0x2f0
0x1c93dc	0xa4
0x1c9480	0x380
0x1c9800	0x2d70
0x1cc570	0xb0
0x1cc620	0x1ac
0x1cc7cc	0xe0
0x1cc8ac	0x78
0x1cc924	0x25c
0x1ccb80	0x284
0x1cce04	0x238
0x1cd03c	0x70
0x1cd0ac	0x60
0x1cd10c	0xa8
0x1cd1b4	0x60
0x1cd214	0x84
0x1cd298	0xc54
0x1cdeec	0xb0
0x1cdf9c	0x9c
0x1ce038	0x148
0x1ce180	0x158
0x1ce2d8	0x238
0x1ce510	0xd18
0x1cf228	0xb0
0x1cf2d8	0x4
0x1cf2dc	0x100
0x1cf3dc	0x1c8
0x1cf5a4	0x98
0x1cf63c	0x188
0x1cf7c4	0x12c
0x1cf8f0	0x208
0x1cfaf8	0xd4
0x1cfbcc	0x24
0x1cfbf0	0x174
0x1cfd64	0xd4
0x1cfe38	0x254
0x1d008c	0x34
0x1d00c0	0x19e4
0x1d1aa4	0x5d8
0x1d207c	0x74
0x1d20f0	0x108
0x1d21f8	0x1d4
0x1d23cc	0x14c
0x1d2518	0xac
0x1d25c4	0xb8
0x1d267c	0xaf8
0x1d3174	0xb0
0x1d3224	0x380
0x1d35a4	0x53c
0x1d3ae0	0x120
0x1d3c00	0x4
0x1d3c04	0xcc
0x1d3cd0	0x10c
0x1d3ddc	0x5e8
0x1d43c4	0x2bc
0x1d4680	0xed0
0x1d5550	0xb0
0x1d5600	0x270
0x1d5870	0x3a4
0x1d5c14	0x84
0x1d5c98	0x44
0x1d5cdc	0x4a4
0x1d6180	0x48
0x1d61c8	0x1f4
0x1d63bc	0x1f8
0x1d65b4	0xb4
0x1d6668	0xa4e0
0x1e0b48	0xb0
0x1e0bf8	0xd0
0x1e0cc8	0x238
0x1e0f00	0x148
0x1e1048	0x538
0x1e1580	0x6c4
0x1e1c44	0x1140
0x1e2d84	0x3e0
0x1e3164	0xa4
0x1e3208	0x3c
0x1e3244	0x31c
0x1e3560	0x30
0x1e3590	0x30
0x1e35c0	0x30
0x1e35f0	0x3378
0x1e6968	0xb0
0x1e6a18	0x3288
0x1e9ca0	0xb0
0x1e9d50	0x31a4
0x1ecef4	0xb0
0x1ecfa4	0x4748
0x1f16ec	0xb0
0x1f179c	0x3288
0x1f4a24	0xb0
0x1f4ad4	0xcc
0x1f4ba0	0x138
0x1f4cd8	0x50
0x1f4d28	0x120
0x1f4e48	0xb0
0x1f4ef8	0x4c
0x1f4f44	0x40
0x1f4f84	0x5d8
0x1f555c	0x194
0x1f56f0	0x60
0x1f5750	0x34
0x1f5784	0x34
0x1f57b8	0x60
0x1f5818	0x34
0x1f584c	0x34
0x1f5880	0x60
0x1f58e0	0x34
0x1f5914	0x34
0x1f5948	0x60
0x1f59a8	0x34
0x1f59dc	0x34
0x1f5a10	0x60
0x1f5a70	0x34
0x1f5aa4	0x34
0x1f5ad8	0x900
0x1f63d8	0x794
0x1f6b6c	0x774
0x1f72e0	0x684
0x1f7964	0x7e0
0x1f8144	0x14
0x1f8158	0xe4
0x1f823c	0xc0
0x1f833c	0x2c
0x1f8368	0xf4
0x1f845c	0x118
0x1f8574	0x1e4
0x1f8758	0x64
0x1f87bc	0x64
0x1f8820	0x6c
0x1f888c	0x3c
0x1f88c8	0x64
0x1f892c	0xf4
0x1f8a20	0x60
0x1f8a80	0x64
0x1f8ae4	0x2c8
0x1f8dac	0x1a4
0x1f8f50	0x314
0x1f9264	0x1b8
0x1f941c	0x30c
0x1f9728	0x1b4
0x1f98dc	0x40c
0x1f9ce8	0x210
0x1f9ef8	0x368
0x1fa260	0x1bc
0x1fa41c	0x25c
0x1fa678	0x70
0x1fa6e8	0xb4
0x1fa79c	0x1e68
0x1fc604	0x22c
0x1fc830	0xe4
0x1fc914	0x44
0x1fc958	0x39c
0x1fccf4	0x5c
0x1fcd50	0x8c
0x1fcddc	0xcc
0x1fcea8	0xb4
0x1fcf5c	0x164
0x1fd0c0	0x2c
0x1fd0ec	0x60
0x1fd14c	0x1c0
0x1fd30c	0xc0
0x1fd3cc	0x44c
0x1fd818	0x1e4
0x1fd9fc	0x130
0x1fdb2c	0x298
0x1fddc4	0x2d0
0x1fe094	0x90
0x1fe124	0x184
0x1fe2a8	0x6c
0x1fe314	0x154
0x1fe468	0x3a8
0x1fe810	0x194
0x1fe9a4	0x190
0x1feb34	0x6c
0x1feba0	0x2bc
0x1fee5c	0x448
0x1ff2a4	0x60
0x1ff304	0x140
0x1ff444	0x78
0x1ff4bc	0xcc
0x1ff588	0x1c0
0x1ff748	0x650
0x1ffd98	0x4f8
0x200290	0x2a4
0x200534	0xc4
0x2005f8	0x198
0x200790	0x2c
0x2007bc	0xa8
0x200864	0x814
0x201078	0x40
0x2010b8	0x118
0x2011d0	0xfc
0x2012cc	0x27c
0x201548	0x1f0
0x201738	0x1f0
0x201928	0x270
0x201b98	0x210
0x201da8	0x204
0x201fac	0x1e0
0x20218c	0x240
0x2023cc	0x130
0x2024fc	0x130
0x20262c	0x1b0
0x2027dc	0x1c4
0x2029a0	0x1ac
0x202b4c	0x1ac
0x202cf8	0xec
0x202de4	0x1c0
0x202fa4	0x1ac
0x203150	0x530
0x203680	0x530
0x203bb0	0x298
0x203e48	0x298
0x2040e0	0x27c
0x20435c	0x9bc
0x204d18	0x188
0x204ea0	0x5e4
0x205484	0x2cc
0x205750	0x2cc
0x205a1c	0x4dc
0x205ef8	0x370
0x206268	0x574
0x2067dc	0x2594
0x208d70	0xe8
0x208e58	0xe4
0x208f3c	0xe4
0x209020	0x27c
0x20929c	0x514
0x2097b0	0x58
0x209808	0x2b8
0x209ac0	0x178
0x209c38	0x2a8
0x209ee0	0x464
0x20a344	0x1c0
0x20a504	0x54
0x20a558	0x28
0x20a580	0x98
0x20a618	0x54
0x20a66c	0x14
0x20a680	0x4
0x20a684	0x388
0x20aa0c	0x74
0x20aa80	0x54
0x20aad4	0x110
0x20abe4	0x34
0x20ac18	0x40
0x20ac58	0x4
0x20ac5c	0x1c0
0x20ae1c	0xa0
0x20aebc	0x94
0x20af50	0x208
0x20b158	0x78
0x20b1d0	0x8
0x20b1d8	0x4
0x20b1dc	0x124
0x20b300	0xe8
0x20b3e8	0xc4
0x20b4ac	0x58
0x20b504	0x30
0x20b534	0x30
0x20b564	0x28
0x20b58c	0x144
0x20b6d0	0xc0
0x20b790	0xe0
0x20b870	0x1b0
0x20ba20	0x34
0x20ba54	0xd8
0x20bb2c	0x8
0x20bb34	0x14
0x20bb48	0x3c
0x20bb84	0x98
0x20bc1c	0x34
0x20bc50	0x7c
0x20bccc	0x74
0x20bd40	0x74
0x20bdb4	0xbc
0x20be70	0x40
0x20beb0	0x130
0x20bfe0	0xb4
0x20c094	0x104
0x20c198	0x8
0x20c1a0	0x8
0x20c1a8	0x7c
0x20c224	0x200
0x20c424	0xa0
0x20c4c4	0x1c0
0x20c684	0x44
0x20c6c8	0x44
0x20c70c	0x100
0x20c80c	0x290
0x20ca9c	0xf0
0x20cb8c	0x150
0x20ccdc	0xbc
0x20cd98	0x2c
0x20cdc4	0x20
0x20cde4	0x20
0x20ce04	0x20
0x20ce24	0xa8
0x20cecc	0x94
0x20cf60	0x1dc
0x20d13c	0x6c
0x20d1a8	0x10c
0x20d2b4	0xac
0x20d360	0x78
0x20d3d8	0x2c
0x20d404	0x64
0x20d468	0x154
0x20d5bc	0x104
0x20d6c0	0x308
0x20d9c8	0x340
0x20dd08	0x224
0x20df2c	0x9c
0x20dfc8	0x74
0x20e03c	0xb4
0x20e0f0	0x110
0x20e200	0x3e0
0x20e5e0	0x54
0x20e634	0x444
0x20ea78	0x26c
0x20ece4	0x70
0x20ed54	0x204
0x20ef58	0x6c
0x20efc4	0x58
0x20f01c	0x68
0x20f084	0x2c
0x20f0b0	0x5c
0x20f10c	0x20
0x20f12c	0x5c
0x20f188	0x4c
0x20f1d4	0x108
0x20f2dc	0x74
0x20f350	0x24
0x20f374	0x398
0x20f70c	0x1e0
0x20f8ec	0x20
0x20f90c	0x350
0x20fc5c	0xc
0x20fc68	0x40
0x20fca8	0x34
0x20fcdc	0x4
0x20fce0	0x268
0x20ff48	0x38
0x20ff80	0x28
0x20ffa8	0x98
0x210040	0x60
0x2100a0	0x1c0
0x210260	0x50
0x2102b0	0x1c4
0x210474	0xf8
0x21056c	0x140
0x2106ac	0x5c
0x210708	0x68
0x210770	0xa4
0x210814	0x80
0x210894	0xb0
0x210944	0xa0
0x2109e4	0x1a0
0x210b84	0x14c
0x210cd0	0x58
0x210d28	0x100
0x210e28	0xbc
0x210ee4	0xb4
0x210f98	0x74
0x21100c	0x7c
0x211088	0x64
0x2110ec	0x60
0x21114c	0x8
0x211154	0x10
0x211164	0x8
0x21116c	0x54
0x2111c0	0xf4
0x2112b4	0xc4
0x211378	0x28
0x2113a0	0x7c
0x21141c	0x68
0x211484	0x64
0x2114e8	0x9c
0x211584	0x148
0x2116cc	0x120
0x2117ec	0xa4
0x211890	0xa4
0x211934	0xa4
0x2119d8	0xa0
0x211a78	0xbc
0x211b34	0x20
0x211b54	0x18
0x211b6c	0x6c
0x211bd8	0x11c
0x211cf4	0x90
0x211d84	0x16c
0x211ef0	0x30
0x211f20	0x78
0x211f98	0xc0
0x212058	0xc0
0x212118	0x14
0x21212c	0x30
0x21215c	0x84
0x2121e0	0x68
0x212248	0x59c
0x2127e4	0x7c
0x212860	0x7c
0x2128dc	0x4c
0x212928	0x1c
0x212944	0x8
0x21294c	0x30
0x21297c	0xd4
0x212a50	0x138
0x212b88	0x68
0x212bf0	0x68
0x212c58	0x118
0x212d70	0x220
0x212f90	0x48
0x212fd8	0x50
0x213028	0x8c
0x2130b4	0x28
0x2130dc	0x10c
0x2131e8	0xfc
0x2132e4	0xd8
0x2133bc	0x24
0x2133e0	0xf0
0x2134d0	0xc4
0x213594	0x1ec
0x213780	0x6c
0x2137ec	0x150
0x21393c	0x20
0x21395c	0x44
0x2139a0	0x204
0x213ba4	0xec
0x213c90	0x58
0x213ce8	0x94
0x213d7c	0x168
0x213ee4	0x178
0x21405c	0xe0
0x21413c	0x1d4
0x214310	0x1ac
0x2144bc	0xb8
0x214574	0x74
0x2145e8	0x160
0x214748	0x58
0x2147a0	0xd4
0x214874	0x178
0x2149ec	0x88
0x214a74	0x8c
0x214b00	0x104
0x214c04	0xac
0x214cb0	0x1b8
0x214e68	0x84
0x214eec	0x48
0x214f34	0x54
0x214f88	0xb8
0x215040	0x8
0x215048	0x2c
0x215074	0x84
0x2150f8	0x14
0x21510c	0x4c
0x215158	0x160
0x2152b8	0x24
0x2152dc	0x40
0x21531c	0x70
0x21538c	0x30
0x2153bc	0x54
0x215410	0x74
0x215484	0x18
0x21549c	0xcc
0x215568	0x84
0x2155ec	0x8
0x2155f4	0x8
0x2155fc	0xd0
0x2156cc	0x18
0x2156e4	0x28
0x21570c	0xac
0x2157b8	0x284
0x215a3c	0x9c
0x215ad8	0x14
0x215aec	0x10
0x215afc	0x6c
0x215b68	0x1c
0x215b84	0x3c
0x215bc0	0x68
0x215c28	0x6c
0x215c94	0x78
0x215d0c	0x34
0x215d40	0x54
0x215d94	0x44
0x215dd8	0x44
0x215e1c	0x8
0x215e24	0x8
0x215e2c	0x2e4
0x216110	0x7c
0x21618c	0x114
0x2162a0	0x168
0x216408	0x1dc
0x2165e4	0x28
0x21660c	0x60
0x21694c	0x268
0x216bb4	0x214
0x216dc8	0x7c
0x216e44	0x48
0x216e8c	0x88
0x216f14	0x7c
0x216f90	0x28
0x216fb8	0x8
0x216fc0	0x160
0x217120	0x62c
0x21774c	0xa8
0x2177f4	0x150
0x217944	0x9c
0x2179e0	0x54
0x217a34	0x88
0x217abc	0x44
0x217b00	0x168
0x217c68	0x150
0x217db8	0x58
0x217e10	0x1d0
0x217fe0	0x1c0
0x2181a0	0x18c
0x21832c	0x108
0x218434	0xdc
0x218510	0x68
0x218578	0x160
0x2186d8	0x11c
0x2187f4	0xf4
0x2188e8	0x8
0x2188f0	0x78
0x218968	0x50
0x2189b8	0x90
0x218a48	0x100
0x218b48	0xac
0x218bf4	0xcc
0x218cc0	0x4c
0x218d0c	0x48
0x218d54	0x194
0x218ee8	0x20
0x218f08	0x50
0x218f58	0xa8
0x219000	0xa0
0x2190a0	0xb0
0x219150	0x118
0x219268	0x20
0x219288	0xf0
0x219378	0x14
0x21938c	0x344
0x2196d0	0x30
0x219700	0x230
0x219930	0x30
0x219960	0x58
0x2199b8	0x34
0x2199ec	0x30
0x219a1c	0xc4
0x219ae0	0xb8
0x219b98	0x40
0x219bd8	0x40
0x219c18	0xa0
0x219cb8	0x70
0x219d28	0x12c
0x219e54	0x94
0x219ee8	0xc3c
0x21ab24	0x54
0x21ab78	0x94
0x21ac0c	0xd8
0x21ace4	0x184
0x21ae68	0x2e0
0x21b148	0x44
0x21b18c	0x7c
0x21b208	0x4fc
0x21b704	0x78
0x21b77c	0x60
0x21b7dc	0x4cc
0x21bca8	0x678
0x21c320	0x78
0x21c398	0x50
0x21c3e8	0xc0
0x21c4a8	0x1d4
0x21c67c	0x94
0x21c710	0x55c
0x21cc6c	0x78
0x21cce4	0x10c
0x21cdf0	0xc
0x21cdfc	0x8
0x21ce04	0xc0
0x21cec4	0x8
0x21cecc	0x88
0x21cf54	0x20
0x21cf74	0x5c
0x21cfd0	0x8
0x21cfd8	0x4
0x21cfdc	0x8
0x21cfe4	0x60
0x21d044	0x74
0x21d0b8	0x6c
0x21d124	0x6c
0x21d190	0x1c0
0x21d350	0x6dc
0x21da2c	0x90
0x21dabc	0x84
0x21db40	0x78
0x21dbb8	0x8
0x21dbc0	0x1c0
0x21dd80	0x1c4
0x21df44	0x1c0
0x21e104	0x4cc
0x21e5d0	0x68
0x21e638	0xb8
0x21e6f0	0xb8
0x21e7a8	0xb8
0x21e860	0xb8
0x21e918	0xb8
0x21e9d0	0x58
0x21ea28	0x144
0x21eb6c	0x1c0
0x21ed2c	0x82c
0x21f558	0x84
0x21f5dc	0xd4
0x21f6b0	0x1d4
0x21f884	0x21c
0x21faa0	0xe8
0x21fb88	0x80
0x21fc08	0x24
0x21fc2c	0x7c
0x21fca8	0x40
0x21fce8	0x5c
0x21fd44	0x598
0x2202dc	0x220
0x2204fc	0xf0
0x2205ec	0xc
0x2205f8	0x1c0
0x2207b8	0x4
0x2207bc	0x94
0x220850	0x1c0
0x220a10	0x8
0x220a18	0xb0
0x220ac8	0x1c
0x220ae4	0x82c
0x221310	0x84
0x221394	0x12c
0x2214c0	0x4d4
0x221994	0x48
0x2219dc	0x1c0
0x221b9c	0x7c
0x221c18	0x54
0x221c6c	0x6c
0x221cd8	0x24
0x221cfc	0x24
0x221d20	0x1c0
0x221ee0	0x4
0x221ee4	0x21c
0x222100	0xc
0x22210c	0x1ec
0x2222f8	0x54
0x22234c	0x54
0x2223a0	0xf8
0x222498	0x2a4
0x22273c	0x168
0x2228a4	0x14
0x2228b8	0x388
0x222c40	0x4c
0x222c8c	0x190
0x222e1c	0x18c
0x222fa8	0x1c0
0x223168	0x64
0x2231cc	0x2c
0x2231f8	0x78
0x223270	0x70
0x2232e0	0xb8
0x223398	0x2c
0x2233c4	0x28
0x2233ec	0xb4
0x2234a0	0xb4
0x223554	0x84
0x2235d8	0x1c0
0x223798	0x78
0x223810	0x88
0x223898	0x14
0x2238ac	0x64
0x223910	0x74
0x223984	0x4c
0x2239d0	0x18
0x2239e8	0xbc
0x223aa4	0x2b8
0x223d5c	0x5c
0x223db8	0x14
0x223dcc	0x80
0x223e4c	0x48
0x223e94	0xc
0x223ea0	0x8
0x223ea8	0x9c
0x223f44	0x134
0x224078	0x1ac
0x224224	0x244
0x224468	0xd4
0x2245e4	0x90
0x224674	0x60
0x2246d4	0x54
0x224728	0x48
0x224770	0x54
0x2247c4	0x54
0x224818	0x14
0x22482c	0x30
0x22485c	0x10
0x22486c	0x24
0x224890	0x24
0x2248b4	0x28
0x2248dc	0x30
0x224e78	0x78
0x224ef0	0x8
0x224ef8	0x40
0x224f38	0xc4
0x224ffc	0x24
0x225020	0x80
0x2253a4	0x8
0x225ddc	0xf8
0x225ed4	0x8
0x226240	0xbc
0x22645c	0x78
0x2264d4	0x28
0x2264fc	0x9c
0x226598	0xc0
0x226658	0x64
0x2266bc	0x64
0x226720	0xcc
0x2267ec	0x84
0x226870	0x60
0x2268d0	0xc4
0x226994	0x58
0x2269ec	0x8
0x2269f4	0xa0
0x226a94	0x15c
0x226bf0	0x154
0x226d44	0x1b4
0x226ef8	0x84
0x226f7c	0xf0
0x22706c	0xc
0x227078	0xc
0x227084	0x1b0
0x2274a0	0x12c
0x2275cc	0xe8
0x227a60	0x14
0x227a74	0xa4
0x227b18	0x98
0x227bb0	0x118
0x227cc8	0x14
0x227cdc	0x38
0x227d14	0x3c
0x228184	0x8
0x22818c	0x28
0x2281b4	0xbc
0x228270	0xbc
0x22832c	0xbc
0x2283e8	0x2c
0x228414	0x38
0x22844c	0x18
0x228890	0x154
0x228b6c	0xf0
0x228c5c	0x14
0x2290ec	0x4
0x2290f0	0x84
0x229174	0x4
0x229178	0x5c
0x2291d4	0x8
0x2299dc	0x54
0x229dac	0x84
0x229e30	0x84
0x229eb4	0x84
0x229f38	0xa0
0x229fd8	0x8c
0x22a064	0x88
0x22a0ec	0x84
0x22a170	0xcc
0x22a23c	0xd0
0x22a30c	0xd0
0x22a3dc	0xd0
0x22b62c	0x7c
0x22b6a8	0x8c
0x22b734	0x1a4
0x22b8d8	0x58
0x22b930	0x4c
0x22b97c	0x2c
0x22b9a8	0x38
0x22b9e0	0x38
0x22ca30	0x424
0x22ce54	0x14
0x22ce68	0x14
0x22ce7c	0x74
0x22cef0	0x84
0x22cf74	0x18
0x22cf8c	0x48
0x22cfd4	0x8
0x22cfdc	0x50
0x22d02c	0x84
0x22d0b0	0x60
0x22d110	0x15c
0x22d26c	0x9c
0x22d308	0x18
0x22d320	0x2c
0x22d34c	0x48
0x22d394	0xbc
0x22d450	0x84
0x22d4d4	0x60
0x22d534	0x244
0x22d778	0x234
0x22d9ac	0x5cc
0x22df78	0x4
0x22df7c	0x5c
0x22dfd8	0x8
0x22dfe0	0x2a4
0x22e284	0x1d0
0x22e454	0x254
0x22e6a8	0x270
0x22e918	0x1c4
0x22eadc	0x70
0x22eb4c	0x38
0x22eb84	0x14
0x22eb98	0x80
0x22ec18	0x34
0x22ec4c	0x34
0x22ec80	0x18
0x22ec98	0x48
0x22ece0	0x6c
0x22ed4c	0x3c
0x22ed88	0x3c
0x22edc4	0xa0
0x22ee64	0x38
0x22ee9c	0x38
0x22eed4	0x18
0x22eeec	0x48
0x22ef34	0x35c
0x22f290	0x54
0x22f2e4	0x3c
0x22f320	0xa4
0x22f3c4	0x38
0x22f3fc	0x38
0x22f434	0x1d4
0x22f608	0x50
0x22f658	0x8
0x22f660	0x68
0x22f6c8	0xb4
0x22f77c	0x48
0x22f7c4	0xc0
0x22f884	0x5c
0x22f8e0	0x8
0x22f8e8	0x84
0x22f96c	0x4
0x22f970	0x4
0x22f974	0x5c
0x22f9d0	0x8
0x22f9d8	0xcc
0x22faa4	0x130
0x22fbd4	0xa0
0x22fc74	0x90
0x22fd04	0xbc
0x22fdc0	0xc8
0x22fe88	0x208
0x230090	0x16c
0x2301fc	0x58
0x230254	0xb0
0x230304	0x48
0x23034c	0xa0
0x2303ec	0x5c
0x230448	0x58
0x2304a0	0x1c
0x2304bc	0x4
0x2304c0	0x8
0x2304c8	0xfc
0x2305c4	0x68
0x23062c	0x144
0x230770	0x68
0x2307d8	0x20c
0x2309e4	0x38
0x230a1c	0x78
0x230a94	0x38
0x230acc	0x50
0x230b1c	0x38
0x230b54	0x60
0x230bb4	0x78
0x230c2c	0x80
0x230cac	0x32c
0x230fd8	0x58
0x231030	0x68
0x231098	0x68
0x231100	0x9c
0x23119c	0x60
0x2311fc	0x78
0x231274	0x5c
0x2312d0	0x31c
0x2315ec	0x58
0x231644	0x18
0x23165c	0x318
0x231974	0x38
0x2319ac	0xbc
0x231a68	0x38
0x231aa0	0x9c
0x231b3c	0x48
0x231b84	0xc8
0x231c4c	0x38
0x231c84	0x68
0x231cec	0x1c
0x231d08	0x8
0x231d10	0x8
0x231d18	0x50
0x231d68	0x44
0x231dac	0x50
0x231dfc	0x108
0x231f04	0x6c
0x231f70	0x6c
0x231fdc	0x70
0x23204c	0x64
0x2320b0	0x58
0x232108	0x6c
0x232174	0x78
0x2321ec	0xc0
0x2322ac	0x38
0x2322e4	0x50
0x232334	0x48
0x23237c	0x88
0x232404	0x38
0x23243c	0x50
0x23248c	0x58
0x2324e4	0x84
0x232568	0x48
0x2325b0	0x50
0x232600	0x44
0x232644	0x50
0x232694	0x48
0x2326dc	0x50
0x23272c	0x50
0x23277c	0x68
0x2327e4	0x8
0x2327ec	0xa4
0x232890	0x70
0x232900	0x34
0x232934	0x8
0x23293c	0x9c
0x2329d8	0x70
0x232a48	0x34
0x232a7c	0x8
0x232a84	0xa4
0x232b28	0x58
0x232b80	0x108
0x232c88	0x4c
0x232cd4	0x20
0x232cf4	0x8
0x232cfc	0x70
0x232d6c	0xa0
0x232e0c	0x5c
0x232e68	0x8
0x232e70	0xa8
0x232f18	0xac
0x232fc4	0x64
0x233028	0x6a8
0x2336d0	0x374
0x233a44	0x2d4
0x233d18	0x60
0x233d78	0xd4
0x233e4c	0x16c
0x233fb8	0x274
0x23422c	0xec
0x234318	0x5c
0x234374	0x8
0x23437c	0x84
0x234400	0x40
0x234440	0x24c
0x23468c	0x14
0x2346a0	0x18c
0x23482c	0x40
0x23486c	0x6a0
0x234f0c	0x40
0x234f4c	0x84
0x234fd0	0x40
0x235010	0x84
0x235094	0x5c
0x2350f0	0x8
0x2350f8	0x5c
0x235154	0x8
0x23515c	0x7a0
0x2358fc	0xb8
0x2359b4	0x76c
0x236120	0x2c4
0x2363e4	0x2ec
0x2366d0	0x84
0x236754	0x84
0x2367d8	0x84
0x23685c	0x1cc
0x236a28	0x694
0x2370bc	0x230
0x2372ec	0x304
0x2375f0	0x4880
0x23be70	0x14c
0x23bfbc	0x28c
0x23c248	0x9c
0x23c2e4	0x170
0x23c454	0x62c
0x23ca80	0x20c
0x23cc8c	0xf8
0x23cd84	0x458
0x23d1dc	0x4a8
0x23d684	0x408
0x23da8c	0x4
0x23da90	0x2a4
0x23dd34	0x614
0x23e348	0x3f0
0x23e738	0x1f0
0x23e928	0x184
0x23eaac	0x2b0
0x23ed5c	0x8
0x23ed64	0x10
0x23ed74	0x4a4
0x23f218	0x2f0
0x23f508	0x8
0x23f510	0x8
0x23f518	0x40c
0x23f924	0x798
0x2400bc	0x354
0x240410	0x2ac
0x2406bc	0x484
0x240b40	0x4
0x240b44	0x5c
0x240ba0	0x8
0x240ba8	0x270
0x240e18	0xcc
0x240ee4	0x358
0x24123c	0x638
0x241874	0x628
0x241e9c	0x770
0x24260c	0x434
0x242a40	0x448
0x242e88	0x380
0x243208	0x290
0x243498	0xd4
0x24356c	0x2b8
0x243824	0x2d4
0x243af8	0x53c
0x244034	0x254
0x244288	0x2f4
0x24457c	0x130
0x2446ac	0x55c
0x244c08	0xa1c
0x245624	0x24c
0x245870	0x364
0x245bd4	0x6e8
0x2462bc	0x6f4
0x2469b0	0x84
0x246a34	0x31c
0x246d50	0x30c
0x24705c	0x750
0x2477ac	0x54
0x247800	0x59c
0x247d9c	0x3e0
0x24817c	0x1ac
0x248328	0xf0
0x248418	0x414
0x24882c	0x5d4
0x248e00	0x3b4
0x2491b4	0x60
0x249214	0x46c
0x249680	0x5ac
0x249c2c	0x60
0x249c8c	0x1c4
0x249e50	0x110
0x249f60	0x194
0x24a0f4	0x9c
0x24a190	0x3f4
0x24a584	0x22c
0x24a7b0	0x110
0x24a8c0	0x44c
0x24ad0c	0x6cc
0x24b3d8	0x310
0x24b6e8	0x358
0x24ba40	0x90
0x24bad0	0x98
0x24bb68	0x78
0x24bbe0	0x7e4
0x24c3c4	0x2bc
0x24c680	0x54
0x24c6d4	0x1d8
0x24c8ac	0x588
0x24ce34	0x54
0x24ce88	0x404
0x24d28c	0x264
0x24d4f0	0xb00
0x24dff0	0x18c
0x24e17c	0x118
0x24e294	0x41c
0x24e6b0	0x124
0x24e7d4	0x11ac
0x24f980	0x398
0x24fd18	0x350
0x250068	0xd4
0x25013c	0x210
0x25034c	0x23c
0x250588	0x360
0x2508e8	0x334
0x250c1c	0x2ac
0x250ec8	0x118
0x250fe0	0x90
0x251070	0x140
0x2511b0	0x98
0x251248	0x60
0x2512a8	0x60
0x251308	0x60
0x251368	0x60
0x2513c8	0x60
0x251428	0x60
0x251488	0x7c
0x251504	0x6c
0x251570	0x60
0x2515d0	0x60
0x251630	0x2c
0x25165c	0x64
0x2516c0	0x64
0x251724	0xa0
0x2518f0	0x4
0x2518f4	0xc8
0x2519bc	0xa0
0x251a5c	0x7c
0x251ad8	0x354
0x251e2c	0x14
0x251e40	0xa8
0x251ee8	0x98
0x251f80	0x98
0x252018	0xd8
0x2520f0	0x2c
0x25211c	0x64
0x252180	0x64
0x2521e4	0x64
0x252248	0x64
0x2522ac	0x64
0x252310	0x64
0x252374	0x2c
0x2523a0	0x64
0x252404	0x64
0x252468	0xb0
0x252518	0x78
0x252590	0x78
0x252608	0x11c
0x252724	0x3c
0x252760	0x2c
0x25278c	0x2c
0x2527b8	0x100
0x2528b8	0x9c
0x252954	0x188
0x252adc	0xf8
0x252bd4	0x14
0x252d7c	0x14
0x252d90	0x120
0x252eb0	0x14
0x252ec4	0xf8
0x252fbc	0x14
0x252fd0	0xf0
0x2530c0	0x14
0x2530d4	0xf0
0x2531c4	0x14
0x2531d8	0x130
0x253308	0x14
0x25331c	0x8c
0x2533a8	0x2c
0x2533d4	0x2c
0x253400	0xc0
0x2534c0	0x254
0x253714	0x30c
0x253a20	0x70
0x253a90	0x48
0x253ad8	0x8
0x253ae0	0x54
0x253b34	0x30
0x253b64	0x44
0x253ba8	0x88
0x253c30	0x30
0x253c60	0x6c
0x253ccc	0x60
0x253d2c	0x1dc
0x253f08	0x70
0x253f78	0x48
0x253fc0	0x8
0x253fc8	0x54
0x25401c	0x30
0x25404c	0x44
0x254090	0x88
0x254118	0x30
0x254148	0x6c
0x2541b4	0x60
0x254214	0x1dc
0x2543f0	0x1fc
0x2545ec	0x124
0x254710	0x25c
0x25496c	0x30
0x25499c	0x30
0x2549cc	0x78
0x254a44	0x88
0x254acc	0x60
0x254b2c	0x6c
0x254b98	0x48
0x254be0	0xf4
0x254cd4	0x10
0x254ce4	0x14
0x254cf8	0x10
0x254d08	0xc8
0x254dd0	0x88
0x254e58	0xe4
0x254f3c	0x10
0x254f4c	0x20
0x254f6c	0x8
0x254f74	0x10
0x254f84	0x94
0x255018	0xd8
0x2550f0	0xc4
0x2551b4	0xd0
0x255284	0x64
0x2552e8	0x980
0x255c68	0xbc
0x255d24	0x5c
0x255d80	0x58
0x255dd8	0x8
0x255de0	0x64
0x255e44	0x60
0x255ea4	0x4c
0x255ef0	0x11c
0x25600c	0x8
0x256014	0x580
0x256594	0x10
0x2565a4	0x8
0x2565ac	0x638
0x256be4	0x630
0x257214	0xd54
0x257f68	0xd4
0x25803c	0x160
0x25819c	0x160
0x2582fc	0x4f8
0x2587f4	0xd0
0x2588c4	0x1a0
0x258a64	0x3c
0x258aa0	0x478
0x258f18	0x360
0x259278	0x288
0x259500	0x444
0x259944	0x54
0x259998	0x60
0x2599f8	0xac
0x259aa4	0xc8
0x259be4	0xb8
0x259c9c	0x24
0x259cc0	0x24
0x259ce4	0x60
0x259d44	0x8
0x259d4c	0x60
0x259dac	0x14
0x259dc0	0x64
0x259e24	0xcc
0x259ef0	0x64
0x259f54	0x124
0x25a078	0x28
0x25a0a0	0xd4
0x25a174	0x74
0x25a1e8	0x64
0x25a24c	0x140
0x25a38c	0x78
0x25a404	0x108
0x25a50c	0x2bc
0x25a7c8	0x14
0x25a7dc	0x38
0x25a814	0x554
0x25ad68	0x35c
0x25b0c4	0x80
0x25b144	0x2c
0x25b170	0x2d4
0x25b444	0xfc
0x25b540	0x12c
0x25b66c	0x4
0x25b670	0x144
0x25b7b4	0x4
0x25b7b8	0x120
0x25b8d8	0x1dc
0x25bab4	0x60
0x25bb14	0x1c0
0x25bcd4	0xf8
0x25bdcc	0x24c
0x25c018	0x64
0x25c07c	0x98
0x25c114	0x50
0x25c164	0x20
0x25c184	0x34
0x25c1b8	0x4c
0x25c204	0xb0
0x25c2b4	0x50
0x25c304	0x68
0x25c36c	0x48
0x25c3b4	0x38
0x25c3ec	0xf8
0x25c4e4	0x14c
0x25c630	0x84
0x25c6b4	0xa4
0x25c758	0x170
0x25c8c8	0x100
0x25c9c8	0x124
0x25caec	0x94
0x25cb80	0x1c4
0x25cd44	0x218
0x25cf5c	0x1e8
0x25d144	0x12c
0x25d270	0x1c0
0x25d430	0x27c
0x25d6ac	0x19c
0x25d848	0xe8
0x25d930	0x78
0x25d9a8	0x278
0x25dc20	0x9c
0x25dcbc	0x50
0x25dd0c	0x240
0x25df4c	0x1c0
0x25e10c	0x20
0x25e12c	0x20
0x25e14c	0x5c
0x25e1a8	0x54
0x25e1fc	0x104
0x25e300	0xa8
0x25e3a8	0x50
0x25e3f8	0x6c
0x25e464	0x104
0x25e568	0x7c
0x25e5e4	0x7c
0x25e660	0x50
0x25e6b0	0x98
0x25e748	0x80
0x25e7c8	0xbc
0x25e884	0xc4
0x25e948	0x24
0x25e96c	0x90
0x25e9fc	0x68
0x25ea64	0x26c
0x25ecd0	0x50
0x25ed20	0x4c
0x25ed6c	0x2c4
0x25f030	0x88
0x25f0b8	0x31c
0x25f3d4	0xa0
0x25f474	0x270
0x25f6e4	0x264
0x25f948	0xc8
0x25fa10	0x44
0x25fa54	0x224
0x25fc78	0x74
0x25fcec	0x54
0x25fd40	0x44
0x25fd84	0x24c
0x25ffd0	0x208
0x2601d8	0x17c
0x260354	0xd4
0x260428	0x130
0x260558	0x38
0x260590	0x2c0
0x260850	0xd0
0x260920	0x30
0x260950	0xbc
0x260a0c	0x390
0x260d9c	0x118
0x260eb4	0xb8
0x260f6c	0xe4
0x261050	0x1b8
0x261208	0x1d8
0x2613e0	0x218
0x2615f8	0x444
0x261a3c	0x544
0x261f80	0x32c
0x2622ac	0x24
0x2622d0	0xc4
0x262394	0x1d4
0x262568	0x100
0x262668	0x298
0x262900	0xec
0x2629ec	0x130
0x262b1c	0x5c
0x262b78	0x7c
0x262bf4	0x80
0x262c74	0xc8
0x262d3c	0x130
0x262e6c	0xd90
0x263bfc	0x7c
0x263c78	0x84
0x263cfc	0x8fc
0x2645f8	0x34
0x26462c	0x56c
0x264b98	0x78
0x264c10	0x80
0x264c90	0x184
0x264e14	0x30
0x264e44	0x5c0
0x265404	0x558
0x26595c	0xe8
0x265a44	0x1c0
0x265c04	0x28
0x265c2c	0x180
0x265dac	0x4
0x265db0	0x78
0x265e28	0x240
0x266068	0xd8
0x266140	0x248
0x266388	0x148
0x2664d0	0x27c
0x26674c	0x120
0x26686c	0x5e0
0x266e4c	0x164
0x266fb0	0x2e8
0x267298	0xb4
0x26734c	0x2dc
0x267628	0x280
0x2678a8	0x498
0x267d40	0x270
0x267fb0	0x24
0x267fd4	0x90
0x268064	0x74
0x2680d8	0x1c8
0x2682a0	0xe0
0x268380	0x24
0x2683a4	0x34
0x2683d8	0x14c
0x268524	0x8c
0x2685b0	0x84
0x268634	0x10
0x268644	0x158
0x26879c	0xbc
0x268858	0x5c
0x2688b4	0xc8
0x26897c	0x1b0
0x268b2c	0xe8
0x268c14	0x20
0x268c34	0x20
0x268c54	0x20
0x268c74	0x20
0x268c94	0x30
0x268cc4	0x74
0x268d38	0x9c
0x268dd4	0xc
0x268de0	0x44
0x268e24	0x12c
0x268f50	0xc4
0x269014	0x1bc
0x2691d0	0x340
0x269510	0xdc
0x2695ec	0x58
0x269644	0xb8
0x2696fc	0xd8
0x2697d4	0xdc
0x2698b0	0x8
0x2698b8	0x38
0x2698f0	0x8
0x2698f8	0x20
0x269918	0x50
0x269968	0x68
0x2699d0	0x48
0x269a18	0x48
0x269a60	0x8
0x269a68	0x8
0x269a70	0x50
0x269ac0	0x50
0x269b10	0x68
0x269b78	0x48
0x269bc0	0x48
0x269c08	0x8
0x269c10	0xc
0x269c1c	0x8
0x269c24	0x30
0x269c54	0x8
0x269c5c	0xa4
0x269d00	0x88
0x269d88	0x50
0x269dd8	0x7c
0x269e54	0x17c
0x269fd0	0x1b8
0x26a188	0xf8
0x26a280	0x40
0x26a2c0	0x140
0x26a400	0xa0
0x26a4a0	0x40
0x26a4e0	0x98
0x26a578	0x8
0x26a580	0x14
0x26a594	0x14
0x26a5a8	0x14
0x26a5bc	0x16c
0x26a728	0x58
0x26a780	0x88
0x26a808	0x20
0x26a828	0x5c
0x26a884	0x78
0x26a8fc	0x78
0x26a974	0xc8
0x26aa3c	0x14
0x26aa50	0x40
0x26aa90	0x10
0x26aaa0	0x10
0x26aab0	0x10
0x26aac0	0x54
0x26ab14	0xec
0x26ac00	0x7c
0x26ac7c	0x1c
0x26ac98	0xa4
0x26ad3c	0x84
0x26adc0	0x80
0x26ae40	0x1c
0x26ae5c	0x100
0x26af5c	0x48
0x26afa4	0x2c
0x26afd0	0x18
0x26afe8	0x30
0x26b018	0x30
0x26b048	0x198
0x26b210	0x88
0x26b298	0x40
0x26b2d8	0x124
0x26b3fc	0x48
0x26b444	0x68
0x26b5ac	0x60
0x26b60c	0xa0
0x26b6ac	0xc0
0x26b76c	0x34
0x26b7a0	0xf0
0x26b890	0x5c
0x26b8ec	0x3c
0x26b928	0xb4
0x26b9dc	0x48
0x26ba24	0x48
0x26ba6c	0x40
0x26baac	0x22c
0x26bcd8	0x6c
0x26bd44	0x94
0x26bdd8	0x30
0x26be08	0x60
0x26be68	0xc
0x26be74	0xe8
0x26bf5c	0x1e0
0x26c13c	0x60
0x26c19c	0x70
0x26c20c	0x118
0x26c324	0x168
0x26c48c	0x90
0x26c51c	0xe4
0x26c600	0x38
0x26c638	0x138
0x26c770	0x78
0x26c7e8	0x48
0x26c830	0x68
0x26c898	0x114
0x26c9ac	0xf0
0x26ca9c	0xf8
0x26cf0c	0x94
0x26cfa0	0x50
0x26cff0	0x68
0x26d058	0x2c8
0x26d320	0x2b4
0x26d5d4	0x260
0x26d834	0xdc
0x26d910	0xc
0x26d91c	0x90
0x26d9ac	0xf0
0x26da9c	0x8c
0x26db28	0x9c
0x26dbc4	0x188
0x26dd4c	0x300
0x26e04c	0x58
0x26e0a4	0x30
0x26e0d4	0x88
0x26e15c	0x7ac
0x26e908	0xc
0x26e914	0x54
0x26e968	0xbc
0x26ea24	0x4c
0x26ea70	0x1ac
0x26ec1c	0x68
0x26ec84	0x68
0x26ecec	0x70
0x26ed5c	0x60
0x26edbc	0x70
0x26ee2c	0x68
0x26ee94	0x68
0x26eefc	0x124
0x26f020	0x68
0x26f088	0x68
0x26f0f0	0x70
0x26f160	0x60
0x26f1c0	0x70
0x26f230	0x68
0x26f298	0x68
0x26f300	0x38
0x26f338	0x74
0x26f3ac	0x74
0x26f420	0x7c
0x26f49c	0x6c
0x26f508	0x7c
0x26f584	0x74
0x26f5f8	0x74
0x26f66c	0x44
0x26f6b0	0x74
0x26f724	0x74
0x26f798	0x7c
0x26f814	0x6c
0x26f880	0x7c
0x26f8fc	0x74
0x26f970	0x74
0x26f9e4	0x44
0x26fa28	0x5c
0x26fa84	0x5c
0x26fae0	0x64
0x26fb44	0x54
0x26fb98	0x64
0x26fbfc	0x5c
0x26fc58	0x5c
0x26fcb4	0x2c
0x26fce0	0x80
0x26fd60	0x80
0x26fde0	0x88
0x26fe68	0x78
0x26fee0	0x88
0x26ff68	0x80
0x26ffe8	0x80
0x270068	0x50
0x2700b8	0x80
0x270138	0x80
0x2701b8	0x88
0x270240	0x78
0x2702b8	0x88
0x270340	0x80
0x2703c0	0x80
0x270440	0x50
0x270490	0x8c
0x27051c	0x8c
0x2705a8	0x94
0x27063c	0x84
0x2706c0	0x94
0x270754	0x8c
0x2707e0	0x8c
0x27086c	0x5c
0x2708c8	0x8c
0x270954	0x8c
0x2709e0	0x94
0x270a74	0x84
0x270af8	0x94
0x270b8c	0x8c
0x270c18	0x8c
0x270ca4	0x5c
0x270d00	0x84
0x270d84	0x84
0x270e08	0x8c
0x270e94	0x7c
0x270f10	0x8c
0x270f9c	0x84
0x271020	0x84
0x2710a4	0x54
0x2710f8	0x84
0x27117c	0x84
0x271200	0x8c
0x27128c	0x7c
0x271308	0x8c
0x271394	0x84
0x271418	0x84
0x27149c	0x54
0x2714f0	0x90
0x271580	0x90
0x271610	0x98
0x2716a8	0x88
0x271730	0x98
0x2717c8	0x90
0x271858	0x90
0x2718e8	0x60
0x271948	0x90
0x2719d8	0x90
0x271a68	0x98
0x271b00	0x88
0x271b88	0x98
0x271c20	0x90
0x271cb0	0x90
0x271d40	0x60
0x271da0	0x84
0x271e24	0x84
0x271ea8	0x8c
0x271f34	0x7c
0x271fb0	0x8c
0x27203c	0x84
0x2720c0	0x84
0x272144	0x58
0x27219c	0x84
0x272220	0x84
0x2722a4	0x8c
0x272330	0x7c
0x2723ac	0x8c
0x272438	0x84
0x2724bc	0x84
0x272540	0x58
0x272598	0x90
0x272628	0x90
0x2726b8	0x98
0x272750	0x88
0x2727d8	0x98
0x272870	0x90
0x272900	0x90
0x272990	0x64
0x2729f4	0x90
0x272a84	0x90
0x272b14	0x98
0x272bac	0x88
0x272c34	0x98
0x272ccc	0x90
0x272d5c	0x90
0x272dec	0x64
0x272e50	0x78
0x272ec8	0x78
0x272f40	0x80
0x272fc0	0x70
0x273030	0x80
0x2730b0	0x78
0x273128	0x78
0x2731a0	0x4c
0x2731ec	0xa4
0x273290	0xa4
0x273334	0xa4
0x2733d8	0xa4
0x27347c	0xa4
0x273520	0xa4
0x2735c4	0xa4
0x273668	0xb0
0x273718	0xa4
0x2737bc	0xa4
0x273860	0xa4
0x273904	0xa4
0x2739a8	0xa4
0x273a4c	0xa4
0x273af0	0xa4
0x273b94	0xb0
0x273c44	0xbc
0x273d00	0xbc
0x273dbc	0xbc
0x273e78	0xbc
0x273f34	0xbc
0x273ff0	0xbc
0x2740ac	0xbc
0x274168	0xc8
0x274230	0xbc
0x2742ec	0xbc
0x2743a8	0xbc
0x274464	0xbc
0x274520	0xbc
0x2745dc	0xbc
0x274698	0xbc
0x274754	0xc8
0x27481c	0x94
0x2748b0	0x94
0x274944	0x94
0x2749d8	0x94
0x274a6c	0x94
0x274b00	0x94
0x274b94	0x94
0x274c28	0x8c
0x274cb4	0x94
0x274d48	0x94
0x274ddc	0x94
0x274e70	0x94
0x274f04	0x94
0x274f98	0x94
0x27502c	0x94
0x2750c0	0x8c
0x27514c	0xa0
0x2751ec	0xa0
0x27528c	0xa0
0x27532c	0xa0
0x2753cc	0xa0
0x27546c	0xa0
0x27550c	0xa0
0x2755ac	0x98
0x275644	0xa0
0x2756e4	0xa0
0x275784	0xa0
0x275824	0xa0
0x2758c4	0xa0
0x275964	0xa0
0x275a04	0xa0
0x275aa4	0x98
0x275b3c	0x24
0x275b60	0x68
0x275bcc	0x10
0x275be0	0x14
0x275bf4	0x24
0x275c18	0x14
0x275c2c	0x54
0x275c80	0x1e0
0x275e60	0xac
0x275f0c	0x94
0x275fa0	0x58
0x275ff8	0x6c
0x276064	0x8
0x27606c	0x8
0x276074	0x60
0x2760d4	0x8
0x2760dc	0x74
0x276150	0x8
0x276158	0x20
0x276178	0x1c
0x276194	0x40
0x2761d4	0xa8
0x27627c	0x88
0x2763d8	0x28
0x276400	0x10
0x276410	0x54
0x276464	0x178
0x2765dc	0xc0
0x27669c	0x304
0x2769a0	0x320
0x276cc0	0xa0
0x276d60	0x50
0x276db0	0x58
0x276e08	0x4c
0x276e54	0x68
0x276ebc	0xf0
0x276fac	0x64
0x277010	0x12c
0x27713c	0x120
0x27725c	0x28
0x277284	0x38
0x2772bc	0x5c
0x277318	0x68
0x277380	0x64
0x2773e4	0x14c
0x277530	0x8
0x277538	0x80
0x2775b8	0x38
0x2775f0	0x98
0x277688	0x4c
0x2776d4	0x70
0x277744	0x78
0x2777bc	0x5c
0x277818	0x30
0x277848	0x60
0x2778a8	0x3c
0x2778e4	0xc
0x2778f0	0x50
0x277940	0x38
0x277978	0x30
0x2779a8	0x64
0x277a0c	0x10
0x277a1c	0xd8
0x277af4	0x6c
0x277b60	0x10
0x277b70	0x54
0x277bc4	0x148
0x277d0c	0x50
0x277d5c	0x74
0x277dd0	0x58
0x277e28	0x64
0x277e8c	0x84
0x277f10	0x68
0x277f78	0x7c
0x277ff4	0x74
0x278068	0x40
0x2780a8	0x58
0x278100	0x2c
0x27812c	0xc0
0x2781ec	0xb4
0x2782ec	0xc
0x2782f8	0x54
0x27834c	0x144
0x278490	0x68
0x2784f8	0x8c
0x278584	0x10
0x278594	0xa4
0x278638	0x70
0x2786a8	0xc
0x2786b4	0x54
0x278708	0x50
0x278758	0x10
0x278768	0x158
0x2788c0	0x24
0x2788e4	0x14
0x2788f8	0x68
0x278960	0x10
0x278970	0x8
0x278978	0x8
0x278980	0x8
0x278988	0x8
0x278990	0x8
0x278998	0x8
0x2789a0	0x8
0x2789a8	0xc
0x2789b4	0x10c
0x278ac0	0x48
0x278b08	0x8c
0x278b94	0x128
0x278cbc	0x128
0x278de4	0x174
0x278f58	0x34
0x278f8c	0x9c
0x279028	0x8
0x279030	0x1b8
0x2791e8	0x37c
0x279b80	0x6c
0x279bec	0x38
0x279c24	0x7c
0x279ca0	0x98
0x279d38	0x5b8
0x27a2f0	0x330
0x27a620	0x2c4
0x27a8e4	0x150
0x27aa34	0x1b4
0x27abe8	0x64
0x27ac4c	0x54
0x27aca0	0x18c
0x27ae2c	0x188
0x27afb4	0xdc
0x27b090	0x21c
0x27b2ac	0x94
0x27b340	0x1e0
0x27b520	0xc8
0x27b5e8	0x54
0x27b63c	0x2c
0x27b668	0x68
0x27b6d0	0x150
0x27b820	0x64
0x27b884	0x9fc
0x27c280	0x124
0x27c3a4	0x44
0x27c3e8	0xf0
0x27c4d8	0x48
0x27c520	0x40
0x27c560	0x48
0x27c5a8	0x30
0x27c5d8	0x84
0x27c65c	0x44
0x27c6a0	0x30
0x27c6d0	0x60
0x27c730	0x48
0x27c778	0x50
0x27c7c8	0x24
0x27c7ec	0x44
0x27c830	0x44
0x27c874	0x2fc
0x27cb70	0x1fc
0x27cd6c	0x2c
0x27cd98	0x1e8
0x27cf80	0x13c
0x27d0bc	0xc
0x27d0c8	0xc
0x27d0d4	0x54
0x27d128	0x50
0x27d178	0x13c
0x27d2b4	0xd0
0x27d384	0x194
0x27d518	0x190
0x27d6a8	0xd4
0x27d77c	0x40
0x27d7bc	0x1ac
0x27d968	0x78
0x27d9e0	0x40
0x27da20	0x80
0x27daa0	0x24
0x27dac4	0x4c
0x27db10	0xd8
0x27dbe8	0x40
0x27dc28	0x60
0x27dc88	0x8
0x27dc90	0x8
0x27dc98	0x8
0x27dca0	0x8
0x27dca8	0x8
0x27dcb0	0x8
0x27dcb8	0x8
0x27dcc0	0x8
0x27dcc8	0xa8
0x27dd70	0x4c
0x27ddbc	0x74
0x27de30	0x140
0x27df70	0x80
0x27dff0	0x124
0x27e114	0x84
0x27e198	0x50
0x27e1e8	0x58
0x27e240	0x80
0x27e2c0	0x8
0x27e2c8	0x10
0x27e2d8	0x120
0x27e4d4	0x8
0x27e4dc	0x30
0x27e50c	0x60
0x27e56c	0x78
0x27e5e4	0x5c
0x27e640	0xf0
0x27e730	0xe4
0x27e814	0x20
0x27e834	0x54
0x27e888	0x30
0x27e8b8	0xf8
0x27e9b0	0x128
0x27ead8	0x1a8
0x27ec80	0x28
0x27eca8	0x20
0x27ecc8	0x1b0
0x27ee78	0x188
0x27f000	0x3c
0x27f03c	0x74
0x27f0b0	0x58
0x27f108	0x84
0x27f18c	0x64
0x27f1f0	0x64
0x27f254	0x9c
0x27f2f0	0xac
0x27f39c	0x54
0x27f3f0	0x90
0x27f480	0x25c
0x27f6dc	0x88
0x27f764	0xdc
0x27f840	0x54
0x27f894	0x74
0x27f908	0x90
0x27f998	0x2ac
0x27fc44	0xb0
0x27fcf4	0x44
0x27fd38	0x8
0x27fd40	0x1c
0x27fd5c	0x54
0x27fdb0	0x20
0x27fdd0	0x20
0x27fdf0	0x28
0x27fe18	0x28
0x27fe40	0x22c
0x28006c	0x108
0x280174	0xb8
0x28022c	0x100
0x28032c	0x78
0x2803a4	0x7c
0x28047c	0x20
0x28049c	0xc
0x2804a8	0x8
0x2804b0	0x68
0x280518	0x30
0x280548	0x50
0x280598	0xec
0x280684	0x130
0x2807b4	0xe0
0x280894	0x24
0x2808b8	0x24
0x2808dc	0x28
0x280904	0x2c
0x280930	0xa0
0x2809d0	0x24
0x2809f4	0x28
0x280a1c	0x28
0x280a44	0x28
0x280a6c	0x28
0x284aa0	0x14
0x284ab4	0x14
0x284ac8	0x14
0x286aac	0x68
0x288778	0x10
0x2887a0	0x10
0x28aa6c	0x2f0
0x28ad5c	0x2c8
0x28b040	0x4c
0x28b11c	0x44
0x28df60	0x2c
0x28dfa8	0x64
0x28e00c	0x24
0x28e048	0x8
0x28e1dc	0x20
0x28e218	0x38
0x28e250	0x60
0x28e2b0	0x2c
0x28e2f8	0x34
0x28e3f8	0x130
0x28f66c	0x24
0x28fb1c	0x28
0x2951a0	0x44
0x2951e4	0x124
0x295308	0x2a8
0x2955b0	0x58
0x295608	0x58
0x295660	0x2f8
0x295958	0x314
0x295c6c	0x44
0x295cb0	0x290
0x295f40	0xac
0x295fec	0x9c0
0x2969ac	0x190
0x296b3c	0x4dc
0x297018	0xb8
0x2970d0	0x1b0
0x297280	0x11c
0x29739c	0xbc
0x297510	0x264
0x297774	0x68
0x2977dc	0x268
0x297a44	0x16c
0x297bb0	0x188
0x297d38	0xbc
0x297df4	0x18c
0x297f80	0x90
0x298010	0x1c
0x29802c	0xc8
0x2980f4	0x64
0x298158	0xf0
0x298248	0x70
0x2982b8	0x210
0x2984c8	0x50
0x298518	0x98
0x2985b0	0x84
0x298634	0x48
0x29867c	0x50
0x2986cc	0x40
0x29870c	0x28
0x298734	0x48
0x29877c	0x50
0x2987cc	0x64
0x298830	0xa4
0x2988d4	0x2f4
0x298bc8	0x78
0x298c40	0xac
0x298cec	0x8
0x298cf4	0x40
0x298d34	0x34
0x298d68	0x21c
0x298f84	0x1034
0x299fb8	0x79c
0x29a754	0x10
0x29a764	0x190
0x29a8f4	0x24
0x29a918	0xd8
0x29a9f0	0xb8
0x29aaa8	0x188
0x29ac30	0x360
0x29af90	0x134
0x29b238	0x174
0x29b3ac	0x4b0
0x29b85c	0x590
0x29bdec	0x114
0x29bf00	0x174
0x29c074	0x44
0x29c0b8	0x74
0x29c12c	0x80c
0x29c938	0x83c
0x29d174	0xc8
0x29d23c	0xc4
0x29d300	0x21c
0x29d51c	0x240
0x29d75c	0x394
0x29daf0	0x484
0x29df74	0xd4
0x29e048	0xd8
0x29e120	0x5c4
0x29e6e4	0x6a0
0x29ed84	0x1d8
0x29ef5c	0x230
0x29f18c	0x84
0x29f210	0x84
0x29f294	0x3c
0x29f2d0	0x204
0x29f4d4	0x204
0x29f6d8	0x4c
0x29f724	0x198
0x29f8bc	0x3f8
0x29fcb4	0x21c
0x29fed0	0x130
0x2a0000	0x20
0x2a0020	0x298
0x2a02b8	0xc0
0x2a0378	0x60
0x2a03d8	0x20
0x2a03f8	0x18
0x2a0410	0xc
0x2a041c	0xc
0x2a0428	0x24
0x2a044c	0xf0
0x2a053c	0x108
0x2a0644	0x16c
0x2a07b0	0xe8
0x2a0898	0x94
0x2a092c	0x2a8
0x2a0bd4	0x3e0
0x2a0fb4	0x7c
0x2a1030	0xb8
0x2a10e8	0x18
0x2a1100	0x18
0x2a1118	0x18
0x2a1130	0x18
0x2a1148	0x18
0x2a1160	0x18
0x2a1178	0x18
0x2a1190	0x18
0x2a11a8	0x18
0x2a11c0	0x18
0x2a11d8	0x18
0x2a11f0	0x18
0x2a1208	0x18
0x2a1220	0x18
0x2a1238	0x18
0x2a1250	0x18
0x2a1268	0x18
0x2a1280	0x18
0x2a1298	0x18
0x2a12b0	0x18
0x2a12c8	0x18
0x2a12e0	0x18
0x2a12f8	0x18
0x2a1310	0x18
0x2a1328	0x18
0x2a1340	0x18
0x2a1358	0x18
0x2a1370	0x18
0x2a1388	0x18
0x2a13a0	0x18
0x2a13b8	0x18
0x2a13d0	0x18
0x2a13e8	0x18
0x2a1400	0x18
0x2a1418	0x18
0x2a1430	0x18
0x2a1448	0x18
0x2a1460	0x18
0x2a1478	0x18
0x2a1490	0x18
0x2a14a8	0x18
0x2a14c0	0x18
0x2a14d8	0x18
0x2a14f0	0x18
0x2a1508	0x18
0x2a1520	0x18
0x2a1538	0x18
0x2a1550	0x18
0x2a1568	0x18
0x2a1580	0x18
0x2a1598	0x18
0x2a15b0	0x18
0x2a15c8	0x18
0x2a15e0	0x18
0x2a15f8	0x18
0x2a1610	0x18
0x2a1628	0x18
0x2a1640	0x18
0x2a1658	0x18
0x2a1670	0x18
0x2a1688	0x18
0x2a16a0	0x18
0x2a16b8	0x18
0x2a16d0	0x18
0x2a16e8	0x18
0x2a1700	0x18
0x2a1718	0x18
0x2a1730	0x18
0x2a1748	0x18
0x2a1760	0x18
0x2a1778	0x18
0x2a1790	0x18
0x2a17a8	0x18
0x2a17c0	0x18
0x2a17d8	0x18
0x2a17f0	0x18
0x2a1808	0x18
0x2a1820	0x18
0x2a1838	0x18
0x2a1850	0x18
0x2a1868	0x18
0x2a1880	0x18
0x2a1898	0x18
0x2a18b0	0x18
0x2a18c8	0x18
0x2a18e0	0x18
0x2a18f8	0x18
0x2a1910	0x18
0x2a1928	0x18
0x2a1940	0x18
0x2a1958	0x18
0x2a1970	0x18
0x2a1988	0x18
0x2a19a0	0x18
0x2a19b8	0x18
0x2a19d0	0x18
0x2a19e8	0x18
0x2a1a00	0x18
0x2a1a18	0x18
0x2a1a30	0x18
0x2a1a48	0x18
0x2a1a60	0x18
0x2a1a78	0x18
0x2a1a90	0x18
0x2a1aa8	0x18
0x2a1ac0	0x18
0x2a1ad8	0x18
0x2a1af0	0x18
0x2a1b08	0x18
0x2a1b20	0x18
0x2a1b38	0x18
0x2a1b50	0x18
0x2a1b68	0x18
0x2a1b80	0x18
0x2a1b98	0x18
0x2a1bb0	0x18
0x2a1bc8	0x18
0x2a1be0	0x18
0x2a1bf8	0x18
0x2a1c10	0x18
0x2a1c28	0x18
0x2a1c40	0x18
0x2a1c58	0x18
0x2a1c70	0x18
0x2a1c88	0x18
0x2a1ca0	0x18
0x2a1cb8	0x18
0x2a1cd0	0x18
0x2a1ce8	0x18
0x2a1d00	0x18
0x2a1d18	0x18
0x2a1d30	0x18
0x2a1d48	0x18
0x2a1d60	0x18
0x2a1d78	0x18
0x2a1d90	0x18
0x2a1da8	0x18
0x2a1dc0	0x18
0x2a1dd8	0x18
0x2a1df0	0x18
0x2a1e08	0x18
0x2a1e20	0x18
0x2a1e38	0x18
0x2a1e50	0x18
0x2a1e68	0x18
0x2a1e80	0x18
0x2a1e98	0x18
0x2a1eb0	0x18
0x2a1ec8	0x18
0x2a1ee0	0x18
0x2a1ef8	0x18
0x2a1f10	0x18
0x2a1f28	0x18
0x2a1f40	0x18
0x2a1f58	0x18
0x2a1f70	0x18
0x2a1f88	0x18
0x2a1fa0	0x18
0x2a1fb8	0x18
0x2a1fd0	0x18
0x2a1fe8	0x18
0x2a2000	0x18
0x2a2018	0x18
0x2a2030	0x18
0x2a2048	0x18
0x2a2060	0x18
0x2a2078	0x18
0x2a2090	0x18
0x2a20a8	0x18
0x2a20c0	0x18
0x2a20d8	0x18
0x2a20f0	0x18
0x2a2108	0x18
0x2a2120	0x18
0x2a2138	0x18
0x2a2150	0x18
0x2a2168	0x18
0x2a2180	0x18
0x2a2198	0x18
0x2a21b0	0x18
0x2a21c8	0x18
0x2a21e0	0x18
0x2a21f8	0x18
0x2a2210	0x18
0x2a2228	0x18
0x2a2240	0x18
0x2a2258	0x18
0x2a2270	0x18
0x2a2288	0x18
0x2a22a0	0x18
0x2a22b8	0x18
0x2a22d0	0x18
0x2a22e8	0x18
0x2a2300	0x18
0x2a2318	0x18
0x2a2330	0x18
0x2a2348	0x18
0x2a2360	0x18
0x2a2378	0x18
0x2a2390	0x18
0x2a23a8	0x18
0x2a23c0	0x18
0x2a23d8	0x18
0x2a23f0	0x18
0x2a2408	0x18
0x2a2420	0x18
0x2a2438	0x18
0x2a2450	0x18
0x2a2468	0x18
0x2a2480	0x18
0x2a2498	0x18
0x2a24b0	0x18
0x2a24c8	0x18
0x2a24e0	0x18
0x2a24f8	0x18
0x2a2510	0x18
0x2a2528	0x18
0x2a2540	0x18
0x2a2558	0x18
0x2a2570	0x18
0x2a2588	0x18
0x2a25a0	0x18
0x2a25b8	0x18
0x2a25d0	0x18
0x2a25e8	0x18
0x2a2600	0x18
0x2a2618	0x18
0x2a2630	0x18
0x2a2648	0x18
0x2a2660	0x18
0x2a2678	0x18
0x2a2690	0x18
0x2a26a8	0x18
0x2a26c0	0x18
0x2a26d8	0x18
0x2a26f0	0x18
0x2a2708	0x18
0x2a2720	0x18
0x2a2738	0x18
0x2a2750	0x18
0x2a2768	0x18
0x2a2780	0x18
0x2a2798	0x18
0x2a27b0	0x18
0x2a27c8	0x18
0x2a27e0	0x18
0x2a27f8	0x18
0x2a2810	0x18
0x2a2828	0x18
0x2a2840	0x18
0x2a2858	0x18
0x2a2870	0x18
0x2a2888	0x18
0x2a28a0	0x18
0x2a28b8	0x18
0x2a28d0	0x18
0x2a28e8	0x18
0x2a2900	0x18
0x2a2918	0x18
0x2a2930	0x18
0x2a2948	0x18
0x2a2960	0x18
0x2a2978	0x18
0x2a2990	0x18
0x2a29a8	0x18
0x2a29c0	0x18
0x2a29d8	0x18
0x2a29f0	0x18
0x2a2a08	0x18
0x2a2a20	0x18
0x2a2a38	0x18
0x2a2a50	0x18
0x2a2a68	0x18
0x2a2a80	0x18
0x2a2a98	0x18
0x2a2ab0	0x18
0x2a2ac8	0x18
0x2a2ae0	0x18
0x2a2af8	0x18
0x2a2b10	0x18
0x2a2b28	0x18
0x2a2b40	0x18
0x2a2b58	0x18
0x2a2b70	0x18
0x2a2b88	0x18
0x2a2ba0	0x18
0x2a2bb8	0x18
0x2a2bd0	0x18
0x2a2be8	0x18
0x2a2c00	0x18
0x2a2c18	0x18
0x2a2c30	0x18
0x2a2c48	0x18
0x2a2c60	0x18
0x2a2c78	0x18
0x2a2c90	0x18
0x2a2ca8	0x18
0x2a2cc0	0x18
0x2a2cd8	0x18
0x2a2cf0	0x18
0x2a2d08	0x18
0x2a2d20	0x18
0x2a2d38	0x18
0x2a2d50	0x18
0x2a2d68	0x18
0x2a2d80	0x18
0x2a2d98	0x18
0x2a2db0	0x18
0x2a2dc8	0x18
0x2a2de0	0x18
0x2a2df8	0x18
0x2a2e10	0x18
0x2a2e28	0x18
0x2a2e40	0x18
0x2a2e58	0x18
0x2a2e70	0x18
0x2a2e88	0x18
0x2a2ea0	0x18
0x2a2eb8	0x18
0x2a2ed0	0x18
0x2a2ee8	0x18
0x2a2f00	0x18
0x2a2f18	0x18
0x2a2f30	0x18
0x2a2f48	0x18
0x2a2f60	0x18
0x2a2f78	0x18
0x2a2f90	0x18
0x2a2fa8	0x18
0x2a2fc0	0x18
0x2a2fd8	0x18
0x2a2ff0	0x18
0x2a3008	0x18
0x2a3020	0x18
0x2a3038	0x18
0x2a3050	0x18
0x2a3068	0x18
0x2a3080	0x18
0x2a3098	0x18
0x2a30b0	0x18
0x2a30c8	0x18
0x2a30e0	0x18
0x2a30f8	0x18
0x2a3110	0x18
0x2a3128	0x18
0x2a3140	0x18
0x2a3158	0x18
0x2a3170	0x18
0x2a3188	0x18
0x2a31a0	0x18
0x2a31b8	0x18
0x2a31d0	0x18
0x2a31e8	0x18
0x2a3200	0x18
0x2a3218	0x18
0x2a3230	0x18
0x2a3248	0x18
0x2a3260	0x18
0x2a3278	0x18
0x2a3290	0x18
0x2a32a8	0x18
0x2a32c0	0x18
0x2a32d8	0x38
0x2a3310	0x14
