# Reviewed binary operations; names are descriptive, not recovered source/linkage names.
# These observations do not map a source declaration, excuse a difference, or close any caller.
# Source names remain owned by ordinary declarations and MAC_ADDRESS annotations.
# Pinned Heroes PEF SHA-256: 650be8880cfda81ffa7704ce3bcdb9c5a6528f67afdf77c0c0c63e8259250d86
offset	size	sha256	category	operation	evidence
0x151ff4	0x98	9116e86876dd008710698463229b9732536d20909a94566bf87df29ccc52d6fb	game_variant	insertResourceCacheEntry	Scans 0x4000 eight-byte entries for a null resource, hashes resource+4 through 0x15216c, stores hash/pointer and increments count at +0x20000. Windows addToCache uses TCacheMap::insert.
0x15208c	0x5c	fb45cc950fd198414e4eb4617cca68d058ea49c33cfd33f6ac6ce1e8d15398a8	game_variant	removeResourceCacheEntry	Scans the same 0x4000-entry cache for pointer equality, clears both words and decrements count. resource::dispose calls it; Windows erases a TCacheMap iterator.
0x1520e8	0x84	138f0658617cacbac5318fe6db80b58e90db9dd5f63a091118fda9ef4b83876e	game_variant	findResourceCacheEntry	Hashes the name through 0x15216c, scans cached hashes, tests names with 0x26b018 and returns the resource. Windows getFromCache uses TCacheMap::find.
0x17cde8	0xb8	5fd3896da3f384f8bc45b7610eac5876c27fce550193d732ca440e8ece5042c9	game_variant	bubbleSortMapPointers	Adjacent pointer comparisons via callback r5 with two extra arguments; swaps when callback returns false, repeats until unchanged or count passes. Six sortMaps branches call it; Windows uses std::sort on records.
0x2181a0	0x18c	699dc34d57a1af53fbca8cee2bb4f0698c6bb919dd026d614257d5508a8b364f	game_variant	serviceMacMusicFades	Every 100 ticks updates three 0x5c-byte music records, adds volume delta, clamps or stops/pauses streams through 0x27e240/0x27df70/0x27e198, then updates the manager playback flag. serviceSounds forwards here.
0x21b7dc	0x4cc	748635bc5ad008157765e2b7a8de5b0c353b8c8648e463786e61e25cf7376408	game_variant	joinAppleTalkDialog	Builds one text-entry connection dialog, invokes hostSession and 0x21056c join; failure string explicitly says Error initializing AppleTalk connection.
0x21bca8	0x678	de68c2c8cf6fbc5a7c4b935dddaf3e05eda03e7f14034ffe52b86b2ab658eae7	game_variant	joinTcpDialog	Builds the alternate two-text-entry connection dialog, invokes hostSession, then passes entered address and second field to 0x21056c. onJoin selects this versus the AppleTalk dialog.
0x26afe8	0x30	a2c91da37cf66d08274196269a75c0eaac4cf149c5c936cd445a736eac776c61	shared_candidate	copyLowercaseAscii	Copies source r4 to destination r3 including terminator, folding A..Z by +32. Quest descriptions and startMP3 call it; Windows uses lowercase string operations.
0x26b018	0x30	944187f9ef30461ea3a7d3e2c3abe19635cf55db10c02e495e21fbbe4fb6017a	shared_candidate	stringsEqual	Compares bytes through the terminator and returns bool 0/1, unlike strcmp ordering. Used by cache lookup and MP3 name checks.
